expenditure_id,project_id,transaction_ref,amount,date,expenditure_type,status,source
1,PRJ-2026-0001,TXN-241385,23401538.45,2024-05-26,CIVIL_WORK,CLEARED,PFMS_MOCK
2,PRJ-2026-0001,TXN-767904,23401538.45,2024-06-25,CIVIL_WORK,CLEARED,PFMS_MOCK
3,PRJ-2026-0003,TXN-146080,20870731.96,2024-05-29,CIVIL_WORK,CLEARED,PFMS_MOCK
4,PRJ-2026-0004,TXN-790127,19148061.65,2024-04-23,CIVIL_WORK,CLEARED,PFMS_MOCK
5,PRJ-2026-0004,TXN-982842,19148061.65,2024-05-23,CIVIL_WORK,CLEARED,PFMS_MOCK
6,PRJ-2026-0004,TXN-934523,19148061.65,2024-06-22,CIVIL_WORK,CLEARED,PFMS_MOCK
7,PRJ-2026-0006,TXN-230052,14413373.57,2024-06-07,CIVIL_WORK,CLEARED,PFMS_MOCK
8,PRJ-2026-0006,TXN-981541,14413373.57,2024-07-07,CIVIL_WORK,CLEARED,PFMS_MOCK
9,PRJ-2026-0007,TXN-590582,26393144.25,2024-03-06,CIVIL_WORK,CLEARED,PFMS_MOCK
10,PRJ-2026-0007,TXN-259941,26393144.25,2024-04-05,CIVIL_WORK,CLEARED,PFMS_MOCK
11,PRJ-2026-0007,TXN-201650,26393144.25,2024-05-05,CIVIL_WORK,CLEARED,PFMS_MOCK
12,PRJ-2026-0010,TXN-680572,3862983.83,2024-04-17,CIVIL_WORK,CLEARED,PFMS_MOCK
13,PRJ-2026-0010,TXN-722168,3862983.83,2024-05-17,CIVIL_WORK,CLEARED,PFMS_MOCK
14,PRJ-2026-0011,TXN-215186,32378666.86,2024-06-10,CIVIL_WORK,CLEARED,PFMS_MOCK
15,PRJ-2026-0011,TXN-616107,32378666.86,2024-07-10,CIVIL_WORK,CLEARED,PFMS_MOCK
16,PRJ-2026-0011,TXN-352446,32378666.86,2024-08-09,CIVIL_WORK,CLEARED,PFMS_MOCK
17,PRJ-2026-0014,TXN-743902,8183161.1,2024-03-14,CIVIL_WORK,CLEARED,PFMS_MOCK
18,PRJ-2026-0015,TXN-235346,3250745.54,2024-03-24,CIVIL_WORK,CLEARED,PFMS_MOCK
19,PRJ-2026-0015,TXN-965384,3250745.54,2024-04-23,CIVIL_WORK,CLEARED,PFMS_MOCK
20,PRJ-2026-0016,TXN-813664,2523381.06,2024-04-28,CIVIL_WORK,CLEARED,PFMS_MOCK
21,PRJ-2026-0016,TXN-839460,2523381.06,2024-05-28,CIVIL_WORK,CLEARED,PFMS_MOCK
22,PRJ-2026-0016,TXN-426009,2523381.06,2024-06-27,CIVIL_WORK,CLEARED,PFMS_MOCK
23,PRJ-2026-0018,TXN-642776,20333692.05,2024-06-03,CIVIL_WORK,CLEARED,PFMS_MOCK
24,PRJ-2026-0018,TXN-847918,20333692.05,2024-07-03,CIVIL_WORK,CLEARED,PFMS_MOCK
25,PRJ-2026-0018,TXN-749302,20333692.05,2024-08-02,CIVIL_WORK,CLEARED,PFMS_MOCK
26,PRJ-2026-0019,TXN-966145,24836405.14,2024-03-26,CIVIL_WORK,CLEARED,PFMS_MOCK
27,PRJ-2026-0019,TXN-828253,24836405.14,2024-04-25,CIVIL_WORK,CLEARED,PFMS_MOCK
28,PRJ-2026-0019,TXN-100084,24836405.14,2024-05-25,CIVIL_WORK,CLEARED,PFMS_MOCK
29,PRJ-2026-0020,TXN-911370,34157632.76,2024-04-06,CIVIL_WORK,CLEARED,PFMS_MOCK
30,PRJ-2026-0021,TXN-209207,13247936.51,2024-05-01,CIVIL_WORK,CLEARED,PFMS_MOCK
31,PRJ-2026-0021,TXN-323519,13247936.51,2024-05-31,CIVIL_WORK,CLEARED,PFMS_MOCK
32,PRJ-2026-0021,TXN-639722,13247936.51,2024-06-30,CIVIL_WORK,CLEARED,PFMS_MOCK
33,PRJ-2026-0023,TXN-269805,10465571.2,2024-06-01,CIVIL_WORK,CLEARED,PFMS_MOCK
34,PRJ-2026-0023,TXN-410753,10465571.2,2024-07-01,CIVIL_WORK,CLEARED,PFMS_MOCK
35,PRJ-2026-0025,TXN-139757,27225128.61,2024-05-13,CIVIL_WORK,CLEARED,PFMS_MOCK
36,PRJ-2026-0025,TXN-510892,27225128.61,2024-06-12,CIVIL_WORK,CLEARED,PFMS_MOCK
37,PRJ-2026-0026,TXN-272306,87922255.65,2024-03-19,CIVIL_WORK,CLEARED,PFMS_MOCK
38,PRJ-2026-0028,TXN-890539,18371058.91,2024-06-03,CIVIL_WORK,CLEARED,PFMS_MOCK
39,PRJ-2026-0028,TXN-412599,18371058.91,2024-07-03,CIVIL_WORK,CLEARED,PFMS_MOCK
40,PRJ-2026-0028,TXN-577372,18371058.91,2024-08-02,CIVIL_WORK,CLEARED,PFMS_MOCK
41,PRJ-2026-0031,TXN-726987,26430505.16,2024-05-11,CIVIL_WORK,CLEARED,PFMS_MOCK
42,PRJ-2026-0031,TXN-384078,26430505.16,2024-06-10,CIVIL_WORK,CLEARED,PFMS_MOCK
43,PRJ-2026-0032,TXN-538315,31379663.22,2024-03-02,CIVIL_WORK,CLEARED,PFMS_MOCK
44,PRJ-2026-0032,TXN-347278,31379663.22,2024-04-01,CIVIL_WORK,CLEARED,PFMS_MOCK
45,PRJ-2026-0032,TXN-776666,31379663.22,2024-05-01,CIVIL_WORK,CLEARED,PFMS_MOCK
46,PRJ-2026-0033,TXN-172974,9563224.02,2024-02-25,CIVIL_WORK,CLEARED,PFMS_MOCK
47,PRJ-2026-0033,TXN-143516,9563224.02,2024-03-26,CIVIL_WORK,CLEARED,PFMS_MOCK
48,PRJ-2026-0033,TXN-867282,9563224.02,2024-04-25,CIVIL_WORK,CLEARED,PFMS_MOCK
49,PRJ-2026-0034,TXN-641432,63454762.13,2024-03-14,CIVIL_WORK,CLEARED,PFMS_MOCK
50,PRJ-2026-0037,TXN-596120,6712563.93,2024-03-25,CIVIL_WORK,CLEARED,PFMS_MOCK
51,PRJ-2026-0037,TXN-815824,6712563.93,2024-04-24,CIVIL_WORK,CLEARED,PFMS_MOCK
52,PRJ-2026-0038,TXN-394452,33652913.75,2024-06-01,CIVIL_WORK,CLEARED,PFMS_MOCK
53,PRJ-2026-0038,TXN-355204,33652913.75,2024-07-01,CIVIL_WORK,CLEARED,PFMS_MOCK
54,PRJ-2026-0040,TXN-320850,3901507.96,2024-04-26,CIVIL_WORK,CLEARED,PFMS_MOCK
55,PRJ-2026-0040,TXN-816941,3901507.96,2024-05-26,CIVIL_WORK,CLEARED,PFMS_MOCK
56,PRJ-2026-0040,TXN-709607,3901507.96,2024-06-25,CIVIL_WORK,CLEARED,PFMS_MOCK
57,PRJ-2026-0041,TXN-694500,26712789.81,2024-05-19,CIVIL_WORK,CLEARED,PFMS_MOCK
58,PRJ-2026-0041,TXN-860131,26712789.81,2024-06-18,CIVIL_WORK,CLEARED,PFMS_MOCK
59,PRJ-2026-0042,TXN-883863,4742351.62,2024-05-02,CIVIL_WORK,CLEARED,PFMS_MOCK
60,PRJ-2026-0042,TXN-591269,4742351.62,2024-06-01,CIVIL_WORK,CLEARED,PFMS_MOCK
61,PRJ-2026-0042,TXN-550277,4742351.62,2024-07-01,CIVIL_WORK,CLEARED,PFMS_MOCK
62,PRJ-2026-0044,TXN-134887,12145440.68,2024-03-13,CIVIL_WORK,CLEARED,PFMS_MOCK
63,PRJ-2026-0044,TXN-559237,12145440.68,2024-04-12,CIVIL_WORK,CLEARED,PFMS_MOCK
64,PRJ-2026-0045,TXN-334954,42024704.52,2024-06-08,CIVIL_WORK,CLEARED,PFMS_MOCK
65,PRJ-2026-0048,TXN-287593,4246223.52,2024-05-11,CIVIL_WORK,CLEARED,PFMS_MOCK
66,PRJ-2026-0048,TXN-827530,4246223.52,2024-06-10,CIVIL_WORK,CLEARED,PFMS_MOCK
67,PRJ-2026-0049,TXN-560667,32874472.69,2024-05-11,CIVIL_WORK,CLEARED,PFMS_MOCK
68,PRJ-2026-0050,TXN-706193,20988058.25,2024-05-14,CIVIL_WORK,CLEARED,PFMS_MOCK
69,PRJ-2026-0050,TXN-898188,20988058.25,2024-06-13,CIVIL_WORK,CLEARED,PFMS_MOCK
70,PRJ-2026-0051,TXN-613106,33723261.78,2024-06-18,CIVIL_WORK,CLEARED,PFMS_MOCK
71,PRJ-2026-0052,TXN-498410,27175188.8,2024-03-31,CIVIL_WORK,CLEARED,PFMS_MOCK
72,PRJ-2026-0052,TXN-549416,27175188.8,2024-04-30,CIVIL_WORK,CLEARED,PFMS_MOCK
73,PRJ-2026-0052,TXN-763479,27175188.8,2024-05-30,CIVIL_WORK,CLEARED,PFMS_MOCK
74,PRJ-2026-0053,TXN-795996,28497155.22,2024-04-27,CIVIL_WORK,CLEARED,PFMS_MOCK
75,PRJ-2026-0054,TXN-734919,14838351.58,2024-02-28,CIVIL_WORK,CLEARED,PFMS_MOCK
76,PRJ-2026-0054,TXN-256977,14838351.58,2024-03-29,CIVIL_WORK,CLEARED,PFMS_MOCK
77,PRJ-2026-0056,TXN-307965,3633124.5,2024-04-01,CIVIL_WORK,CLEARED,PFMS_MOCK
78,PRJ-2026-0056,TXN-259428,3633124.5,2024-05-01,CIVIL_WORK,CLEARED,PFMS_MOCK
79,PRJ-2026-0058,TXN-398192,15562440.98,2024-03-18,CIVIL_WORK,CLEARED,PFMS_MOCK
80,PRJ-2026-0058,TXN-244462,15562440.98,2024-04-17,CIVIL_WORK,CLEARED,PFMS_MOCK
81,PRJ-2026-0058,TXN-884433,15562440.98,2024-05-17,CIVIL_WORK,CLEARED,PFMS_MOCK
82,PRJ-2026-0060,TXN-557600,19083550.98,2024-04-05,CIVIL_WORK,CLEARED,PFMS_MOCK
83,PRJ-2026-0061,TXN-481408,21946133.12,2024-06-16,CIVIL_WORK,CLEARED,PFMS_MOCK
84,PRJ-2026-0061,TXN-277770,21946133.12,2024-07-16,CIVIL_WORK,CLEARED,PFMS_MOCK
85,PRJ-2026-0062,TXN-832539,4882246.71,2024-05-24,CIVIL_WORK,CLEARED,PFMS_MOCK
86,PRJ-2026-0062,TXN-688399,4882246.71,2024-06-23,CIVIL_WORK,CLEARED,PFMS_MOCK
87,PRJ-2026-0062,TXN-130194,4882246.71,2024-07-23,CIVIL_WORK,CLEARED,PFMS_MOCK
88,PRJ-2026-0063,TXN-241152,24248466.7,2024-04-14,CIVIL_WORK,CLEARED,PFMS_MOCK
89,PRJ-2026-0064,TXN-772563,3983589.04,2024-04-09,CIVIL_WORK,CLEARED,PFMS_MOCK
90,PRJ-2026-0064,TXN-285517,3983589.04,2024-05-09,CIVIL_WORK,CLEARED,PFMS_MOCK
91,PRJ-2026-0066,TXN-368598,2030738.91,2024-05-12,CIVIL_WORK,CLEARED,PFMS_MOCK
92,PRJ-2026-0066,TXN-444250,2030738.91,2024-06-11,CIVIL_WORK,CLEARED,PFMS_MOCK
93,PRJ-2026-0066,TXN-316382,2030738.91,2024-07-11,CIVIL_WORK,CLEARED,PFMS_MOCK
94,PRJ-2026-0067,TXN-764675,21295660.73,2024-03-25,CIVIL_WORK,CLEARED,PFMS_MOCK
95,PRJ-2026-0067,TXN-499694,21295660.73,2024-04-24,CIVIL_WORK,CLEARED,PFMS_MOCK
96,PRJ-2026-0069,TXN-814775,9494056.37,2024-03-08,CIVIL_WORK,CLEARED,PFMS_MOCK
97,PRJ-2026-0069,TXN-340866,9494056.37,2024-04-07,CIVIL_WORK,CLEARED,PFMS_MOCK
98,PRJ-2026-0072,TXN-806328,11410482.7,2024-05-18,CIVIL_WORK,CLEARED,PFMS_MOCK
99,PRJ-2026-0072,TXN-814289,11410482.7,2024-06-17,CIVIL_WORK,CLEARED,PFMS_MOCK
100,PRJ-2026-0072,TXN-502260,11410482.7,2024-07-17,CIVIL_WORK,CLEARED,PFMS_MOCK
101,PRJ-2026-0073,TXN-409809,8286737.45,2024-05-14,CIVIL_WORK,CLEARED,PFMS_MOCK
102,PRJ-2026-0073,TXN-667652,8286737.45,2024-06-13,CIVIL_WORK,CLEARED,PFMS_MOCK
103,PRJ-2026-0077,TXN-651996,36279669.16,2024-05-26,CIVIL_WORK,CLEARED,PFMS_MOCK
104,PRJ-2026-0078,TXN-267303,16428701.93,2024-04-02,CIVIL_WORK,CLEARED,PFMS_MOCK
105,PRJ-2026-0079,TXN-196965,2714318.28,2024-05-09,CIVIL_WORK,CLEARED,PFMS_MOCK
106,PRJ-2026-0079,TXN-640437,2714318.28,2024-06-08,CIVIL_WORK,CLEARED,PFMS_MOCK
107,PRJ-2026-0079,TXN-873251,2714318.28,2024-07-08,CIVIL_WORK,CLEARED,PFMS_MOCK
108,PRJ-2026-0080,TXN-175572,41226426.23,2024-04-14,CIVIL_WORK,CLEARED,PFMS_MOCK
109,PRJ-2026-0082,TXN-953380,27378817.43,2024-03-04,CIVIL_WORK,CLEARED,PFMS_MOCK
110,PRJ-2026-0082,TXN-801785,27378817.43,2024-04-03,CIVIL_WORK,CLEARED,PFMS_MOCK
111,PRJ-2026-0085,TXN-617817,2580145.37,2024-03-06,CIVIL_WORK,CLEARED,PFMS_MOCK
112,PRJ-2026-0085,TXN-818629,2580145.37,2024-04-05,CIVIL_WORK,CLEARED,PFMS_MOCK
113,PRJ-2026-0085,TXN-826814,2580145.37,2024-05-05,CIVIL_WORK,CLEARED,PFMS_MOCK
114,PRJ-2026-0086,TXN-754161,28132961.49,2024-03-16,CIVIL_WORK,CLEARED,PFMS_MOCK
115,PRJ-2026-0086,TXN-805004,28132961.49,2024-04-15,CIVIL_WORK,CLEARED,PFMS_MOCK
116,PRJ-2026-0087,TXN-689381,26487758.9,2024-05-14,CIVIL_WORK,CLEARED,PFMS_MOCK
117,PRJ-2026-0092,TXN-213265,63606341.17,2024-06-14,CIVIL_WORK,CLEARED,PFMS_MOCK
118,PRJ-2026-0092,TXN-210586,63606341.17,2024-07-14,CIVIL_WORK,CLEARED,PFMS_MOCK
119,PRJ-2026-0093,TXN-417908,4300378.22,2024-05-05,CIVIL_WORK,CLEARED,PFMS_MOCK
120,PRJ-2026-0093,TXN-187571,4300378.22,2024-06-04,CIVIL_WORK,CLEARED,PFMS_MOCK
121,PRJ-2026-0094,TXN-955305,7770274.52,2024-03-31,CIVIL_WORK,CLEARED,PFMS_MOCK
122,PRJ-2026-0094,TXN-683024,7770274.52,2024-04-30,CIVIL_WORK,CLEARED,PFMS_MOCK
123,PRJ-2026-0096,TXN-962431,3761333.1,2024-03-16,CIVIL_WORK,CLEARED,PFMS_MOCK
124,PRJ-2026-0096,TXN-611029,3761333.1,2024-04-15,CIVIL_WORK,CLEARED,PFMS_MOCK
125,PRJ-2026-0096,TXN-145146,3761333.1,2024-05-15,CIVIL_WORK,CLEARED,PFMS_MOCK
126,PRJ-2026-0097,TXN-843761,14143791.07,2024-06-07,CIVIL_WORK,CLEARED,PFMS_MOCK
127,PRJ-2026-0097,TXN-512488,14143791.07,2024-07-07,CIVIL_WORK,CLEARED,PFMS_MOCK
128,PRJ-2026-0099,TXN-801948,13615504.62,2024-05-18,CIVIL_WORK,CLEARED,PFMS_MOCK
129,PRJ-2026-0099,TXN-615637,13615504.62,2024-06-17,CIVIL_WORK,CLEARED,PFMS_MOCK
130,PRJ-2026-0099,TXN-517369,13615504.62,2024-07-17,CIVIL_WORK,CLEARED,PFMS_MOCK
131,PRJ-2026-0100,TXN-881317,2222312.23,2024-04-08,CIVIL_WORK,CLEARED,PFMS_MOCK
132,PRJ-2026-0100,TXN-485594,2222312.23,2024-05-08,CIVIL_WORK,CLEARED,PFMS_MOCK
133,PRJ-2026-0100,TXN-674621,2222312.23,2024-06-07,CIVIL_WORK,CLEARED,PFMS_MOCK
134,PRJ-2026-0101,TXN-328021,59840766.11,2024-04-14,CIVIL_WORK,CLEARED,PFMS_MOCK
135,PRJ-2026-0102,TXN-406209,45279113.82,2024-04-20,CIVIL_WORK,CLEARED,PFMS_MOCK
136,PRJ-2026-0102,TXN-714605,45279113.82,2024-05-20,CIVIL_WORK,CLEARED,PFMS_MOCK
137,PRJ-2026-0102,TXN-968388,45279113.82,2024-06-19,CIVIL_WORK,CLEARED,PFMS_MOCK
138,PRJ-2026-0103,TXN-180431,17400724.39,2024-05-12,CIVIL_WORK,CLEARED,PFMS_MOCK
139,PRJ-2026-0103,TXN-498257,17400724.39,2024-06-11,CIVIL_WORK,CLEARED,PFMS_MOCK
140,PRJ-2026-0104,TXN-264705,17276998.81,2024-05-20,CIVIL_WORK,CLEARED,PFMS_MOCK
141,PRJ-2026-0104,TXN-110413,17276998.81,2024-06-19,CIVIL_WORK,CLEARED,PFMS_MOCK
142,PRJ-2026-0109,TXN-715828,17152521.77,2024-06-14,CIVIL_WORK,CLEARED,PFMS_MOCK
143,PRJ-2026-0109,TXN-459317,17152521.77,2024-07-14,CIVIL_WORK,CLEARED,PFMS_MOCK
144,PRJ-2026-0109,TXN-426238,17152521.77,2024-08-13,CIVIL_WORK,CLEARED,PFMS_MOCK
145,PRJ-2026-0112,TXN-870047,7435791.8,2024-04-23,CIVIL_WORK,CLEARED,PFMS_MOCK
146,PRJ-2026-0112,TXN-230705,7435791.8,2024-05-23,CIVIL_WORK,CLEARED,PFMS_MOCK
147,PRJ-2026-0112,TXN-572802,7435791.8,2024-06-22,CIVIL_WORK,CLEARED,PFMS_MOCK
148,PRJ-2026-0113,TXN-146710,69720921.75,2024-05-25,CIVIL_WORK,CLEARED,PFMS_MOCK
149,PRJ-2026-0113,TXN-194625,69720921.75,2024-06-24,CIVIL_WORK,CLEARED,PFMS_MOCK
150,PRJ-2026-0115,TXN-334784,50219908.12,2024-03-06,CIVIL_WORK,CLEARED,PFMS_MOCK
151,PRJ-2026-0116,TXN-988799,3207079.65,2024-06-12,CIVIL_WORK,CLEARED,PFMS_MOCK
152,PRJ-2026-0116,TXN-841141,3207079.65,2024-07-12,CIVIL_WORK,CLEARED,PFMS_MOCK
153,PRJ-2026-0116,TXN-826156,3207079.65,2024-08-11,CIVIL_WORK,CLEARED,PFMS_MOCK
154,PRJ-2026-0117,TXN-563899,20294268.26,2024-05-25,CIVIL_WORK,CLEARED,PFMS_MOCK
155,PRJ-2026-0119,TXN-267082,2509251.55,2024-03-14,CIVIL_WORK,CLEARED,PFMS_MOCK
156,PRJ-2026-0119,TXN-522633,2509251.55,2024-04-13,CIVIL_WORK,CLEARED,PFMS_MOCK
157,PRJ-2026-0119,TXN-949320,2509251.55,2024-05-13,CIVIL_WORK,CLEARED,PFMS_MOCK
158,PRJ-2026-0122,TXN-148335,32928712.29,2024-05-11,CIVIL_WORK,CLEARED,PFMS_MOCK
159,PRJ-2026-0122,TXN-502960,32928712.29,2024-06-10,CIVIL_WORK,CLEARED,PFMS_MOCK
160,PRJ-2026-0126,TXN-842952,12043238.02,2024-06-03,CIVIL_WORK,CLEARED,PFMS_MOCK
161,PRJ-2026-0126,TXN-469587,12043238.02,2024-07-03,CIVIL_WORK,CLEARED,PFMS_MOCK
162,PRJ-2026-0127,TXN-242255,99346695.69,2024-03-01,CIVIL_WORK,CLEARED,PFMS_MOCK
163,PRJ-2026-0128,TXN-190776,18786838.69,2024-04-14,CIVIL_WORK,CLEARED,PFMS_MOCK
164,PRJ-2026-0130,TXN-915260,8111911.44,2024-05-19,CIVIL_WORK,CLEARED,PFMS_MOCK
165,PRJ-2026-0130,TXN-607479,8111911.44,2024-06-18,CIVIL_WORK,CLEARED,PFMS_MOCK
166,PRJ-2026-0130,TXN-314986,8111911.44,2024-07-18,CIVIL_WORK,CLEARED,PFMS_MOCK
167,PRJ-2026-0133,TXN-364642,38535948.34,2024-06-05,CIVIL_WORK,CLEARED,PFMS_MOCK
168,PRJ-2026-0133,TXN-891296,38535948.34,2024-07-05,CIVIL_WORK,CLEARED,PFMS_MOCK
169,PRJ-2026-0133,TXN-503463,38535948.34,2024-08-04,CIVIL_WORK,CLEARED,PFMS_MOCK
170,PRJ-2026-0134,TXN-798628,5711662.15,2024-04-06,CIVIL_WORK,CLEARED,PFMS_MOCK
171,PRJ-2026-0134,TXN-254094,5711662.15,2024-05-06,CIVIL_WORK,CLEARED,PFMS_MOCK
172,PRJ-2026-0134,TXN-997260,5711662.15,2024-06-05,CIVIL_WORK,CLEARED,PFMS_MOCK
173,PRJ-2026-0135,TXN-503376,30613636.53,2024-05-22,CIVIL_WORK,CLEARED,PFMS_MOCK
174,PRJ-2026-0135,TXN-960207,30613636.53,2024-06-21,CIVIL_WORK,CLEARED,PFMS_MOCK
175,PRJ-2026-0135,TXN-212622,30613636.53,2024-07-21,CIVIL_WORK,CLEARED,PFMS_MOCK
176,PRJ-2026-0138,TXN-356969,2247999.85,2024-04-19,CIVIL_WORK,CLEARED,PFMS_MOCK
177,PRJ-2026-0138,TXN-756251,2247999.85,2024-05-19,CIVIL_WORK,CLEARED,PFMS_MOCK
178,PRJ-2026-0138,TXN-570488,2247999.85,2024-06-18,CIVIL_WORK,CLEARED,PFMS_MOCK
179,PRJ-2026-0139,TXN-403897,14693690.97,2024-05-28,CIVIL_WORK,CLEARED,PFMS_MOCK
180,PRJ-2026-0139,TXN-951500,14693690.97,2024-06-27,CIVIL_WORK,CLEARED,PFMS_MOCK
181,PRJ-2026-0139,TXN-876075,14693690.97,2024-07-27,CIVIL_WORK,CLEARED,PFMS_MOCK
182,PRJ-2026-0140,TXN-326098,10428659.74,2024-04-08,CIVIL_WORK,CLEARED,PFMS_MOCK
183,PRJ-2026-0140,TXN-410013,10428659.74,2024-05-08,CIVIL_WORK,CLEARED,PFMS_MOCK
184,PRJ-2026-0141,TXN-731182,8655583.91,2024-03-23,CIVIL_WORK,CLEARED,PFMS_MOCK
185,PRJ-2026-0141,TXN-998206,8655583.91,2024-04-22,CIVIL_WORK,CLEARED,PFMS_MOCK
186,PRJ-2026-0143,TXN-640088,9518271.13,2024-04-18,CIVIL_WORK,CLEARED,PFMS_MOCK
187,PRJ-2026-0143,TXN-937280,9518271.13,2024-05-18,CIVIL_WORK,CLEARED,PFMS_MOCK
188,PRJ-2026-0144,TXN-271290,46650333.43,2024-04-23,CIVIL_WORK,CLEARED,PFMS_MOCK
189,PRJ-2026-0147,TXN-844058,9259397.46,2024-05-06,CIVIL_WORK,CLEARED,PFMS_MOCK
190,PRJ-2026-0147,TXN-553030,9259397.46,2024-06-05,CIVIL_WORK,CLEARED,PFMS_MOCK
191,PRJ-2026-0150,TXN-593307,25159983.16,2024-05-19,CIVIL_WORK,CLEARED,PFMS_MOCK
192,PRJ-2026-0151,TXN-422536,9286173.34,2024-03-30,CIVIL_WORK,CLEARED,PFMS_MOCK
193,PRJ-2026-0152,TXN-296539,4838483.73,2024-03-09,CIVIL_WORK,CLEARED,PFMS_MOCK
194,PRJ-2026-0152,TXN-773760,4838483.73,2024-04-08,CIVIL_WORK,CLEARED,PFMS_MOCK
195,PRJ-2026-0152,TXN-609611,4838483.73,2024-05-08,CIVIL_WORK,CLEARED,PFMS_MOCK
196,PRJ-2026-0153,TXN-453901,5090150.93,2024-06-07,CIVIL_WORK,CLEARED,PFMS_MOCK
197,PRJ-2026-0153,TXN-566681,5090150.93,2024-07-07,CIVIL_WORK,CLEARED,PFMS_MOCK
198,PRJ-2026-0153,TXN-267028,5090150.93,2024-08-06,CIVIL_WORK,CLEARED,PFMS_MOCK
199,PRJ-2026-0154,TXN-480775,42104550.62,2024-03-28,CIVIL_WORK,CLEARED,PFMS_MOCK
200,PRJ-2026-0155,TXN-512828,56713897.91,2024-05-09,CIVIL_WORK,CLEARED,PFMS_MOCK
201,PRJ-2026-0157,TXN-706831,97789820.78,2024-06-10,CIVIL_WORK,CLEARED,PFMS_MOCK
202,PRJ-2026-0160,TXN-240857,25286410.59,2024-04-07,CIVIL_WORK,CLEARED,PFMS_MOCK
203,PRJ-2026-0160,TXN-534667,25286410.59,2024-05-07,CIVIL_WORK,CLEARED,PFMS_MOCK
204,PRJ-2026-0160,TXN-267329,25286410.59,2024-06-06,CIVIL_WORK,CLEARED,PFMS_MOCK
205,PRJ-2026-0161,TXN-784551,18799721.66,2024-03-23,CIVIL_WORK,CLEARED,PFMS_MOCK
206,PRJ-2026-0161,TXN-113665,18799721.66,2024-04-22,CIVIL_WORK,CLEARED,PFMS_MOCK
207,PRJ-2026-0162,TXN-655016,26250531.75,2024-06-07,CIVIL_WORK,CLEARED,PFMS_MOCK
208,PRJ-2026-0165,TXN-154345,53325637.29,2024-03-04,CIVIL_WORK,CLEARED,PFMS_MOCK
209,PRJ-2026-0167,TXN-332818,20563072.42,2024-03-13,CIVIL_WORK,CLEARED,PFMS_MOCK
210,PRJ-2026-0168,TXN-690244,8160125.89,2024-04-09,CIVIL_WORK,CLEARED,PFMS_MOCK
211,PRJ-2026-0168,TXN-957065,8160125.89,2024-05-09,CIVIL_WORK,CLEARED,PFMS_MOCK
212,PRJ-2026-0168,TXN-138068,8160125.89,2024-06-08,CIVIL_WORK,CLEARED,PFMS_MOCK
213,PRJ-2026-0169,TXN-764054,54695169.22,2024-03-06,CIVIL_WORK,CLEARED,PFMS_MOCK
214,PRJ-2026-0170,TXN-965262,9604868.69,2024-05-27,CIVIL_WORK,CLEARED,PFMS_MOCK
215,PRJ-2026-0170,TXN-538200,9604868.69,2024-06-26,CIVIL_WORK,CLEARED,PFMS_MOCK
216,PRJ-2026-0171,TXN-115198,15793921.77,2024-05-04,CIVIL_WORK,CLEARED,PFMS_MOCK
217,PRJ-2026-0172,TXN-646854,30851073.53,2024-05-16,CIVIL_WORK,CLEARED,PFMS_MOCK
218,PRJ-2026-0172,TXN-329530,30851073.53,2024-06-15,CIVIL_WORK,CLEARED,PFMS_MOCK
219,PRJ-2026-0172,TXN-353426,30851073.53,2024-07-15,CIVIL_WORK,CLEARED,PFMS_MOCK
220,PRJ-2026-0174,TXN-530668,9201543.07,2024-03-25,CIVIL_WORK,CLEARED,PFMS_MOCK
221,PRJ-2026-0174,TXN-314368,9201543.07,2024-04-24,CIVIL_WORK,CLEARED,PFMS_MOCK
222,PRJ-2026-0175,TXN-844643,26738725.78,2024-04-16,CIVIL_WORK,CLEARED,PFMS_MOCK
223,PRJ-2026-0175,TXN-974849,26738725.78,2024-05-16,CIVIL_WORK,CLEARED,PFMS_MOCK
224,PRJ-2026-0176,TXN-452657,24202700.31,2024-05-22,CIVIL_WORK,CLEARED,PFMS_MOCK
225,PRJ-2026-0176,TXN-653654,24202700.31,2024-06-21,CIVIL_WORK,CLEARED,PFMS_MOCK
226,PRJ-2026-0177,TXN-553636,8610397.94,2024-04-25,CIVIL_WORK,CLEARED,PFMS_MOCK
227,PRJ-2026-0177,TXN-162250,8610397.94,2024-05-25,CIVIL_WORK,CLEARED,PFMS_MOCK
228,PRJ-2026-0177,TXN-100191,8610397.94,2024-06-24,CIVIL_WORK,CLEARED,PFMS_MOCK
229,PRJ-2026-0178,TXN-588861,19818218.05,2024-05-25,CIVIL_WORK,CLEARED,PFMS_MOCK
230,PRJ-2026-0178,TXN-961752,19818218.05,2024-06-24,CIVIL_WORK,CLEARED,PFMS_MOCK
231,PRJ-2026-0182,TXN-501797,6187623.63,2024-05-12,CIVIL_WORK,CLEARED,PFMS_MOCK
232,PRJ-2026-0183,TXN-902486,19947358.36,2024-05-02,CIVIL_WORK,CLEARED,PFMS_MOCK
233,PRJ-2026-0187,TXN-119704,34291983.32,2024-05-30,CIVIL_WORK,CLEARED,PFMS_MOCK
234,PRJ-2026-0187,TXN-322389,34291983.32,2024-06-29,CIVIL_WORK,CLEARED,PFMS_MOCK
235,PRJ-2026-0187,TXN-978732,34291983.32,2024-07-29,CIVIL_WORK,CLEARED,PFMS_MOCK
236,PRJ-2026-0188,TXN-583137,7658982.78,2024-06-11,CIVIL_WORK,CLEARED,PFMS_MOCK
237,PRJ-2026-0188,TXN-235337,7658982.78,2024-07-11,CIVIL_WORK,CLEARED,PFMS_MOCK
238,PRJ-2026-0188,TXN-975329,7658982.78,2024-08-10,CIVIL_WORK,CLEARED,PFMS_MOCK
239,PRJ-2026-0190,TXN-142384,7960739.12,2024-05-21,CIVIL_WORK,CLEARED,PFMS_MOCK
240,PRJ-2026-0190,TXN-839779,7960739.12,2024-06-20,CIVIL_WORK,CLEARED,PFMS_MOCK
241,PRJ-2026-0190,TXN-856051,7960739.12,2024-07-20,CIVIL_WORK,CLEARED,PFMS_MOCK
242,PRJ-2026-0192,TXN-761349,63611350.65,2024-04-16,CIVIL_WORK,CLEARED,PFMS_MOCK
243,PRJ-2026-0193,TXN-638251,2996601.65,2024-04-18,CIVIL_WORK,CLEARED,PFMS_MOCK
244,PRJ-2026-0193,TXN-789848,2996601.65,2024-05-18,CIVIL_WORK,CLEARED,PFMS_MOCK
245,PRJ-2026-0193,TXN-504295,2996601.65,2024-06-17,CIVIL_WORK,CLEARED,PFMS_MOCK
246,PRJ-2026-0194,TXN-871586,26673493.48,2024-04-01,CIVIL_WORK,CLEARED,PFMS_MOCK
247,PRJ-2026-0194,TXN-962988,26673493.48,2024-05-01,CIVIL_WORK,CLEARED,PFMS_MOCK
248,PRJ-2026-0197,TXN-854135,14505499.42,2024-03-22,CIVIL_WORK,CLEARED,PFMS_MOCK
249,PRJ-2026-0197,TXN-818110,14505499.42,2024-04-21,CIVIL_WORK,CLEARED,PFMS_MOCK
250,PRJ-2026-0197,TXN-327523,14505499.42,2024-05-21,CIVIL_WORK,CLEARED,PFMS_MOCK
251,PRJ-2026-0198,TXN-217366,15566888.06,2024-05-20,CIVIL_WORK,CLEARED,PFMS_MOCK
252,PRJ-2026-0200,TXN-632674,24025158.69,2024-03-06,CIVIL_WORK,CLEARED,PFMS_MOCK
253,PRJ-2026-0200,TXN-672552,24025158.69,2024-04-05,CIVIL_WORK,CLEARED,PFMS_MOCK
254,PRJ-2026-0203,TXN-543444,5318612.67,2024-03-20,CIVIL_WORK,CLEARED,PFMS_MOCK
255,PRJ-2026-0203,TXN-511644,5318612.67,2024-04-19,CIVIL_WORK,CLEARED,PFMS_MOCK
256,PRJ-2026-0203,TXN-347291,5318612.67,2024-05-19,CIVIL_WORK,CLEARED,PFMS_MOCK
257,PRJ-2026-0205,TXN-162072,68649348.86,2024-05-12,CIVIL_WORK,CLEARED,PFMS_MOCK
258,PRJ-2026-0207,TXN-511796,10159559.84,2024-03-21,CIVIL_WORK,CLEARED,PFMS_MOCK
259,PRJ-2026-0207,TXN-295040,10159559.84,2024-04-20,CIVIL_WORK,CLEARED,PFMS_MOCK
260,PRJ-2026-0208,TXN-756589,3498442.19,2024-04-07,CIVIL_WORK,CLEARED,PFMS_MOCK
261,PRJ-2026-0208,TXN-901163,3498442.19,2024-05-07,CIVIL_WORK,CLEARED,PFMS_MOCK
262,PRJ-2026-0209,TXN-592073,5790426.88,2024-04-21,CIVIL_WORK,CLEARED,PFMS_MOCK
263,PRJ-2026-0210,TXN-755228,10986599.84,2024-04-03,CIVIL_WORK,CLEARED,PFMS_MOCK
264,PRJ-2026-0210,TXN-465441,10986599.84,2024-05-03,CIVIL_WORK,CLEARED,PFMS_MOCK
265,PRJ-2026-0210,TXN-885303,10986599.84,2024-06-02,CIVIL_WORK,CLEARED,PFMS_MOCK
266,PRJ-2026-0211,TXN-619619,12123303.69,2024-04-01,CIVIL_WORK,CLEARED,PFMS_MOCK
267,PRJ-2026-0214,TXN-622267,22985473.4,2024-05-18,CIVIL_WORK,CLEARED,PFMS_MOCK
268,PRJ-2026-0216,TXN-507620,1662500.0,2024-06-10,CIVIL_WORK,CLEARED,PFMS_MOCK
269,PRJ-2026-0217,TXN-358755,3437066.19,2024-03-01,CIVIL_WORK,CLEARED,PFMS_MOCK
270,PRJ-2026-0217,TXN-470718,3437066.19,2024-03-31,CIVIL_WORK,CLEARED,PFMS_MOCK
271,PRJ-2026-0218,TXN-673864,42561077.75,2024-06-06,CIVIL_WORK,CLEARED,PFMS_MOCK
272,PRJ-2026-0218,TXN-876024,42561077.75,2024-07-06,CIVIL_WORK,CLEARED,PFMS_MOCK
273,PRJ-2026-0219,TXN-106820,27319856.59,2024-03-22,CIVIL_WORK,CLEARED,PFMS_MOCK
274,PRJ-2026-0220,TXN-974073,10757069.62,2024-03-12,CIVIL_WORK,CLEARED,PFMS_MOCK
275,PRJ-2026-0220,TXN-752569,10757069.62,2024-04-11,CIVIL_WORK,CLEARED,PFMS_MOCK
276,PRJ-2026-0220,TXN-112298,10757069.62,2024-05-11,CIVIL_WORK,CLEARED,PFMS_MOCK
277,PRJ-2026-0222,TXN-182762,2883587.77,2024-03-31,CIVIL_WORK,CLEARED,PFMS_MOCK
278,PRJ-2026-0222,TXN-499608,2883587.77,2024-04-30,CIVIL_WORK,CLEARED,PFMS_MOCK
279,PRJ-2026-0222,TXN-336604,2883587.77,2024-05-30,CIVIL_WORK,CLEARED,PFMS_MOCK
280,PRJ-2026-0223,TXN-473764,28566985.39,2024-06-11,CIVIL_WORK,CLEARED,PFMS_MOCK
281,PRJ-2026-0224,TXN-310566,47829821.23,2024-06-04,CIVIL_WORK,CLEARED,PFMS_MOCK
282,PRJ-2026-0224,TXN-292349,47829821.23,2024-07-04,CIVIL_WORK,CLEARED,PFMS_MOCK
283,PRJ-2026-0225,TXN-640814,35692945.34,2024-05-08,CIVIL_WORK,CLEARED,PFMS_MOCK
284,PRJ-2026-0225,TXN-644935,35692945.34,2024-06-07,CIVIL_WORK,CLEARED,PFMS_MOCK
285,PRJ-2026-0226,TXN-188534,18599558.61,2024-03-13,CIVIL_WORK,CLEARED,PFMS_MOCK
286,PRJ-2026-0226,TXN-545496,18599558.61,2024-04-12,CIVIL_WORK,CLEARED,PFMS_MOCK
287,PRJ-2026-0227,TXN-373499,29957831.98,2024-03-27,CIVIL_WORK,CLEARED,PFMS_MOCK
288,PRJ-2026-0227,TXN-415529,29957831.98,2024-04-26,CIVIL_WORK,CLEARED,PFMS_MOCK
289,PRJ-2026-0227,TXN-112215,29957831.98,2024-05-26,CIVIL_WORK,CLEARED,PFMS_MOCK
290,PRJ-2026-0228,TXN-681231,19568671.06,2024-04-15,CIVIL_WORK,CLEARED,PFMS_MOCK
291,PRJ-2026-0228,TXN-131659,19568671.06,2024-05-15,CIVIL_WORK,CLEARED,PFMS_MOCK
292,PRJ-2026-0228,TXN-815099,19568671.06,2024-06-14,CIVIL_WORK,CLEARED,PFMS_MOCK
293,PRJ-2026-0230,TXN-159798,13505835.97,2024-03-31,CIVIL_WORK,CLEARED,PFMS_MOCK
294,PRJ-2026-0230,TXN-696722,13505835.97,2024-04-30,CIVIL_WORK,CLEARED,PFMS_MOCK
295,PRJ-2026-0230,TXN-852521,13505835.97,2024-05-30,CIVIL_WORK,CLEARED,PFMS_MOCK
296,PRJ-2026-0231,TXN-458458,21882217.98,2024-06-12,CIVIL_WORK,CLEARED,PFMS_MOCK
297,PRJ-2026-0231,TXN-537556,21882217.98,2024-07-12,CIVIL_WORK,CLEARED,PFMS_MOCK
298,PRJ-2026-0232,TXN-468867,18306735.29,2024-06-06,CIVIL_WORK,CLEARED,PFMS_MOCK
299,PRJ-2026-0232,TXN-865993,18306735.29,2024-07-06,CIVIL_WORK,CLEARED,PFMS_MOCK
300,PRJ-2026-0232,TXN-486047,18306735.29,2024-08-05,CIVIL_WORK,CLEARED,PFMS_MOCK
301,PRJ-2026-0235,TXN-261857,13079664.8,2024-04-14,CIVIL_WORK,CLEARED,PFMS_MOCK
302,PRJ-2026-0235,TXN-371849,13079664.8,2024-05-14,CIVIL_WORK,CLEARED,PFMS_MOCK
303,PRJ-2026-0239,TXN-902538,6513042.96,2024-05-07,CIVIL_WORK,CLEARED,PFMS_MOCK
304,PRJ-2026-0239,TXN-249543,6513042.96,2024-06-06,CIVIL_WORK,CLEARED,PFMS_MOCK
305,PRJ-2026-0240,TXN-913659,95348565.64,2024-05-04,CIVIL_WORK,CLEARED,PFMS_MOCK
306,PRJ-2026-0241,TXN-210887,32495910.48,2024-06-11,CIVIL_WORK,CLEARED,PFMS_MOCK
307,PRJ-2026-0243,TXN-836321,68832839.5,2024-03-22,CIVIL_WORK,CLEARED,PFMS_MOCK
308,PRJ-2026-0244,TXN-313775,26055720.17,2024-06-06,CIVIL_WORK,CLEARED,PFMS_MOCK
309,PRJ-2026-0244,TXN-155830,26055720.17,2024-07-06,CIVIL_WORK,CLEARED,PFMS_MOCK
310,PRJ-2026-0244,TXN-777770,26055720.17,2024-08-05,CIVIL_WORK,CLEARED,PFMS_MOCK
311,PRJ-2026-0246,TXN-722764,8277414.87,2024-05-19,CIVIL_WORK,CLEARED,PFMS_MOCK
312,PRJ-2026-0246,TXN-443494,8277414.87,2024-06-18,CIVIL_WORK,CLEARED,PFMS_MOCK
313,PRJ-2026-0246,TXN-128062,8277414.87,2024-07-18,CIVIL_WORK,CLEARED,PFMS_MOCK
314,PRJ-2026-0247,TXN-154634,35810331.92,2024-04-16,CIVIL_WORK,CLEARED,PFMS_MOCK
315,PRJ-2026-0247,TXN-676228,35810331.92,2024-05-16,CIVIL_WORK,CLEARED,PFMS_MOCK
316,PRJ-2026-0247,TXN-637409,35810331.92,2024-06-15,CIVIL_WORK,CLEARED,PFMS_MOCK
317,PRJ-2026-0248,TXN-517916,4578129.84,2024-03-01,CIVIL_WORK,CLEARED,PFMS_MOCK
318,PRJ-2026-0249,TXN-925848,7673970.4,2024-04-05,CIVIL_WORK,CLEARED,PFMS_MOCK
319,PRJ-2026-0249,TXN-708850,7673970.4,2024-05-05,CIVIL_WORK,CLEARED,PFMS_MOCK
320,PRJ-2026-0252,TXN-914077,11158048.24,2024-03-28,CIVIL_WORK,CLEARED,PFMS_MOCK
321,PRJ-2026-0252,TXN-480218,11158048.24,2024-04-27,CIVIL_WORK,CLEARED,PFMS_MOCK
322,PRJ-2026-0252,TXN-342426,11158048.24,2024-05-27,CIVIL_WORK,CLEARED,PFMS_MOCK
323,PRJ-2026-0253,TXN-774400,9789870.01,2024-05-13,CIVIL_WORK,CLEARED,PFMS_MOCK
324,PRJ-2026-0253,TXN-196425,9789870.01,2024-06-12,CIVIL_WORK,CLEARED,PFMS_MOCK
325,PRJ-2026-0254,TXN-745981,23625075.25,2024-06-07,CIVIL_WORK,CLEARED,PFMS_MOCK
326,PRJ-2026-0256,TXN-554498,24752912.03,2024-04-05,CIVIL_WORK,CLEARED,PFMS_MOCK
327,PRJ-2026-0258,TXN-510213,17060481.52,2024-05-10,CIVIL_WORK,CLEARED,PFMS_MOCK
328,PRJ-2026-0258,TXN-954386,17060481.52,2024-06-09,CIVIL_WORK,CLEARED,PFMS_MOCK
329,PRJ-2026-0259,TXN-916140,9476519.38,2024-06-10,CIVIL_WORK,CLEARED,PFMS_MOCK
330,PRJ-2026-0259,TXN-295413,9476519.38,2024-07-10,CIVIL_WORK,CLEARED,PFMS_MOCK
331,PRJ-2026-0259,TXN-689518,9476519.38,2024-08-09,CIVIL_WORK,CLEARED,PFMS_MOCK
332,PRJ-2026-0261,TXN-705528,30921091.31,2024-05-14,CIVIL_WORK,CLEARED,PFMS_MOCK
333,PRJ-2026-0262,TXN-374993,34406826.98,2024-03-27,CIVIL_WORK,CLEARED,PFMS_MOCK
334,PRJ-2026-0263,TXN-968576,11836310.51,2024-04-19,CIVIL_WORK,CLEARED,PFMS_MOCK
335,PRJ-2026-0263,TXN-614291,11836310.51,2024-05-19,CIVIL_WORK,CLEARED,PFMS_MOCK
336,PRJ-2026-0263,TXN-629316,11836310.51,2024-06-18,CIVIL_WORK,CLEARED,PFMS_MOCK
337,PRJ-2026-0266,TXN-942884,12071380.95,2024-04-21,CIVIL_WORK,CLEARED,PFMS_MOCK
338,PRJ-2026-0266,TXN-589518,12071380.95,2024-05-21,CIVIL_WORK,CLEARED,PFMS_MOCK
339,PRJ-2026-0267,TXN-217638,86111896.7,2024-05-23,CIVIL_WORK,CLEARED,PFMS_MOCK
340,PRJ-2026-0268,TXN-755535,21319656.47,2024-03-01,CIVIL_WORK,CLEARED,PFMS_MOCK
341,PRJ-2026-0268,TXN-570749,21319656.47,2024-03-31,CIVIL_WORK,CLEARED,PFMS_MOCK
342,PRJ-2026-0268,TXN-117191,21319656.47,2024-04-30,CIVIL_WORK,CLEARED,PFMS_MOCK
343,PRJ-2026-0272,TXN-800924,28924527.39,2024-03-24,CIVIL_WORK,CLEARED,PFMS_MOCK
344,PRJ-2026-0272,TXN-822906,28924527.39,2024-04-23,CIVIL_WORK,CLEARED,PFMS_MOCK
345,PRJ-2026-0273,TXN-949877,22655832.57,2024-05-26,CIVIL_WORK,CLEARED,PFMS_MOCK
346,PRJ-2026-0273,TXN-804259,22655832.57,2024-06-25,CIVIL_WORK,CLEARED,PFMS_MOCK
347,PRJ-2026-0274,TXN-239055,42979591.61,2024-05-08,CIVIL_WORK,CLEARED,PFMS_MOCK
348,PRJ-2026-0280,TXN-932349,11377939.22,2024-05-26,CIVIL_WORK,CLEARED,PFMS_MOCK
349,PRJ-2026-0280,TXN-985640,11377939.22,2024-06-25,CIVIL_WORK,CLEARED,PFMS_MOCK
350,PRJ-2026-0283,TXN-436175,32101636.55,2024-03-26,CIVIL_WORK,CLEARED,PFMS_MOCK
351,PRJ-2026-0284,TXN-328634,6919086.33,2024-04-04,CIVIL_WORK,CLEARED,PFMS_MOCK
352,PRJ-2026-0284,TXN-227329,6919086.33,2024-05-04,CIVIL_WORK,CLEARED,PFMS_MOCK
353,PRJ-2026-0284,TXN-647536,6919086.33,2024-06-03,CIVIL_WORK,CLEARED,PFMS_MOCK
354,PRJ-2026-0285,TXN-343437,2831935.4,2024-05-02,CIVIL_WORK,CLEARED,PFMS_MOCK
355,PRJ-2026-0285,TXN-688896,2831935.4,2024-06-01,CIVIL_WORK,CLEARED,PFMS_MOCK
356,PRJ-2026-0285,TXN-551736,2831935.4,2024-07-01,CIVIL_WORK,CLEARED,PFMS_MOCK
357,PRJ-2026-0287,TXN-444848,17393545.18,2024-05-27,CIVIL_WORK,CLEARED,PFMS_MOCK
358,PRJ-2026-0288,TXN-882864,11228074.62,2024-04-09,CIVIL_WORK,CLEARED,PFMS_MOCK
359,PRJ-2026-0288,TXN-146030,11228074.62,2024-05-09,CIVIL_WORK,CLEARED,PFMS_MOCK
360,PRJ-2026-0290,TXN-721155,12900563.88,2024-05-27,CIVIL_WORK,CLEARED,PFMS_MOCK
361,PRJ-2026-0290,TXN-310544,12900563.88,2024-06-26,CIVIL_WORK,CLEARED,PFMS_MOCK
362,PRJ-2026-0292,TXN-905639,12984242.49,2024-04-20,CIVIL_WORK,CLEARED,PFMS_MOCK
363,PRJ-2026-0292,TXN-663024,12984242.49,2024-05-20,CIVIL_WORK,CLEARED,PFMS_MOCK
364,PRJ-2026-0293,TXN-608864,12334294.72,2024-05-02,CIVIL_WORK,CLEARED,PFMS_MOCK
365,PRJ-2026-0293,TXN-771843,12334294.72,2024-06-01,CIVIL_WORK,CLEARED,PFMS_MOCK
366,PRJ-2026-0293,TXN-966762,12334294.72,2024-07-01,CIVIL_WORK,CLEARED,PFMS_MOCK
367,PRJ-2026-0295,TXN-427191,22313752.92,2024-06-03,CIVIL_WORK,CLEARED,PFMS_MOCK
368,PRJ-2026-0296,TXN-805254,41892030.9,2024-04-05,CIVIL_WORK,CLEARED,PFMS_MOCK
369,PRJ-2026-0297,TXN-253093,34563889.91,2024-05-17,CIVIL_WORK,CLEARED,PFMS_MOCK
370,PRJ-2026-0298,TXN-666152,29247458.7,2024-03-25,CIVIL_WORK,CLEARED,PFMS_MOCK
371,PRJ-2026-0298,TXN-171563,29247458.7,2024-04-24,CIVIL_WORK,CLEARED,PFMS_MOCK
372,PRJ-2026-0301,TXN-508037,28887450.16,2024-05-07,CIVIL_WORK,CLEARED,PFMS_MOCK
373,PRJ-2026-0301,TXN-678946,28887450.16,2024-06-06,CIVIL_WORK,CLEARED,PFMS_MOCK
374,PRJ-2026-0301,TXN-901171,28887450.16,2024-07-06,CIVIL_WORK,CLEARED,PFMS_MOCK
375,PRJ-2026-0304,TXN-562576,15664876.77,2024-03-13,CIVIL_WORK,CLEARED,PFMS_MOCK
376,PRJ-2026-0304,TXN-976514,15664876.77,2024-04-12,CIVIL_WORK,CLEARED,PFMS_MOCK
377,PRJ-2026-0305,TXN-740322,30171808.22,2024-05-09,CIVIL_WORK,CLEARED,PFMS_MOCK
378,PRJ-2026-0305,TXN-202427,30171808.22,2024-06-08,CIVIL_WORK,CLEARED,PFMS_MOCK
379,PRJ-2026-0306,TXN-396214,89888707.56,2024-05-09,CIVIL_WORK,CLEARED,PFMS_MOCK
380,PRJ-2026-0307,TXN-301660,29382465.07,2024-04-27,CIVIL_WORK,CLEARED,PFMS_MOCK
381,PRJ-2026-0307,TXN-909914,29382465.07,2024-05-27,CIVIL_WORK,CLEARED,PFMS_MOCK
382,PRJ-2026-0308,TXN-980302,26089345.46,2024-03-20,CIVIL_WORK,CLEARED,PFMS_MOCK
383,PRJ-2026-0309,TXN-845752,32594436.28,2024-05-18,CIVIL_WORK,CLEARED,PFMS_MOCK
384,PRJ-2026-0311,TXN-909320,14891199.87,2024-05-07,CIVIL_WORK,CLEARED,PFMS_MOCK
385,PRJ-2026-0311,TXN-676837,14891199.87,2024-06-06,CIVIL_WORK,CLEARED,PFMS_MOCK
386,PRJ-2026-0311,TXN-993015,14891199.87,2024-07-06,CIVIL_WORK,CLEARED,PFMS_MOCK
387,PRJ-2026-0312,TXN-567444,10972849.28,2024-04-11,CIVIL_WORK,CLEARED,PFMS_MOCK
388,PRJ-2026-0312,TXN-486973,10972849.28,2024-05-11,CIVIL_WORK,CLEARED,PFMS_MOCK
389,PRJ-2026-0312,TXN-521125,10972849.28,2024-06-10,CIVIL_WORK,CLEARED,PFMS_MOCK
390,PRJ-2026-0314,TXN-911198,14736411.67,2024-03-30,CIVIL_WORK,CLEARED,PFMS_MOCK
391,PRJ-2026-0316,TXN-966685,7979021.57,2024-04-23,CIVIL_WORK,CLEARED,PFMS_MOCK
392,PRJ-2026-0317,TXN-750464,26954500.02,2024-05-14,CIVIL_WORK,CLEARED,PFMS_MOCK
393,PRJ-2026-0318,TXN-861274,30010166.98,2024-03-25,CIVIL_WORK,CLEARED,PFMS_MOCK
394,PRJ-2026-0319,TXN-682020,28128310.78,2024-04-01,CIVIL_WORK,CLEARED,PFMS_MOCK
395,PRJ-2026-0320,TXN-205601,6724031.82,2024-03-17,CIVIL_WORK,CLEARED,PFMS_MOCK
396,PRJ-2026-0320,TXN-789198,6724031.82,2024-04-16,CIVIL_WORK,CLEARED,PFMS_MOCK
397,PRJ-2026-0320,TXN-295727,6724031.82,2024-05-16,CIVIL_WORK,CLEARED,PFMS_MOCK
398,PRJ-2026-0322,TXN-741922,12826848.68,2024-05-20,CIVIL_WORK,CLEARED,PFMS_MOCK
399,PRJ-2026-0322,TXN-554536,12826848.68,2024-06-19,CIVIL_WORK,CLEARED,PFMS_MOCK
400,PRJ-2026-0322,TXN-165035,12826848.68,2024-07-19,CIVIL_WORK,CLEARED,PFMS_MOCK
401,PRJ-2026-0323,TXN-885629,58456387.53,2024-03-27,CIVIL_WORK,CLEARED,PFMS_MOCK
402,PRJ-2026-0324,TXN-238625,11582094.8,2024-05-01,CIVIL_WORK,CLEARED,PFMS_MOCK
403,PRJ-2026-0324,TXN-440815,11582094.8,2024-05-31,CIVIL_WORK,CLEARED,PFMS_MOCK
404,PRJ-2026-0324,TXN-824866,11582094.8,2024-06-30,CIVIL_WORK,CLEARED,PFMS_MOCK
405,PRJ-2026-0325,TXN-349473,24150711.7,2024-04-27,CIVIL_WORK,CLEARED,PFMS_MOCK
406,PRJ-2026-0325,TXN-624143,24150711.7,2024-05-27,CIVIL_WORK,CLEARED,PFMS_MOCK
407,PRJ-2026-0327,TXN-372053,35146218.63,2024-05-13,CIVIL_WORK,CLEARED,PFMS_MOCK
408,PRJ-2026-0328,TXN-803722,13452876.8,2024-04-27,CIVIL_WORK,CLEARED,PFMS_MOCK
409,PRJ-2026-0331,TXN-582869,8684879.0,2024-03-14,CIVIL_WORK,CLEARED,PFMS_MOCK
410,PRJ-2026-0331,TXN-514189,8684879.0,2024-04-13,CIVIL_WORK,CLEARED,PFMS_MOCK
411,PRJ-2026-0331,TXN-576590,8684879.0,2024-05-13,CIVIL_WORK,CLEARED,PFMS_MOCK
412,PRJ-2026-0332,TXN-286617,40960346.98,2024-05-18,CIVIL_WORK,CLEARED,PFMS_MOCK
413,PRJ-2026-0335,TXN-736756,34894843.18,2024-06-19,CIVIL_WORK,CLEARED,PFMS_MOCK
414,PRJ-2026-0335,TXN-190141,34894843.18,2024-07-19,CIVIL_WORK,CLEARED,PFMS_MOCK
415,PRJ-2026-0336,TXN-892650,42570367.96,2024-06-09,CIVIL_WORK,CLEARED,PFMS_MOCK
416,PRJ-2026-0336,TXN-155414,42570367.96,2024-07-09,CIVIL_WORK,CLEARED,PFMS_MOCK
417,PRJ-2026-0336,TXN-567301,42570367.96,2024-08-08,CIVIL_WORK,CLEARED,PFMS_MOCK
418,PRJ-2026-0337,TXN-978377,35616905.04,2024-03-13,CIVIL_WORK,CLEARED,PFMS_MOCK
419,PRJ-2026-0337,TXN-595124,35616905.04,2024-04-12,CIVIL_WORK,CLEARED,PFMS_MOCK
420,PRJ-2026-0337,TXN-434424,35616905.04,2024-05-12,CIVIL_WORK,CLEARED,PFMS_MOCK
421,PRJ-2026-0338,TXN-644631,55464391.0,2024-06-19,CIVIL_WORK,CLEARED,PFMS_MOCK
422,PRJ-2026-0339,TXN-509858,26113444.34,2024-03-06,CIVIL_WORK,CLEARED,PFMS_MOCK
423,PRJ-2026-0339,TXN-138522,26113444.34,2024-04-05,CIVIL_WORK,CLEARED,PFMS_MOCK
424,PRJ-2026-0339,TXN-107612,26113444.34,2024-05-05,CIVIL_WORK,CLEARED,PFMS_MOCK
425,PRJ-2026-0340,TXN-862376,23648386.07,2024-06-07,CIVIL_WORK,CLEARED,PFMS_MOCK
426,PRJ-2026-0341,TXN-477973,15336596.6,2024-03-09,CIVIL_WORK,CLEARED,PFMS_MOCK
427,PRJ-2026-0341,TXN-595827,15336596.6,2024-04-08,CIVIL_WORK,CLEARED,PFMS_MOCK
428,PRJ-2026-0342,TXN-814579,27699156.92,2024-05-26,CIVIL_WORK,CLEARED,PFMS_MOCK
429,PRJ-2026-0342,TXN-510745,27699156.92,2024-06-25,CIVIL_WORK,CLEARED,PFMS_MOCK
430,PRJ-2026-0342,TXN-236194,27699156.92,2024-07-25,CIVIL_WORK,CLEARED,PFMS_MOCK
431,PRJ-2026-0344,TXN-327138,3886417.6,2024-04-26,CIVIL_WORK,CLEARED,PFMS_MOCK
432,PRJ-2026-0344,TXN-139836,3886417.6,2024-05-26,CIVIL_WORK,CLEARED,PFMS_MOCK
433,PRJ-2026-0347,TXN-865668,20844869.92,2024-05-01,CIVIL_WORK,CLEARED,PFMS_MOCK
434,PRJ-2026-0347,TXN-929020,20844869.92,2024-05-31,CIVIL_WORK,CLEARED,PFMS_MOCK
435,PRJ-2026-0348,TXN-527301,5412292.15,2024-04-03,CIVIL_WORK,CLEARED,PFMS_MOCK
436,PRJ-2026-0348,TXN-714410,5412292.15,2024-05-03,CIVIL_WORK,CLEARED,PFMS_MOCK
437,PRJ-2026-0348,TXN-249383,5412292.15,2024-06-02,CIVIL_WORK,CLEARED,PFMS_MOCK
438,PRJ-2026-0350,TXN-428812,6121106.87,2024-02-29,CIVIL_WORK,CLEARED,PFMS_MOCK
439,PRJ-2026-0350,TXN-963501,6121106.87,2024-03-30,CIVIL_WORK,CLEARED,PFMS_MOCK
440,PRJ-2026-0352,TXN-488031,33200470.23,2024-03-09,CIVIL_WORK,CLEARED,PFMS_MOCK
441,PRJ-2026-0352,TXN-261390,33200470.23,2024-04-08,CIVIL_WORK,CLEARED,PFMS_MOCK
442,PRJ-2026-0353,TXN-199397,19181209.23,2024-04-30,CIVIL_WORK,CLEARED,PFMS_MOCK
443,PRJ-2026-0354,TXN-142594,29831346.43,2024-03-05,CIVIL_WORK,CLEARED,PFMS_MOCK
444,PRJ-2026-0354,TXN-380243,29831346.43,2024-04-04,CIVIL_WORK,CLEARED,PFMS_MOCK
445,PRJ-2026-0356,TXN-649479,32325815.63,2024-03-31,CIVIL_WORK,CLEARED,PFMS_MOCK
446,PRJ-2026-0356,TXN-588135,32325815.63,2024-04-30,CIVIL_WORK,CLEARED,PFMS_MOCK
447,PRJ-2026-0357,TXN-725753,15122618.95,2024-04-04,CIVIL_WORK,CLEARED,PFMS_MOCK
448,PRJ-2026-0357,TXN-883004,15122618.95,2024-05-04,CIVIL_WORK,CLEARED,PFMS_MOCK
449,PRJ-2026-0357,TXN-842365,15122618.95,2024-06-03,CIVIL_WORK,CLEARED,PFMS_MOCK
450,PRJ-2026-0358,TXN-281462,9414665.25,2024-05-17,CIVIL_WORK,CLEARED,PFMS_MOCK
451,PRJ-2026-0359,TXN-961516,13339162.15,2024-06-09,CIVIL_WORK,CLEARED,PFMS_MOCK
452,PRJ-2026-0359,TXN-394222,13339162.15,2024-07-09,CIVIL_WORK,CLEARED,PFMS_MOCK
453,PRJ-2026-0360,TXN-978495,9599320.42,2024-05-27,CIVIL_WORK,CLEARED,PFMS_MOCK
454,PRJ-2026-0360,TXN-941939,9599320.42,2024-06-26,CIVIL_WORK,CLEARED,PFMS_MOCK
455,PRJ-2026-0364,TXN-734796,30755066.56,2024-03-26,CIVIL_WORK,CLEARED,PFMS_MOCK
456,PRJ-2026-0364,TXN-206844,30755066.56,2024-04-25,CIVIL_WORK,CLEARED,PFMS_MOCK
457,PRJ-2026-0365,TXN-868296,36973033.68,2024-06-02,CIVIL_WORK,CLEARED,PFMS_MOCK
458,PRJ-2026-0366,TXN-736965,19411840.61,2024-03-05,CIVIL_WORK,CLEARED,PFMS_MOCK
459,PRJ-2026-0367,TXN-998591,21800270.7,2024-04-17,CIVIL_WORK,CLEARED,PFMS_MOCK
460,PRJ-2026-0367,TXN-204306,21800270.7,2024-05-17,CIVIL_WORK,CLEARED,PFMS_MOCK
461,PRJ-2026-0367,TXN-700399,21800270.7,2024-06-16,CIVIL_WORK,CLEARED,PFMS_MOCK
462,PRJ-2026-0368,TXN-645247,25419592.61,2024-04-04,CIVIL_WORK,CLEARED,PFMS_MOCK
463,PRJ-2026-0368,TXN-207544,25419592.61,2024-05-04,CIVIL_WORK,CLEARED,PFMS_MOCK
464,PRJ-2026-0371,TXN-694848,27800881.01,2024-03-27,CIVIL_WORK,CLEARED,PFMS_MOCK
465,PRJ-2026-0371,TXN-593251,27800881.01,2024-04-26,CIVIL_WORK,CLEARED,PFMS_MOCK
466,PRJ-2026-0373,TXN-962251,18993458.26,2024-03-25,CIVIL_WORK,CLEARED,PFMS_MOCK
467,PRJ-2026-0373,TXN-927861,18993458.26,2024-04-24,CIVIL_WORK,CLEARED,PFMS_MOCK
468,PRJ-2026-0373,TXN-675169,18993458.26,2024-05-24,CIVIL_WORK,CLEARED,PFMS_MOCK
469,PRJ-2026-0374,TXN-596374,11112072.32,2024-03-21,CIVIL_WORK,CLEARED,PFMS_MOCK
470,PRJ-2026-0374,TXN-415858,11112072.32,2024-04-20,CIVIL_WORK,CLEARED,PFMS_MOCK
471,PRJ-2026-0374,TXN-892331,11112072.32,2024-05-20,CIVIL_WORK,CLEARED,PFMS_MOCK
472,PRJ-2026-0375,TXN-306590,13349736.07,2024-03-31,CIVIL_WORK,CLEARED,PFMS_MOCK
473,PRJ-2026-0376,TXN-344722,20658481.27,2024-04-24,CIVIL_WORK,CLEARED,PFMS_MOCK
474,PRJ-2026-0376,TXN-617379,20658481.27,2024-05-24,CIVIL_WORK,CLEARED,PFMS_MOCK
475,PRJ-2026-0376,TXN-298090,20658481.27,2024-06-23,CIVIL_WORK,CLEARED,PFMS_MOCK
476,PRJ-2026-0377,TXN-642828,38234737.33,2024-05-05,CIVIL_WORK,CLEARED,PFMS_MOCK
477,PRJ-2026-0377,TXN-857655,38234737.33,2024-06-04,CIVIL_WORK,CLEARED,PFMS_MOCK
478,PRJ-2026-0378,TXN-894656,23510175.12,2024-06-03,CIVIL_WORK,CLEARED,PFMS_MOCK
479,PRJ-2026-0378,TXN-849788,23510175.12,2024-07-03,CIVIL_WORK,CLEARED,PFMS_MOCK
480,PRJ-2026-0378,TXN-688709,23510175.12,2024-08-02,CIVIL_WORK,CLEARED,PFMS_MOCK
481,PRJ-2026-0381,TXN-739097,12089352.76,2024-05-08,CIVIL_WORK,CLEARED,PFMS_MOCK
482,PRJ-2026-0381,TXN-535378,12089352.76,2024-06-07,CIVIL_WORK,CLEARED,PFMS_MOCK
483,PRJ-2026-0382,TXN-504647,6078512.34,2024-05-07,CIVIL_WORK,CLEARED,PFMS_MOCK
484,PRJ-2026-0382,TXN-483780,6078512.34,2024-06-06,CIVIL_WORK,CLEARED,PFMS_MOCK
485,PRJ-2026-0382,TXN-670247,6078512.34,2024-07-06,CIVIL_WORK,CLEARED,PFMS_MOCK
486,PRJ-2026-0383,TXN-953034,17818992.68,2024-06-12,CIVIL_WORK,CLEARED,PFMS_MOCK
487,PRJ-2026-0383,TXN-118552,17818992.68,2024-07-12,CIVIL_WORK,CLEARED,PFMS_MOCK
488,PRJ-2026-0386,TXN-143912,51558339.11,2024-05-01,CIVIL_WORK,CLEARED,PFMS_MOCK
489,PRJ-2026-0387,TXN-916085,15605780.26,2024-04-14,CIVIL_WORK,CLEARED,PFMS_MOCK
490,PRJ-2026-0387,TXN-669333,15605780.26,2024-05-14,CIVIL_WORK,CLEARED,PFMS_MOCK
491,PRJ-2026-0388,TXN-605827,57303875.3,2024-04-07,CIVIL_WORK,CLEARED,PFMS_MOCK
492,PRJ-2026-0389,TXN-797205,24896546.99,2024-03-24,CIVIL_WORK,CLEARED,PFMS_MOCK
493,PRJ-2026-0389,TXN-875359,24896546.99,2024-04-23,CIVIL_WORK,CLEARED,PFMS_MOCK
494,PRJ-2026-0389,TXN-324924,24896546.99,2024-05-23,CIVIL_WORK,CLEARED,PFMS_MOCK
495,PRJ-2026-0391,TXN-550114,16932668.01,2024-05-03,CIVIL_WORK,CLEARED,PFMS_MOCK
496,PRJ-2026-0391,TXN-246291,16932668.01,2024-06-02,CIVIL_WORK,CLEARED,PFMS_MOCK
497,PRJ-2026-0392,TXN-599926,23330543.48,2024-03-21,CIVIL_WORK,CLEARED,PFMS_MOCK
498,PRJ-2026-0392,TXN-183978,23330543.48,2024-04-20,CIVIL_WORK,CLEARED,PFMS_MOCK
499,PRJ-2026-0392,TXN-422478,23330543.48,2024-05-20,CIVIL_WORK,CLEARED,PFMS_MOCK
500,PRJ-2026-0395,TXN-400578,60492540.13,2024-04-25,CIVIL_WORK,CLEARED,PFMS_MOCK
501,PRJ-2026-0396,TXN-893496,6029583.67,2024-03-27,CIVIL_WORK,CLEARED,PFMS_MOCK
502,PRJ-2026-0396,TXN-549703,6029583.67,2024-04-26,CIVIL_WORK,CLEARED,PFMS_MOCK
503,PRJ-2026-0398,TXN-510980,70983993.69,2024-04-21,CIVIL_WORK,CLEARED,PFMS_MOCK
504,PRJ-2026-0402,TXN-869267,90992251.33,2024-03-04,CIVIL_WORK,CLEARED,PFMS_MOCK
505,PRJ-2026-0405,TXN-891414,2055737.08,2024-06-03,CIVIL_WORK,CLEARED,PFMS_MOCK
506,PRJ-2026-0405,TXN-191567,2055737.08,2024-07-03,CIVIL_WORK,CLEARED,PFMS_MOCK
507,PRJ-2026-0405,TXN-804359,2055737.08,2024-08-02,CIVIL_WORK,CLEARED,PFMS_MOCK
508,PRJ-2026-0406,TXN-458909,29510204.58,2024-05-16,CIVIL_WORK,CLEARED,PFMS_MOCK
509,PRJ-2026-0407,TXN-462858,5348865.9,2024-03-26,CIVIL_WORK,CLEARED,PFMS_MOCK
510,PRJ-2026-0407,TXN-645866,5348865.9,2024-04-25,CIVIL_WORK,CLEARED,PFMS_MOCK
511,PRJ-2026-0408,TXN-225534,39243466.92,2024-04-21,CIVIL_WORK,CLEARED,PFMS_MOCK
512,PRJ-2026-0409,TXN-465496,65295841.84,2024-04-10,CIVIL_WORK,CLEARED,PFMS_MOCK
513,PRJ-2026-0410,TXN-241351,16063478.83,2024-03-25,CIVIL_WORK,CLEARED,PFMS_MOCK
514,PRJ-2026-0410,TXN-952833,16063478.83,2024-04-24,CIVIL_WORK,CLEARED,PFMS_MOCK
515,PRJ-2026-0412,TXN-932588,31073948.12,2024-05-20,CIVIL_WORK,CLEARED,PFMS_MOCK
516,PRJ-2026-0413,TXN-963982,97953994.16,2024-06-16,CIVIL_WORK,CLEARED,PFMS_MOCK
517,PRJ-2026-0414,TXN-922821,8583051.02,2024-06-07,CIVIL_WORK,CLEARED,PFMS_MOCK
518,PRJ-2026-0414,TXN-660851,8583051.02,2024-07-07,CIVIL_WORK,CLEARED,PFMS_MOCK
519,PRJ-2026-0415,TXN-279892,28456206.3,2024-03-06,CIVIL_WORK,CLEARED,PFMS_MOCK
520,PRJ-2026-0415,TXN-330260,28456206.3,2024-04-05,CIVIL_WORK,CLEARED,PFMS_MOCK
521,PRJ-2026-0415,TXN-488397,28456206.3,2024-05-05,CIVIL_WORK,CLEARED,PFMS_MOCK
522,PRJ-2026-0416,TXN-237856,7190327.79,2024-03-19,CIVIL_WORK,CLEARED,PFMS_MOCK
523,PRJ-2026-0416,TXN-648440,7190327.79,2024-04-18,CIVIL_WORK,CLEARED,PFMS_MOCK
524,PRJ-2026-0416,TXN-401059,7190327.79,2024-05-18,CIVIL_WORK,CLEARED,PFMS_MOCK
525,PRJ-2026-0419,TXN-751360,63496963.89,2024-04-19,CIVIL_WORK,CLEARED,PFMS_MOCK
526,PRJ-2026-0422,TXN-905074,4095643.85,2024-05-10,CIVIL_WORK,CLEARED,PFMS_MOCK
527,PRJ-2026-0422,TXN-179361,4095643.85,2024-06-09,CIVIL_WORK,CLEARED,PFMS_MOCK
528,PRJ-2026-0430,TXN-619591,26690652.62,2024-04-03,CIVIL_WORK,CLEARED,PFMS_MOCK
529,PRJ-2026-0430,TXN-377351,26690652.62,2024-05-03,CIVIL_WORK,CLEARED,PFMS_MOCK
530,PRJ-2026-0431,TXN-397930,10230044.79,2024-06-17,CIVIL_WORK,CLEARED,PFMS_MOCK
531,PRJ-2026-0431,TXN-742217,10230044.79,2024-07-17,CIVIL_WORK,CLEARED,PFMS_MOCK
532,PRJ-2026-0432,TXN-283782,16242496.85,2024-06-12,CIVIL_WORK,CLEARED,PFMS_MOCK
533,PRJ-2026-0432,TXN-475311,16242496.85,2024-07-12,CIVIL_WORK,CLEARED,PFMS_MOCK
534,PRJ-2026-0432,TXN-955337,16242496.85,2024-08-11,CIVIL_WORK,CLEARED,PFMS_MOCK
535,PRJ-2026-0433,TXN-460993,14824057.89,2024-05-26,CIVIL_WORK,CLEARED,PFMS_MOCK
536,PRJ-2026-0433,TXN-660482,14824057.89,2024-06-25,CIVIL_WORK,CLEARED,PFMS_MOCK
537,PRJ-2026-0434,TXN-596113,10759580.89,2024-06-04,CIVIL_WORK,CLEARED,PFMS_MOCK
538,PRJ-2026-0434,TXN-558666,10759580.89,2024-07-04,CIVIL_WORK,CLEARED,PFMS_MOCK
539,PRJ-2026-0434,TXN-665975,10759580.89,2024-08-03,CIVIL_WORK,CLEARED,PFMS_MOCK
540,PRJ-2026-0435,TXN-682865,34907388.83,2024-04-10,CIVIL_WORK,CLEARED,PFMS_MOCK
541,PRJ-2026-0436,TXN-402625,24071136.61,2024-04-27,CIVIL_WORK,CLEARED,PFMS_MOCK
542,PRJ-2026-0436,TXN-582132,24071136.61,2024-05-27,CIVIL_WORK,CLEARED,PFMS_MOCK
543,PRJ-2026-0436,TXN-533803,24071136.61,2024-06-26,CIVIL_WORK,CLEARED,PFMS_MOCK
544,PRJ-2026-0437,TXN-993005,74683998.34,2024-03-06,CIVIL_WORK,CLEARED,PFMS_MOCK
545,PRJ-2026-0439,TXN-934790,7179488.88,2024-03-19,CIVIL_WORK,CLEARED,PFMS_MOCK
546,PRJ-2026-0439,TXN-823282,7179488.88,2024-04-18,CIVIL_WORK,CLEARED,PFMS_MOCK
547,PRJ-2026-0440,TXN-493868,43702171.17,2024-06-09,CIVIL_WORK,CLEARED,PFMS_MOCK
548,PRJ-2026-0440,TXN-838190,43702171.17,2024-07-09,CIVIL_WORK,CLEARED,PFMS_MOCK
549,PRJ-2026-0442,TXN-128200,21964940.07,2024-05-30,CIVIL_WORK,CLEARED,PFMS_MOCK
550,PRJ-2026-0443,TXN-575218,17415081.39,2024-05-10,CIVIL_WORK,CLEARED,PFMS_MOCK
551,PRJ-2026-0444,TXN-162298,9311152.77,2024-03-08,CIVIL_WORK,CLEARED,PFMS_MOCK
552,PRJ-2026-0444,TXN-603593,9311152.77,2024-04-07,CIVIL_WORK,CLEARED,PFMS_MOCK
553,PRJ-2026-0444,TXN-336442,9311152.77,2024-05-07,CIVIL_WORK,CLEARED,PFMS_MOCK
554,PRJ-2026-0446,TXN-643446,6680027.4,2024-03-21,CIVIL_WORK,CLEARED,PFMS_MOCK
555,PRJ-2026-0446,TXN-396477,6680027.4,2024-04-20,CIVIL_WORK,CLEARED,PFMS_MOCK
556,PRJ-2026-0446,TXN-707723,6680027.4,2024-05-20,CIVIL_WORK,CLEARED,PFMS_MOCK
557,PRJ-2026-0448,TXN-231769,35445809.77,2024-03-24,CIVIL_WORK,CLEARED,PFMS_MOCK
558,PRJ-2026-0449,TXN-392040,32044134.85,2024-05-30,CIVIL_WORK,CLEARED,PFMS_MOCK
559,PRJ-2026-0449,TXN-776767,32044134.85,2024-06-29,CIVIL_WORK,CLEARED,PFMS_MOCK
560,PRJ-2026-0449,TXN-200783,32044134.85,2024-07-29,CIVIL_WORK,CLEARED,PFMS_MOCK
561,PRJ-2026-0450,TXN-586041,8792886.13,2024-02-27,CIVIL_WORK,CLEARED,PFMS_MOCK
562,PRJ-2026-0450,TXN-804190,8792886.13,2024-03-28,CIVIL_WORK,CLEARED,PFMS_MOCK
563,PRJ-2026-0450,TXN-543655,8792886.13,2024-04-27,CIVIL_WORK,CLEARED,PFMS_MOCK
564,PRJ-2026-0451,TXN-416968,39019021.14,2024-06-05,CIVIL_WORK,CLEARED,PFMS_MOCK
565,PRJ-2026-0451,TXN-365071,39019021.14,2024-07-05,CIVIL_WORK,CLEARED,PFMS_MOCK
566,PRJ-2026-0452,TXN-288784,22987319.24,2024-04-27,CIVIL_WORK,CLEARED,PFMS_MOCK
567,PRJ-2026-0452,TXN-841554,22987319.24,2024-05-27,CIVIL_WORK,CLEARED,PFMS_MOCK
568,PRJ-2026-0452,TXN-770033,22987319.24,2024-06-26,CIVIL_WORK,CLEARED,PFMS_MOCK
569,PRJ-2026-0454,TXN-227705,8803019.98,2024-03-05,CIVIL_WORK,CLEARED,PFMS_MOCK
570,PRJ-2026-0454,TXN-973336,8803019.98,2024-04-04,CIVIL_WORK,CLEARED,PFMS_MOCK
571,PRJ-2026-0455,TXN-850297,17771725.42,2024-04-12,CIVIL_WORK,CLEARED,PFMS_MOCK
572,PRJ-2026-0455,TXN-174831,17771725.42,2024-05-12,CIVIL_WORK,CLEARED,PFMS_MOCK
573,PRJ-2026-0455,TXN-399846,17771725.42,2024-06-11,CIVIL_WORK,CLEARED,PFMS_MOCK
574,PRJ-2026-0457,TXN-451661,8041541.54,2024-05-24,CIVIL_WORK,CLEARED,PFMS_MOCK
575,PRJ-2026-0461,TXN-901947,12655046.48,2024-04-05,CIVIL_WORK,CLEARED,PFMS_MOCK
576,PRJ-2026-0461,TXN-463618,12655046.48,2024-05-05,CIVIL_WORK,CLEARED,PFMS_MOCK
577,PRJ-2026-0461,TXN-362427,12655046.48,2024-06-04,CIVIL_WORK,CLEARED,PFMS_MOCK
578,PRJ-2026-0462,TXN-351281,89909564.73,2024-03-14,CIVIL_WORK,CLEARED,PFMS_MOCK
579,PRJ-2026-0463,TXN-825862,48066046.49,2024-04-18,CIVIL_WORK,CLEARED,PFMS_MOCK
580,PRJ-2026-0465,TXN-605327,27044379.34,2024-05-19,CIVIL_WORK,CLEARED,PFMS_MOCK
581,PRJ-2026-0466,TXN-322396,39643180.52,2024-05-13,CIVIL_WORK,CLEARED,PFMS_MOCK
582,PRJ-2026-0467,TXN-163090,41452265.29,2024-03-07,CIVIL_WORK,CLEARED,PFMS_MOCK
583,PRJ-2026-0468,TXN-737977,25402597.59,2024-04-06,CIVIL_WORK,CLEARED,PFMS_MOCK
584,PRJ-2026-0468,TXN-909739,25402597.59,2024-05-06,CIVIL_WORK,CLEARED,PFMS_MOCK
585,PRJ-2026-0471,TXN-228072,11311352.82,2024-05-02,CIVIL_WORK,CLEARED,PFMS_MOCK
586,PRJ-2026-0471,TXN-800211,11311352.82,2024-06-01,CIVIL_WORK,CLEARED,PFMS_MOCK
587,PRJ-2026-0472,TXN-643160,16186629.12,2024-04-06,CIVIL_WORK,CLEARED,PFMS_MOCK
588,PRJ-2026-0473,TXN-946128,2434897.48,2024-04-16,CIVIL_WORK,CLEARED,PFMS_MOCK
589,PRJ-2026-0473,TXN-823241,2434897.48,2024-05-16,CIVIL_WORK,CLEARED,PFMS_MOCK
590,PRJ-2026-0473,TXN-298624,2434897.48,2024-06-15,CIVIL_WORK,CLEARED,PFMS_MOCK
591,PRJ-2026-0474,TXN-984186,7646052.62,2024-06-08,CIVIL_WORK,CLEARED,PFMS_MOCK
592,PRJ-2026-0474,TXN-931259,7646052.62,2024-07-08,CIVIL_WORK,CLEARED,PFMS_MOCK
593,PRJ-2026-0474,TXN-875993,7646052.62,2024-08-07,CIVIL_WORK,CLEARED,PFMS_MOCK
594,PRJ-2026-0475,TXN-471937,20254645.89,2024-05-22,CIVIL_WORK,CLEARED,PFMS_MOCK
595,PRJ-2026-0475,TXN-582394,20254645.89,2024-06-21,CIVIL_WORK,CLEARED,PFMS_MOCK
596,PRJ-2026-0476,TXN-464559,19242806.71,2024-03-26,CIVIL_WORK,CLEARED,PFMS_MOCK
597,PRJ-2026-0477,TXN-734391,18755016.92,2024-05-06,CIVIL_WORK,CLEARED,PFMS_MOCK
598,PRJ-2026-0478,TXN-303901,7619800.74,2024-05-20,CIVIL_WORK,CLEARED,PFMS_MOCK
599,PRJ-2026-0478,TXN-975158,7619800.74,2024-06-19,CIVIL_WORK,CLEARED,PFMS_MOCK
600,PRJ-2026-0478,TXN-237634,7619800.74,2024-07-19,CIVIL_WORK,CLEARED,PFMS_MOCK
601,PRJ-2026-0482,TXN-371039,32518989.0,2024-03-03,CIVIL_WORK,CLEARED,PFMS_MOCK
602,PRJ-2026-0482,TXN-354442,32518989.0,2024-04-02,CIVIL_WORK,CLEARED,PFMS_MOCK
603,PRJ-2026-0482,TXN-568878,32518989.0,2024-05-02,CIVIL_WORK,CLEARED,PFMS_MOCK
604,PRJ-2026-0483,TXN-766140,14433822.33,2024-03-12,CIVIL_WORK,CLEARED,PFMS_MOCK
605,PRJ-2026-0483,TXN-158090,14433822.33,2024-04-11,CIVIL_WORK,CLEARED,PFMS_MOCK
606,PRJ-2026-0483,TXN-776040,14433822.33,2024-05-11,CIVIL_WORK,CLEARED,PFMS_MOCK
607,PRJ-2026-0485,TXN-321129,20971187.43,2024-03-19,CIVIL_WORK,CLEARED,PFMS_MOCK
608,PRJ-2026-0486,TXN-792359,21094057.82,2024-06-11,CIVIL_WORK,CLEARED,PFMS_MOCK
609,PRJ-2026-0486,TXN-726389,21094057.82,2024-07-11,CIVIL_WORK,CLEARED,PFMS_MOCK
610,PRJ-2026-0487,TXN-483568,92783540.56,2024-06-08,CIVIL_WORK,CLEARED,PFMS_MOCK
611,PRJ-2026-0488,TXN-498240,7727995.99,2024-05-02,CIVIL_WORK,CLEARED,PFMS_MOCK
612,PRJ-2026-0488,TXN-680076,7727995.99,2024-06-01,CIVIL_WORK,CLEARED,PFMS_MOCK
613,PRJ-2026-0489,TXN-718161,19268060.96,2024-03-22,CIVIL_WORK,CLEARED,PFMS_MOCK
614,PRJ-2026-0489,TXN-797104,19268060.96,2024-04-21,CIVIL_WORK,CLEARED,PFMS_MOCK
615,PRJ-2026-0489,TXN-786951,19268060.96,2024-05-21,CIVIL_WORK,CLEARED,PFMS_MOCK
616,PRJ-2026-0490,TXN-137353,18551549.66,2024-04-15,CIVIL_WORK,CLEARED,PFMS_MOCK
617,PRJ-2026-0490,TXN-196808,18551549.66,2024-05-15,CIVIL_WORK,CLEARED,PFMS_MOCK
618,PRJ-2026-0490,TXN-816164,18551549.66,2024-06-14,CIVIL_WORK,CLEARED,PFMS_MOCK
619,PRJ-2026-0491,TXN-286723,20528623.73,2024-05-31,CIVIL_WORK,CLEARED,PFMS_MOCK
620,PRJ-2026-0493,TXN-950793,15242973.06,2024-04-12,CIVIL_WORK,CLEARED,PFMS_MOCK
621,PRJ-2026-0493,TXN-780973,15242973.06,2024-05-12,CIVIL_WORK,CLEARED,PFMS_MOCK
622,PRJ-2026-0494,TXN-793470,2032366.64,2024-04-09,CIVIL_WORK,CLEARED,PFMS_MOCK
623,PRJ-2026-0494,TXN-729589,2032366.64,2024-05-09,CIVIL_WORK,CLEARED,PFMS_MOCK
624,PRJ-2026-0494,TXN-671034,2032366.64,2024-06-08,CIVIL_WORK,CLEARED,PFMS_MOCK
625,PRJ-2026-0495,TXN-419682,41244375.8,2024-03-27,CIVIL_WORK,CLEARED,PFMS_MOCK
626,PRJ-2026-0495,TXN-878744,41244375.8,2024-04-26,CIVIL_WORK,CLEARED,PFMS_MOCK
627,PRJ-2026-0496,TXN-406894,21813986.65,2024-03-20,CIVIL_WORK,CLEARED,PFMS_MOCK
628,PRJ-2026-0497,TXN-663551,105904440.57,2024-05-06,CIVIL_WORK,CLEARED,PFMS_MOCK
629,PRJ-2026-0498,TXN-695901,18768707.36,2024-04-23,CIVIL_WORK,CLEARED,PFMS_MOCK
630,PRJ-2026-0498,TXN-205042,18768707.36,2024-05-23,CIVIL_WORK,CLEARED,PFMS_MOCK
631,PRJ-2026-0498,TXN-817002,18768707.36,2024-06-22,CIVIL_WORK,CLEARED,PFMS_MOCK
632,PRJ-2026-0499,TXN-272187,14042906.04,2024-06-08,CIVIL_WORK,CLEARED,PFMS_MOCK
633,PRJ-2026-0499,TXN-959814,14042906.04,2024-07-08,CIVIL_WORK,CLEARED,PFMS_MOCK
634,PRJ-2026-0501,TXN-507712,4050040.64,2024-03-17,CIVIL_WORK,CLEARED,PFMS_MOCK
635,PRJ-2026-0501,TXN-872729,4050040.64,2024-04-16,CIVIL_WORK,CLEARED,PFMS_MOCK
636,PRJ-2026-0502,TXN-888382,19388783.87,2024-05-13,CIVIL_WORK,CLEARED,PFMS_MOCK
637,PRJ-2026-0502,TXN-701317,19388783.87,2024-06-12,CIVIL_WORK,CLEARED,PFMS_MOCK
638,PRJ-2026-0504,TXN-854363,11565150.0,2024-04-05,CIVIL_WORK,CLEARED,PFMS_MOCK
639,PRJ-2026-0504,TXN-653555,11565150.0,2024-05-05,CIVIL_WORK,CLEARED,PFMS_MOCK
640,PRJ-2026-0504,TXN-673120,11565150.0,2024-06-04,CIVIL_WORK,CLEARED,PFMS_MOCK
641,PRJ-2026-0505,TXN-521659,26481404.67,2024-04-23,CIVIL_WORK,CLEARED,PFMS_MOCK
642,PRJ-2026-0505,TXN-862223,26481404.67,2024-05-23,CIVIL_WORK,CLEARED,PFMS_MOCK
643,PRJ-2026-0506,TXN-404814,2083882.66,2024-03-22,CIVIL_WORK,CLEARED,PFMS_MOCK
644,PRJ-2026-0506,TXN-703770,2083882.66,2024-04-21,CIVIL_WORK,CLEARED,PFMS_MOCK
645,PRJ-2026-0509,TXN-230994,18121912.61,2024-06-12,CIVIL_WORK,CLEARED,PFMS_MOCK
646,PRJ-2026-0509,TXN-649251,18121912.61,2024-07-12,CIVIL_WORK,CLEARED,PFMS_MOCK
647,PRJ-2026-0511,TXN-325455,45684097.99,2024-04-13,CIVIL_WORK,CLEARED,PFMS_MOCK
648,PRJ-2026-0513,TXN-483168,31797105.46,2024-06-11,CIVIL_WORK,CLEARED,PFMS_MOCK
649,PRJ-2026-0513,TXN-654343,31797105.46,2024-07-11,CIVIL_WORK,CLEARED,PFMS_MOCK
650,PRJ-2026-0514,TXN-703759,12929690.89,2024-03-19,CIVIL_WORK,CLEARED,PFMS_MOCK
651,PRJ-2026-0514,TXN-960797,12929690.89,2024-04-18,CIVIL_WORK,CLEARED,PFMS_MOCK
652,PRJ-2026-0514,TXN-671545,12929690.89,2024-05-18,CIVIL_WORK,CLEARED,PFMS_MOCK
653,PRJ-2026-0516,TXN-195568,54543475.58,2024-03-03,CIVIL_WORK,CLEARED,PFMS_MOCK
654,PRJ-2026-0517,TXN-123640,8076381.59,2024-05-16,CIVIL_WORK,CLEARED,PFMS_MOCK
655,PRJ-2026-0517,TXN-855829,8076381.59,2024-06-15,CIVIL_WORK,CLEARED,PFMS_MOCK
656,PRJ-2026-0518,TXN-858189,9541253.56,2024-06-03,CIVIL_WORK,CLEARED,PFMS_MOCK
657,PRJ-2026-0518,TXN-176413,9541253.56,2024-07-03,CIVIL_WORK,CLEARED,PFMS_MOCK
658,PRJ-2026-0518,TXN-451232,9541253.56,2024-08-02,CIVIL_WORK,CLEARED,PFMS_MOCK
659,PRJ-2026-0519,TXN-325173,34568393.58,2024-06-03,CIVIL_WORK,CLEARED,PFMS_MOCK
660,PRJ-2026-0519,TXN-164368,34568393.58,2024-07-03,CIVIL_WORK,CLEARED,PFMS_MOCK
661,PRJ-2026-0522,TXN-433392,10006856.87,2024-06-11,CIVIL_WORK,CLEARED,PFMS_MOCK
662,PRJ-2026-0522,TXN-844384,10006856.87,2024-07-11,CIVIL_WORK,CLEARED,PFMS_MOCK
663,PRJ-2026-0522,TXN-377687,10006856.87,2024-08-10,CIVIL_WORK,CLEARED,PFMS_MOCK
664,PRJ-2026-0524,TXN-269201,13333176.29,2024-05-19,CIVIL_WORK,CLEARED,PFMS_MOCK
665,PRJ-2026-0524,TXN-473261,13333176.29,2024-06-18,CIVIL_WORK,CLEARED,PFMS_MOCK
666,PRJ-2026-0524,TXN-422583,13333176.29,2024-07-18,CIVIL_WORK,CLEARED,PFMS_MOCK
667,PRJ-2026-0526,TXN-728761,16953554.39,2024-05-27,CIVIL_WORK,CLEARED,PFMS_MOCK
668,PRJ-2026-0526,TXN-860906,16953554.39,2024-06-26,CIVIL_WORK,CLEARED,PFMS_MOCK
669,PRJ-2026-0527,TXN-282529,44602084.09,2024-06-22,CIVIL_WORK,CLEARED,PFMS_MOCK
670,PRJ-2026-0527,TXN-787034,44602084.09,2024-07-22,CIVIL_WORK,CLEARED,PFMS_MOCK
671,PRJ-2026-0528,TXN-431578,9292653.23,2024-05-24,CIVIL_WORK,CLEARED,PFMS_MOCK
672,PRJ-2026-0528,TXN-991089,9292653.23,2024-06-23,CIVIL_WORK,CLEARED,PFMS_MOCK
673,PRJ-2026-0529,TXN-738901,28390821.32,2024-05-16,CIVIL_WORK,CLEARED,PFMS_MOCK
674,PRJ-2026-0529,TXN-157365,28390821.32,2024-06-15,CIVIL_WORK,CLEARED,PFMS_MOCK
675,PRJ-2026-0530,TXN-690336,41205788.12,2024-05-13,CIVIL_WORK,CLEARED,PFMS_MOCK
676,PRJ-2026-0530,TXN-173707,41205788.12,2024-06-12,CIVIL_WORK,CLEARED,PFMS_MOCK
677,PRJ-2026-0530,TXN-694980,41205788.12,2024-07-12,CIVIL_WORK,CLEARED,PFMS_MOCK
678,PRJ-2026-0531,TXN-174710,26581294.95,2024-03-16,CIVIL_WORK,CLEARED,PFMS_MOCK
679,PRJ-2026-0531,TXN-935652,26581294.95,2024-04-15,CIVIL_WORK,CLEARED,PFMS_MOCK
680,PRJ-2026-0531,TXN-431016,26581294.95,2024-05-15,CIVIL_WORK,CLEARED,PFMS_MOCK
681,PRJ-2026-0532,TXN-121579,6631765.33,2024-03-23,CIVIL_WORK,CLEARED,PFMS_MOCK
682,PRJ-2026-0534,TXN-829065,7355120.8,2024-03-05,CIVIL_WORK,CLEARED,PFMS_MOCK
683,PRJ-2026-0534,TXN-383796,7355120.8,2024-04-04,CIVIL_WORK,CLEARED,PFMS_MOCK
684,PRJ-2026-0534,TXN-451954,7355120.8,2024-05-04,CIVIL_WORK,CLEARED,PFMS_MOCK
685,PRJ-2026-0535,TXN-760855,10671198.82,2024-03-25,CIVIL_WORK,CLEARED,PFMS_MOCK
686,PRJ-2026-0535,TXN-320202,10671198.82,2024-04-24,CIVIL_WORK,CLEARED,PFMS_MOCK
687,PRJ-2026-0536,TXN-808357,17387853.58,2024-06-15,CIVIL_WORK,CLEARED,PFMS_MOCK
688,PRJ-2026-0536,TXN-336702,17387853.58,2024-07-15,CIVIL_WORK,CLEARED,PFMS_MOCK
689,PRJ-2026-0536,TXN-146759,17387853.58,2024-08-14,CIVIL_WORK,CLEARED,PFMS_MOCK
690,PRJ-2026-0537,TXN-182370,50826207.77,2024-04-12,CIVIL_WORK,CLEARED,PFMS_MOCK
691,PRJ-2026-0538,TXN-929147,28921382.8,2024-03-21,CIVIL_WORK,CLEARED,PFMS_MOCK
692,PRJ-2026-0540,TXN-328058,19366910.84,2024-05-23,CIVIL_WORK,CLEARED,PFMS_MOCK
693,PRJ-2026-0540,TXN-611903,19366910.84,2024-06-22,CIVIL_WORK,CLEARED,PFMS_MOCK
694,PRJ-2026-0541,TXN-505283,74520707.4,2024-04-25,CIVIL_WORK,CLEARED,PFMS_MOCK
695,PRJ-2026-0546,TXN-189976,37030410.9,2024-05-09,CIVIL_WORK,CLEARED,PFMS_MOCK
696,PRJ-2026-0546,TXN-211635,37030410.9,2024-06-08,CIVIL_WORK,CLEARED,PFMS_MOCK
697,PRJ-2026-0547,TXN-869160,52102652.51,2024-05-01,CIVIL_WORK,CLEARED,PFMS_MOCK
698,PRJ-2026-0547,TXN-996191,52102652.51,2024-05-31,CIVIL_WORK,CLEARED,PFMS_MOCK
699,PRJ-2026-0548,TXN-913621,11589920.27,2024-04-07,CIVIL_WORK,CLEARED,PFMS_MOCK
700,PRJ-2026-0548,TXN-969621,11589920.27,2024-05-07,CIVIL_WORK,CLEARED,PFMS_MOCK
701,PRJ-2026-0548,TXN-660284,11589920.27,2024-06-06,CIVIL_WORK,CLEARED,PFMS_MOCK
702,PRJ-2026-0549,TXN-242526,13080504.72,2024-04-13,CIVIL_WORK,CLEARED,PFMS_MOCK
703,PRJ-2026-0549,TXN-669513,13080504.72,2024-05-13,CIVIL_WORK,CLEARED,PFMS_MOCK
704,PRJ-2026-0550,TXN-521119,1832991.94,2024-04-27,CIVIL_WORK,CLEARED,PFMS_MOCK
705,PRJ-2026-0550,TXN-650434,1832991.94,2024-05-27,CIVIL_WORK,CLEARED,PFMS_MOCK
706,PRJ-2026-0550,TXN-320371,1832991.94,2024-06-26,CIVIL_WORK,CLEARED,PFMS_MOCK
707,PRJ-2026-0551,TXN-127706,17778520.37,2024-03-31,CIVIL_WORK,CLEARED,PFMS_MOCK
708,PRJ-2026-0551,TXN-420876,17778520.37,2024-04-30,CIVIL_WORK,CLEARED,PFMS_MOCK
709,PRJ-2026-0552,TXN-294284,35208081.88,2024-04-05,CIVIL_WORK,CLEARED,PFMS_MOCK
710,PRJ-2026-0552,TXN-666505,35208081.88,2024-05-05,CIVIL_WORK,CLEARED,PFMS_MOCK
711,PRJ-2026-0555,TXN-805048,69134359.82,2024-04-10,CIVIL_WORK,CLEARED,PFMS_MOCK
712,PRJ-2026-0557,TXN-818229,4265113.4,2024-04-09,CIVIL_WORK,CLEARED,PFMS_MOCK
713,PRJ-2026-0558,TXN-972097,50949966.16,2024-05-24,CIVIL_WORK,CLEARED,PFMS_MOCK
714,PRJ-2026-0558,TXN-818691,50949966.16,2024-06-23,CIVIL_WORK,CLEARED,PFMS_MOCK
715,PRJ-2026-0559,TXN-852127,20869449.24,2024-06-03,CIVIL_WORK,CLEARED,PFMS_MOCK
716,PRJ-2026-0559,TXN-647247,20869449.24,2024-07-03,CIVIL_WORK,CLEARED,PFMS_MOCK
717,PRJ-2026-0559,TXN-498312,20869449.24,2024-08-02,CIVIL_WORK,CLEARED,PFMS_MOCK
718,PRJ-2026-0560,TXN-106005,28067850.81,2024-04-05,CIVIL_WORK,CLEARED,PFMS_MOCK
719,PRJ-2026-0560,TXN-484927,28067850.81,2024-05-05,CIVIL_WORK,CLEARED,PFMS_MOCK
720,PRJ-2026-0560,TXN-434164,28067850.81,2024-06-04,CIVIL_WORK,CLEARED,PFMS_MOCK
721,PRJ-2026-0561,TXN-874505,11108099.75,2024-05-27,CIVIL_WORK,CLEARED,PFMS_MOCK
722,PRJ-2026-0561,TXN-765812,11108099.75,2024-06-26,CIVIL_WORK,CLEARED,PFMS_MOCK
723,PRJ-2026-0561,TXN-448295,11108099.75,2024-07-26,CIVIL_WORK,CLEARED,PFMS_MOCK
724,PRJ-2026-0562,TXN-673080,11755902.64,2024-04-15,CIVIL_WORK,CLEARED,PFMS_MOCK
725,PRJ-2026-0562,TXN-794263,11755902.64,2024-05-15,CIVIL_WORK,CLEARED,PFMS_MOCK
726,PRJ-2026-0562,TXN-517066,11755902.64,2024-06-14,CIVIL_WORK,CLEARED,PFMS_MOCK
727,PRJ-2026-0564,TXN-648206,22029547.57,2024-04-21,CIVIL_WORK,CLEARED,PFMS_MOCK
728,PRJ-2026-0565,TXN-444683,10047738.96,2024-03-16,CIVIL_WORK,CLEARED,PFMS_MOCK
729,PRJ-2026-0565,TXN-671904,10047738.96,2024-04-15,CIVIL_WORK,CLEARED,PFMS_MOCK
730,PRJ-2026-0566,TXN-735562,11429250.23,2024-04-25,CIVIL_WORK,CLEARED,PFMS_MOCK
731,PRJ-2026-0566,TXN-563095,11429250.23,2024-05-25,CIVIL_WORK,CLEARED,PFMS_MOCK
732,PRJ-2026-0569,TXN-294089,16271851.54,2024-04-05,CIVIL_WORK,CLEARED,PFMS_MOCK
733,PRJ-2026-0569,TXN-960046,16271851.54,2024-05-05,CIVIL_WORK,CLEARED,PFMS_MOCK
734,PRJ-2026-0569,TXN-821599,16271851.54,2024-06-04,CIVIL_WORK,CLEARED,PFMS_MOCK
735,PRJ-2026-0570,TXN-391760,2244943.34,2024-04-21,CIVIL_WORK,CLEARED,PFMS_MOCK
736,PRJ-2026-0570,TXN-314479,2244943.34,2024-05-21,CIVIL_WORK,CLEARED,PFMS_MOCK
737,PRJ-2026-0570,TXN-990229,2244943.34,2024-06-20,CIVIL_WORK,CLEARED,PFMS_MOCK
738,PRJ-2026-0572,TXN-775013,8139992.42,2024-04-07,CIVIL_WORK,CLEARED,PFMS_MOCK
739,PRJ-2026-0572,TXN-940077,8139992.42,2024-05-07,CIVIL_WORK,CLEARED,PFMS_MOCK
740,PRJ-2026-0576,TXN-114265,27064621.46,2024-05-27,CIVIL_WORK,CLEARED,PFMS_MOCK
741,PRJ-2026-0577,TXN-443287,21429474.02,2024-04-28,CIVIL_WORK,CLEARED,PFMS_MOCK
742,PRJ-2026-0578,TXN-938729,71363267.61,2024-05-03,CIVIL_WORK,CLEARED,PFMS_MOCK
743,PRJ-2026-0580,TXN-500217,9993307.71,2024-05-02,CIVIL_WORK,CLEARED,PFMS_MOCK
744,PRJ-2026-0582,TXN-656430,9657145.25,2024-03-28,CIVIL_WORK,CLEARED,PFMS_MOCK
745,PRJ-2026-0583,TXN-925345,18124448.55,2024-04-11,CIVIL_WORK,CLEARED,PFMS_MOCK
746,PRJ-2026-0583,TXN-563605,18124448.55,2024-05-11,CIVIL_WORK,CLEARED,PFMS_MOCK
747,PRJ-2026-0584,TXN-735335,33758225.39,2024-05-02,CIVIL_WORK,CLEARED,PFMS_MOCK
748,PRJ-2026-0584,TXN-252425,33758225.39,2024-06-01,CIVIL_WORK,CLEARED,PFMS_MOCK
749,PRJ-2026-0584,TXN-889692,33758225.39,2024-07-01,CIVIL_WORK,CLEARED,PFMS_MOCK
750,PRJ-2026-0585,TXN-434242,7414797.28,2024-06-01,CIVIL_WORK,CLEARED,PFMS_MOCK
751,PRJ-2026-0585,TXN-557537,7414797.28,2024-07-01,CIVIL_WORK,CLEARED,PFMS_MOCK
752,PRJ-2026-0585,TXN-820981,7414797.28,2024-07-31,CIVIL_WORK,CLEARED,PFMS_MOCK
753,PRJ-2026-0586,TXN-231373,2421590.54,2024-05-31,CIVIL_WORK,CLEARED,PFMS_MOCK
754,PRJ-2026-0586,TXN-467288,2421590.54,2024-06-30,CIVIL_WORK,CLEARED,PFMS_MOCK
755,PRJ-2026-0586,TXN-123015,2421590.54,2024-07-30,CIVIL_WORK,CLEARED,PFMS_MOCK
756,PRJ-2026-0587,TXN-829896,54858918.76,2024-05-23,CIVIL_WORK,CLEARED,PFMS_MOCK
757,PRJ-2026-0588,TXN-333302,88184014.39,2024-04-01,CIVIL_WORK,CLEARED,PFMS_MOCK
758,PRJ-2026-0589,TXN-719659,42405288.96,2024-05-04,CIVIL_WORK,CLEARED,PFMS_MOCK
759,PRJ-2026-0589,TXN-616144,42405288.96,2024-06-03,CIVIL_WORK,CLEARED,PFMS_MOCK
760,PRJ-2026-0590,TXN-218900,11259242.57,2024-03-21,CIVIL_WORK,CLEARED,PFMS_MOCK
761,PRJ-2026-0590,TXN-818018,11259242.57,2024-04-20,CIVIL_WORK,CLEARED,PFMS_MOCK
762,PRJ-2026-0591,TXN-456652,27785744.71,2024-03-25,CIVIL_WORK,CLEARED,PFMS_MOCK
763,PRJ-2026-0591,TXN-987197,27785744.71,2024-04-24,CIVIL_WORK,CLEARED,PFMS_MOCK
764,PRJ-2026-0591,TXN-197971,27785744.71,2024-05-24,CIVIL_WORK,CLEARED,PFMS_MOCK
765,PRJ-2026-0592,TXN-482114,17301589.39,2024-05-10,CIVIL_WORK,CLEARED,PFMS_MOCK
766,PRJ-2026-0592,TXN-462763,17301589.39,2024-06-09,CIVIL_WORK,CLEARED,PFMS_MOCK
767,PRJ-2026-0594,TXN-551972,33324764.7,2024-05-08,CIVIL_WORK,CLEARED,PFMS_MOCK
768,PRJ-2026-0595,TXN-202639,1858852.78,2024-04-25,CIVIL_WORK,CLEARED,PFMS_MOCK
769,PRJ-2026-0595,TXN-320557,1858852.78,2024-05-25,CIVIL_WORK,CLEARED,PFMS_MOCK
770,PRJ-2026-0595,TXN-249227,1858852.78,2024-06-24,CIVIL_WORK,CLEARED,PFMS_MOCK
771,PRJ-2026-0596,TXN-482693,46688834.42,2024-05-10,CIVIL_WORK,CLEARED,PFMS_MOCK
772,PRJ-2026-0596,TXN-632866,46688834.42,2024-06-09,CIVIL_WORK,CLEARED,PFMS_MOCK
773,PRJ-2026-0597,TXN-238025,96094873.48,2024-06-07,CIVIL_WORK,CLEARED,PFMS_MOCK
774,PRJ-2026-0599,TXN-109643,36939942.71,2024-06-08,CIVIL_WORK,CLEARED,PFMS_MOCK
775,PRJ-2026-0600,TXN-618379,6668519.5,2024-03-13,CIVIL_WORK,CLEARED,PFMS_MOCK
776,PRJ-2026-0600,TXN-466928,6668519.5,2024-04-12,CIVIL_WORK,CLEARED,PFMS_MOCK
777,PRJ-2026-0600,TXN-621837,6668519.5,2024-05-12,CIVIL_WORK,CLEARED,PFMS_MOCK
778,PRJ-2026-0602,TXN-464131,8812833.74,2024-03-01,CIVIL_WORK,CLEARED,PFMS_MOCK
779,PRJ-2026-0602,TXN-809218,8812833.74,2024-03-31,CIVIL_WORK,CLEARED,PFMS_MOCK
780,PRJ-2026-0602,TXN-700789,8812833.74,2024-04-30,CIVIL_WORK,CLEARED,PFMS_MOCK
781,PRJ-2026-0603,TXN-930423,27076551.93,2024-06-07,CIVIL_WORK,CLEARED,PFMS_MOCK
782,PRJ-2026-0604,TXN-226460,59320754.03,2024-04-26,CIVIL_WORK,CLEARED,PFMS_MOCK
783,PRJ-2026-0606,TXN-196223,61284654.16,2024-05-29,CIVIL_WORK,CLEARED,PFMS_MOCK
784,PRJ-2026-0608,TXN-189428,20027001.93,2024-04-24,CIVIL_WORK,CLEARED,PFMS_MOCK
785,PRJ-2026-0609,TXN-258081,4407681.69,2024-03-06,CIVIL_WORK,CLEARED,PFMS_MOCK
786,PRJ-2026-0609,TXN-606241,4407681.69,2024-04-05,CIVIL_WORK,CLEARED,PFMS_MOCK
787,PRJ-2026-0611,TXN-101644,23632417.62,2024-05-29,CIVIL_WORK,CLEARED,PFMS_MOCK
788,PRJ-2026-0613,TXN-870076,10815760.98,2024-05-03,CIVIL_WORK,CLEARED,PFMS_MOCK
789,PRJ-2026-0613,TXN-693238,10815760.98,2024-06-02,CIVIL_WORK,CLEARED,PFMS_MOCK
790,PRJ-2026-0613,TXN-117685,10815760.98,2024-07-02,CIVIL_WORK,CLEARED,PFMS_MOCK
791,PRJ-2026-0614,TXN-943065,71909668.95,2024-06-03,CIVIL_WORK,CLEARED,PFMS_MOCK
792,PRJ-2026-0617,TXN-108703,13204391.45,2024-03-02,CIVIL_WORK,CLEARED,PFMS_MOCK
793,PRJ-2026-0617,TXN-131510,13204391.45,2024-04-01,CIVIL_WORK,CLEARED,PFMS_MOCK
794,PRJ-2026-0618,TXN-558857,27937401.4,2024-04-28,CIVIL_WORK,CLEARED,PFMS_MOCK
795,PRJ-2026-0618,TXN-485324,27937401.4,2024-05-28,CIVIL_WORK,CLEARED,PFMS_MOCK
796,PRJ-2026-0621,TXN-549171,13365978.13,2024-04-22,CIVIL_WORK,CLEARED,PFMS_MOCK
797,PRJ-2026-0622,TXN-978551,75646283.73,2024-06-05,CIVIL_WORK,CLEARED,PFMS_MOCK
798,PRJ-2026-0626,TXN-668036,5078781.39,2024-06-15,CIVIL_WORK,CLEARED,PFMS_MOCK
799,PRJ-2026-0627,TXN-267637,94231956.85,2024-04-03,CIVIL_WORK,CLEARED,PFMS_MOCK
800,PRJ-2026-0628,TXN-160874,16395160.32,2024-03-24,CIVIL_WORK,CLEARED,PFMS_MOCK
801,PRJ-2026-0628,TXN-853749,16395160.32,2024-04-23,CIVIL_WORK,CLEARED,PFMS_MOCK
802,PRJ-2026-0628,TXN-761214,16395160.32,2024-05-23,CIVIL_WORK,CLEARED,PFMS_MOCK
803,PRJ-2026-0629,TXN-100905,22738760.36,2024-03-22,CIVIL_WORK,CLEARED,PFMS_MOCK
804,PRJ-2026-0631,TXN-556985,29921108.38,2024-04-23,CIVIL_WORK,CLEARED,PFMS_MOCK
805,PRJ-2026-0631,TXN-351239,29921108.38,2024-05-23,CIVIL_WORK,CLEARED,PFMS_MOCK
806,PRJ-2026-0631,TXN-521752,29921108.38,2024-06-22,CIVIL_WORK,CLEARED,PFMS_MOCK
807,PRJ-2026-0632,TXN-408410,12104412.71,2024-04-03,CIVIL_WORK,CLEARED,PFMS_MOCK
808,PRJ-2026-0632,TXN-873775,12104412.71,2024-05-03,CIVIL_WORK,CLEARED,PFMS_MOCK
809,PRJ-2026-0632,TXN-913598,12104412.71,2024-06-02,CIVIL_WORK,CLEARED,PFMS_MOCK
810,PRJ-2026-0633,TXN-399096,12188035.12,2024-05-04,CIVIL_WORK,CLEARED,PFMS_MOCK
811,PRJ-2026-0633,TXN-703808,12188035.12,2024-06-03,CIVIL_WORK,CLEARED,PFMS_MOCK
812,PRJ-2026-0633,TXN-218653,12188035.12,2024-07-03,CIVIL_WORK,CLEARED,PFMS_MOCK
813,PRJ-2026-0634,TXN-998630,26763215.56,2024-06-05,CIVIL_WORK,CLEARED,PFMS_MOCK
814,PRJ-2026-0634,TXN-444762,26763215.56,2024-07-05,CIVIL_WORK,CLEARED,PFMS_MOCK
815,PRJ-2026-0634,TXN-155781,26763215.56,2024-08-04,CIVIL_WORK,CLEARED,PFMS_MOCK
816,PRJ-2026-0635,TXN-304357,35540691.34,2024-04-04,CIVIL_WORK,CLEARED,PFMS_MOCK
817,PRJ-2026-0635,TXN-710738,35540691.34,2024-05-04,CIVIL_WORK,CLEARED,PFMS_MOCK
818,PRJ-2026-0635,TXN-845107,35540691.34,2024-06-03,CIVIL_WORK,CLEARED,PFMS_MOCK
819,PRJ-2026-0636,TXN-410975,8412574.77,2024-03-02,CIVIL_WORK,CLEARED,PFMS_MOCK
820,PRJ-2026-0636,TXN-539809,8412574.77,2024-04-01,CIVIL_WORK,CLEARED,PFMS_MOCK
821,PRJ-2026-0636,TXN-103542,8412574.77,2024-05-01,CIVIL_WORK,CLEARED,PFMS_MOCK
822,PRJ-2026-0641,TXN-413555,15592624.24,2024-04-12,CIVIL_WORK,CLEARED,PFMS_MOCK
823,PRJ-2026-0641,TXN-855103,15592624.24,2024-05-12,CIVIL_WORK,CLEARED,PFMS_MOCK
824,PRJ-2026-0641,TXN-333268,15592624.24,2024-06-11,CIVIL_WORK,CLEARED,PFMS_MOCK
825,PRJ-2026-0642,TXN-929388,10505372.06,2024-05-01,CIVIL_WORK,CLEARED,PFMS_MOCK
826,PRJ-2026-0642,TXN-592658,10505372.06,2024-05-31,CIVIL_WORK,CLEARED,PFMS_MOCK
827,PRJ-2026-0642,TXN-722367,10505372.06,2024-06-30,CIVIL_WORK,CLEARED,PFMS_MOCK
828,PRJ-2026-0643,TXN-572876,11537994.72,2024-03-12,CIVIL_WORK,CLEARED,PFMS_MOCK
829,PRJ-2026-0644,TXN-684094,37092878.79,2024-03-03,CIVIL_WORK,CLEARED,PFMS_MOCK
830,PRJ-2026-0645,TXN-555797,29935494.92,2024-03-27,CIVIL_WORK,CLEARED,PFMS_MOCK
831,PRJ-2026-0645,TXN-107074,29935494.92,2024-04-26,CIVIL_WORK,CLEARED,PFMS_MOCK
832,PRJ-2026-0645,TXN-797264,29935494.92,2024-05-26,CIVIL_WORK,CLEARED,PFMS_MOCK
833,PRJ-2026-0646,TXN-457668,8517711.81,2024-05-03,CIVIL_WORK,CLEARED,PFMS_MOCK
834,PRJ-2026-0646,TXN-564015,8517711.81,2024-06-02,CIVIL_WORK,CLEARED,PFMS_MOCK
835,PRJ-2026-0646,TXN-127542,8517711.81,2024-07-02,CIVIL_WORK,CLEARED,PFMS_MOCK
836,PRJ-2026-0647,TXN-371770,27696959.34,2024-03-22,CIVIL_WORK,CLEARED,PFMS_MOCK
837,PRJ-2026-0647,TXN-878993,27696959.34,2024-04-21,CIVIL_WORK,CLEARED,PFMS_MOCK
838,PRJ-2026-0650,TXN-612591,8595514.96,2024-04-20,CIVIL_WORK,CLEARED,PFMS_MOCK
839,PRJ-2026-0650,TXN-306096,8595514.96,2024-05-20,CIVIL_WORK,CLEARED,PFMS_MOCK
840,PRJ-2026-0655,TXN-299312,21801525.53,2024-04-27,CIVIL_WORK,CLEARED,PFMS_MOCK
841,PRJ-2026-0655,TXN-810963,21801525.53,2024-05-27,CIVIL_WORK,CLEARED,PFMS_MOCK
842,PRJ-2026-0655,TXN-807630,21801525.53,2024-06-26,CIVIL_WORK,CLEARED,PFMS_MOCK
843,PRJ-2026-0657,TXN-957224,36473035.01,2024-04-14,CIVIL_WORK,CLEARED,PFMS_MOCK
844,PRJ-2026-0657,TXN-619454,36473035.01,2024-05-14,CIVIL_WORK,CLEARED,PFMS_MOCK
845,PRJ-2026-0659,TXN-511236,16525256.65,2024-05-26,CIVIL_WORK,CLEARED,PFMS_MOCK
846,PRJ-2026-0660,TXN-267920,14239129.27,2024-05-01,CIVIL_WORK,CLEARED,PFMS_MOCK
847,PRJ-2026-0660,TXN-475675,14239129.27,2024-05-31,CIVIL_WORK,CLEARED,PFMS_MOCK
848,PRJ-2026-0661,TXN-690956,16465275.58,2024-02-28,CIVIL_WORK,CLEARED,PFMS_MOCK
849,PRJ-2026-0661,TXN-630089,16465275.58,2024-03-29,CIVIL_WORK,CLEARED,PFMS_MOCK
850,PRJ-2026-0661,TXN-872693,16465275.58,2024-04-28,CIVIL_WORK,CLEARED,PFMS_MOCK
851,PRJ-2026-0662,TXN-966402,8062104.71,2024-04-26,CIVIL_WORK,CLEARED,PFMS_MOCK
852,PRJ-2026-0662,TXN-769709,8062104.71,2024-05-26,CIVIL_WORK,CLEARED,PFMS_MOCK
853,PRJ-2026-0662,TXN-249872,8062104.71,2024-06-25,CIVIL_WORK,CLEARED,PFMS_MOCK
854,PRJ-2026-0664,TXN-816173,14220981.14,2024-03-12,CIVIL_WORK,CLEARED,PFMS_MOCK
855,PRJ-2026-0664,TXN-746383,14220981.14,2024-04-11,CIVIL_WORK,CLEARED,PFMS_MOCK
856,PRJ-2026-0665,TXN-488312,9551613.41,2024-03-13,CIVIL_WORK,CLEARED,PFMS_MOCK
857,PRJ-2026-0665,TXN-430567,9551613.41,2024-04-12,CIVIL_WORK,CLEARED,PFMS_MOCK
858,PRJ-2026-0665,TXN-115028,9551613.41,2024-05-12,CIVIL_WORK,CLEARED,PFMS_MOCK
859,PRJ-2026-0670,TXN-519261,18533648.34,2024-03-24,CIVIL_WORK,CLEARED,PFMS_MOCK
860,PRJ-2026-0670,TXN-301915,18533648.34,2024-04-23,CIVIL_WORK,CLEARED,PFMS_MOCK
861,PRJ-2026-0670,TXN-823356,18533648.34,2024-05-23,CIVIL_WORK,CLEARED,PFMS_MOCK
862,PRJ-2026-0672,TXN-550793,63687748.78,2024-06-05,CIVIL_WORK,CLEARED,PFMS_MOCK
863,PRJ-2026-0673,TXN-919658,14066099.87,2024-03-23,CIVIL_WORK,CLEARED,PFMS_MOCK
864,PRJ-2026-0673,TXN-376270,14066099.87,2024-04-22,CIVIL_WORK,CLEARED,PFMS_MOCK
865,PRJ-2026-0674,TXN-152911,3381714.99,2024-05-09,CIVIL_WORK,CLEARED,PFMS_MOCK
866,PRJ-2026-0674,TXN-539446,3381714.99,2024-06-08,CIVIL_WORK,CLEARED,PFMS_MOCK
867,PRJ-2026-0674,TXN-420964,3381714.99,2024-07-08,CIVIL_WORK,CLEARED,PFMS_MOCK
868,PRJ-2026-0675,TXN-838373,25753843.89,2024-05-11,CIVIL_WORK,CLEARED,PFMS_MOCK
869,PRJ-2026-0675,TXN-575843,25753843.89,2024-06-10,CIVIL_WORK,CLEARED,PFMS_MOCK
870,PRJ-2026-0677,TXN-891193,27531286.88,2024-04-11,CIVIL_WORK,CLEARED,PFMS_MOCK
871,PRJ-2026-0677,TXN-929507,27531286.88,2024-05-11,CIVIL_WORK,CLEARED,PFMS_MOCK
872,PRJ-2026-0677,TXN-442158,27531286.88,2024-06-10,CIVIL_WORK,CLEARED,PFMS_MOCK
873,PRJ-2026-0678,TXN-841244,37984651.92,2024-03-04,CIVIL_WORK,CLEARED,PFMS_MOCK
874,PRJ-2026-0680,TXN-126218,4148772.96,2024-05-26,CIVIL_WORK,CLEARED,PFMS_MOCK
875,PRJ-2026-0680,TXN-941191,4148772.96,2024-06-25,CIVIL_WORK,CLEARED,PFMS_MOCK
876,PRJ-2026-0680,TXN-561387,4148772.96,2024-07-25,CIVIL_WORK,CLEARED,PFMS_MOCK
877,PRJ-2026-0681,TXN-524948,3273740.32,2024-05-21,CIVIL_WORK,CLEARED,PFMS_MOCK
878,PRJ-2026-0681,TXN-978151,3273740.32,2024-06-20,CIVIL_WORK,CLEARED,PFMS_MOCK
879,PRJ-2026-0681,TXN-599665,3273740.32,2024-07-20,CIVIL_WORK,CLEARED,PFMS_MOCK
880,PRJ-2026-0684,TXN-543283,40903707.12,2024-04-21,CIVIL_WORK,CLEARED,PFMS_MOCK
881,PRJ-2026-0684,TXN-167487,40903707.12,2024-05-21,CIVIL_WORK,CLEARED,PFMS_MOCK
882,PRJ-2026-0689,TXN-102213,16177396.16,2024-03-14,CIVIL_WORK,CLEARED,PFMS_MOCK
883,PRJ-2026-0689,TXN-872708,16177396.16,2024-04-13,CIVIL_WORK,CLEARED,PFMS_MOCK
884,PRJ-2026-0689,TXN-414098,16177396.16,2024-05-13,CIVIL_WORK,CLEARED,PFMS_MOCK
885,PRJ-2026-0692,TXN-709400,15721740.48,2024-05-29,CIVIL_WORK,CLEARED,PFMS_MOCK
886,PRJ-2026-0692,TXN-423648,15721740.48,2024-06-28,CIVIL_WORK,CLEARED,PFMS_MOCK
887,PRJ-2026-0695,TXN-104773,36056327.23,2024-03-16,CIVIL_WORK,CLEARED,PFMS_MOCK
888,PRJ-2026-0695,TXN-211728,36056327.23,2024-04-15,CIVIL_WORK,CLEARED,PFMS_MOCK
889,PRJ-2026-0696,TXN-254663,10215133.18,2024-05-31,CIVIL_WORK,CLEARED,PFMS_MOCK
890,PRJ-2026-0696,TXN-589006,10215133.18,2024-06-30,CIVIL_WORK,CLEARED,PFMS_MOCK
891,PRJ-2026-0696,TXN-339881,10215133.18,2024-07-30,CIVIL_WORK,CLEARED,PFMS_MOCK
892,PRJ-2026-0699,TXN-578377,48514264.18,2024-05-11,CIVIL_WORK,CLEARED,PFMS_MOCK
893,PRJ-2026-0699,TXN-654036,48514264.18,2024-06-10,CIVIL_WORK,CLEARED,PFMS_MOCK
894,PRJ-2026-0700,TXN-203381,9740525.4,2024-04-04,CIVIL_WORK,CLEARED,PFMS_MOCK
895,PRJ-2026-0702,TXN-996964,35666706.13,2024-03-26,CIVIL_WORK,CLEARED,PFMS_MOCK
896,PRJ-2026-0702,TXN-777916,35666706.13,2024-04-25,CIVIL_WORK,CLEARED,PFMS_MOCK
897,PRJ-2026-0703,TXN-791638,10487577.69,2024-05-10,CIVIL_WORK,CLEARED,PFMS_MOCK
898,PRJ-2026-0703,TXN-773933,10487577.69,2024-06-09,CIVIL_WORK,CLEARED,PFMS_MOCK
899,PRJ-2026-0703,TXN-138285,10487577.69,2024-07-09,CIVIL_WORK,CLEARED,PFMS_MOCK
900,PRJ-2026-0704,TXN-227071,5701143.5,2024-06-11,CIVIL_WORK,CLEARED,PFMS_MOCK
901,PRJ-2026-0704,TXN-114125,5701143.5,2024-07-11,CIVIL_WORK,CLEARED,PFMS_MOCK
902,PRJ-2026-0706,TXN-386635,42479356.09,2024-04-09,CIVIL_WORK,CLEARED,PFMS_MOCK
903,PRJ-2026-0706,TXN-789902,42479356.09,2024-05-09,CIVIL_WORK,CLEARED,PFMS_MOCK
904,PRJ-2026-0707,TXN-119749,26844242.27,2024-04-29,CIVIL_WORK,CLEARED,PFMS_MOCK
905,PRJ-2026-0708,TXN-571899,11583527.88,2024-04-08,CIVIL_WORK,CLEARED,PFMS_MOCK
906,PRJ-2026-0708,TXN-588609,11583527.88,2024-05-08,CIVIL_WORK,CLEARED,PFMS_MOCK
907,PRJ-2026-0708,TXN-492760,11583527.88,2024-06-07,CIVIL_WORK,CLEARED,PFMS_MOCK
908,PRJ-2026-0709,TXN-213960,56896072.77,2024-05-02,CIVIL_WORK,CLEARED,PFMS_MOCK
909,PRJ-2026-0710,TXN-933862,26819964.85,2024-05-31,CIVIL_WORK,CLEARED,PFMS_MOCK
910,PRJ-2026-0710,TXN-966676,26819964.85,2024-06-30,CIVIL_WORK,CLEARED,PFMS_MOCK
911,PRJ-2026-0711,TXN-859849,15347011.59,2024-04-29,CIVIL_WORK,CLEARED,PFMS_MOCK
912,PRJ-2026-0712,TXN-513319,17980896.61,2024-05-14,CIVIL_WORK,CLEARED,PFMS_MOCK
913,PRJ-2026-0712,TXN-423253,17980896.61,2024-06-13,CIVIL_WORK,CLEARED,PFMS_MOCK
914,PRJ-2026-0712,TXN-210252,17980896.61,2024-07-13,CIVIL_WORK,CLEARED,PFMS_MOCK
915,PRJ-2026-0713,TXN-864673,9295621.9,2024-04-30,CIVIL_WORK,CLEARED,PFMS_MOCK
916,PRJ-2026-0713,TXN-129465,9295621.9,2024-05-30,CIVIL_WORK,CLEARED,PFMS_MOCK
917,PRJ-2026-0713,TXN-328282,9295621.9,2024-06-29,CIVIL_WORK,CLEARED,PFMS_MOCK
918,PRJ-2026-0714,TXN-459699,37086755.94,2024-04-30,CIVIL_WORK,CLEARED,PFMS_MOCK
919,PRJ-2026-0714,TXN-492521,37086755.94,2024-05-30,CIVIL_WORK,CLEARED,PFMS_MOCK
920,PRJ-2026-0715,TXN-757318,36626487.86,2024-04-30,CIVIL_WORK,CLEARED,PFMS_MOCK
921,PRJ-2026-0716,TXN-877201,36475977.67,2024-06-11,CIVIL_WORK,CLEARED,PFMS_MOCK
922,PRJ-2026-0716,TXN-199086,36475977.67,2024-07-11,CIVIL_WORK,CLEARED,PFMS_MOCK
923,PRJ-2026-0717,TXN-681184,34077270.91,2024-04-06,CIVIL_WORK,CLEARED,PFMS_MOCK
924,PRJ-2026-0718,TXN-669924,6408834.65,2024-04-02,CIVIL_WORK,CLEARED,PFMS_MOCK
925,PRJ-2026-0718,TXN-789464,6408834.65,2024-05-02,CIVIL_WORK,CLEARED,PFMS_MOCK
926,PRJ-2026-0718,TXN-906484,6408834.65,2024-06-01,CIVIL_WORK,CLEARED,PFMS_MOCK
927,PRJ-2026-0720,TXN-937186,33013942.13,2024-04-28,CIVIL_WORK,CLEARED,PFMS_MOCK
928,PRJ-2026-0723,TXN-239316,40738397.93,2024-04-02,CIVIL_WORK,CLEARED,PFMS_MOCK
929,PRJ-2026-0725,TXN-640774,7452695.86,2024-04-07,CIVIL_WORK,CLEARED,PFMS_MOCK
930,PRJ-2026-0729,TXN-295299,33443591.89,2024-04-27,CIVIL_WORK,CLEARED,PFMS_MOCK
931,PRJ-2026-0729,TXN-119555,33443591.89,2024-05-27,CIVIL_WORK,CLEARED,PFMS_MOCK
932,PRJ-2026-0729,TXN-827467,33443591.89,2024-06-26,CIVIL_WORK,CLEARED,PFMS_MOCK
933,PRJ-2026-0730,TXN-299466,23334612.16,2024-03-18,CIVIL_WORK,CLEARED,PFMS_MOCK
934,PRJ-2026-0730,TXN-684261,23334612.16,2024-04-17,CIVIL_WORK,CLEARED,PFMS_MOCK
935,PRJ-2026-0734,TXN-215716,2844500.22,2024-03-31,CIVIL_WORK,CLEARED,PFMS_MOCK
936,PRJ-2026-0734,TXN-181229,2844500.22,2024-04-30,CIVIL_WORK,CLEARED,PFMS_MOCK
937,PRJ-2026-0734,TXN-208416,2844500.22,2024-05-30,CIVIL_WORK,CLEARED,PFMS_MOCK
938,PRJ-2026-0737,TXN-438185,44547087.74,2024-03-21,CIVIL_WORK,CLEARED,PFMS_MOCK
939,PRJ-2026-0737,TXN-550055,44547087.74,2024-04-20,CIVIL_WORK,CLEARED,PFMS_MOCK
940,PRJ-2026-0738,TXN-898946,8311512.52,2024-05-24,CIVIL_WORK,CLEARED,PFMS_MOCK
941,PRJ-2026-0738,TXN-423983,8311512.52,2024-06-23,CIVIL_WORK,CLEARED,PFMS_MOCK
942,PRJ-2026-0742,TXN-472332,16217359.96,2024-05-11,CIVIL_WORK,CLEARED,PFMS_MOCK
943,PRJ-2026-0742,TXN-157258,16217359.96,2024-06-10,CIVIL_WORK,CLEARED,PFMS_MOCK
944,PRJ-2026-0742,TXN-376957,16217359.96,2024-07-10,CIVIL_WORK,CLEARED,PFMS_MOCK
945,PRJ-2026-0744,TXN-321165,9187154.27,2024-03-29,CIVIL_WORK,CLEARED,PFMS_MOCK
946,PRJ-2026-0745,TXN-278800,9025603.2,2024-03-19,CIVIL_WORK,CLEARED,PFMS_MOCK
947,PRJ-2026-0745,TXN-977954,9025603.2,2024-04-18,CIVIL_WORK,CLEARED,PFMS_MOCK
948,PRJ-2026-0746,TXN-624096,17269310.29,2024-04-04,CIVIL_WORK,CLEARED,PFMS_MOCK
949,PRJ-2026-0746,TXN-119783,17269310.29,2024-05-04,CIVIL_WORK,CLEARED,PFMS_MOCK
950,PRJ-2026-0747,TXN-767813,33621010.13,2024-03-23,CIVIL_WORK,CLEARED,PFMS_MOCK
951,PRJ-2026-0749,TXN-466480,141453026.21,2024-04-06,CIVIL_WORK,CLEARED,PFMS_MOCK
952,PRJ-2026-0753,TXN-489176,8759441.28,2024-03-05,CIVIL_WORK,CLEARED,PFMS_MOCK
953,PRJ-2026-0753,TXN-665479,8759441.28,2024-04-04,CIVIL_WORK,CLEARED,PFMS_MOCK
954,PRJ-2026-0754,TXN-745610,13641237.95,2024-04-20,CIVIL_WORK,CLEARED,PFMS_MOCK
955,PRJ-2026-0756,TXN-124521,6910486.0,2024-03-23,CIVIL_WORK,CLEARED,PFMS_MOCK
956,PRJ-2026-0756,TXN-843906,6910486.0,2024-04-22,CIVIL_WORK,CLEARED,PFMS_MOCK
957,PRJ-2026-0758,TXN-480794,29319341.17,2024-03-31,CIVIL_WORK,CLEARED,PFMS_MOCK
958,PRJ-2026-0759,TXN-734273,38057775.97,2024-03-26,CIVIL_WORK,CLEARED,PFMS_MOCK
959,PRJ-2026-0759,TXN-384008,38057775.97,2024-04-25,CIVIL_WORK,CLEARED,PFMS_MOCK
960,PRJ-2026-0760,TXN-584317,29076800.59,2024-03-08,CIVIL_WORK,CLEARED,PFMS_MOCK
961,PRJ-2026-0762,TXN-164178,16580767.11,2024-03-10,CIVIL_WORK,CLEARED,PFMS_MOCK
962,PRJ-2026-0762,TXN-593767,16580767.11,2024-04-09,CIVIL_WORK,CLEARED,PFMS_MOCK
963,PRJ-2026-0762,TXN-622004,16580767.11,2024-05-09,CIVIL_WORK,CLEARED,PFMS_MOCK
964,PRJ-2026-0764,TXN-965457,66201097.7,2024-04-24,CIVIL_WORK,CLEARED,PFMS_MOCK
965,PRJ-2026-0765,TXN-217740,34882313.31,2024-04-18,CIVIL_WORK,CLEARED,PFMS_MOCK
966,PRJ-2026-0765,TXN-233084,34882313.31,2024-05-18,CIVIL_WORK,CLEARED,PFMS_MOCK
967,PRJ-2026-0767,TXN-932148,26610564.78,2024-06-19,CIVIL_WORK,CLEARED,PFMS_MOCK
968,PRJ-2026-0767,TXN-140571,26610564.78,2024-07-19,CIVIL_WORK,CLEARED,PFMS_MOCK
969,PRJ-2026-0767,TXN-948635,26610564.78,2024-08-18,CIVIL_WORK,CLEARED,PFMS_MOCK
970,PRJ-2026-0771,TXN-744880,26233463.91,2024-06-03,CIVIL_WORK,CLEARED,PFMS_MOCK
971,PRJ-2026-0771,TXN-627403,26233463.91,2024-07-03,CIVIL_WORK,CLEARED,PFMS_MOCK
972,PRJ-2026-0771,TXN-730634,26233463.91,2024-08-02,CIVIL_WORK,CLEARED,PFMS_MOCK
973,PRJ-2026-0772,TXN-688097,9107752.76,2024-03-16,CIVIL_WORK,CLEARED,PFMS_MOCK
974,PRJ-2026-0773,TXN-626012,27645533.18,2024-04-01,CIVIL_WORK,CLEARED,PFMS_MOCK
975,PRJ-2026-0773,TXN-330907,27645533.18,2024-05-01,CIVIL_WORK,CLEARED,PFMS_MOCK
976,PRJ-2026-0774,TXN-983145,2331393.26,2024-04-30,CIVIL_WORK,CLEARED,PFMS_MOCK
977,PRJ-2026-0774,TXN-603648,2331393.26,2024-05-30,CIVIL_WORK,CLEARED,PFMS_MOCK
978,PRJ-2026-0774,TXN-140280,2331393.26,2024-06-29,CIVIL_WORK,CLEARED,PFMS_MOCK
979,PRJ-2026-0777,TXN-547815,29585606.66,2024-06-09,CIVIL_WORK,CLEARED,PFMS_MOCK
980,PRJ-2026-0777,TXN-696692,29585606.66,2024-07-09,CIVIL_WORK,CLEARED,PFMS_MOCK
981,PRJ-2026-0777,TXN-906656,29585606.66,2024-08-08,CIVIL_WORK,CLEARED,PFMS_MOCK
982,PRJ-2026-0779,TXN-706017,9231247.59,2024-03-24,CIVIL_WORK,CLEARED,PFMS_MOCK
983,PRJ-2026-0779,TXN-753730,9231247.59,2024-04-23,CIVIL_WORK,CLEARED,PFMS_MOCK
984,PRJ-2026-0779,TXN-679181,9231247.59,2024-05-23,CIVIL_WORK,CLEARED,PFMS_MOCK
985,PRJ-2026-0781,TXN-735976,9519077.38,2024-04-09,CIVIL_WORK,CLEARED,PFMS_MOCK
986,PRJ-2026-0781,TXN-543520,9519077.38,2024-05-09,CIVIL_WORK,CLEARED,PFMS_MOCK
987,PRJ-2026-0782,TXN-347327,74572513.74,2024-03-20,CIVIL_WORK,CLEARED,PFMS_MOCK
988,PRJ-2026-0783,TXN-136165,3579520.86,2024-04-07,CIVIL_WORK,CLEARED,PFMS_MOCK
989,PRJ-2026-0784,TXN-895001,46418822.43,2024-04-07,CIVIL_WORK,CLEARED,PFMS_MOCK
990,PRJ-2026-0784,TXN-554071,46418822.43,2024-05-07,CIVIL_WORK,CLEARED,PFMS_MOCK
991,PRJ-2026-0785,TXN-442998,28402252.69,2024-05-25,CIVIL_WORK,CLEARED,PFMS_MOCK
992,PRJ-2026-0787,TXN-145944,25218149.71,2024-05-27,CIVIL_WORK,CLEARED,PFMS_MOCK
993,PRJ-2026-0788,TXN-978598,12136636.15,2024-04-24,CIVIL_WORK,CLEARED,PFMS_MOCK
994,PRJ-2026-0788,TXN-106427,12136636.15,2024-05-24,CIVIL_WORK,CLEARED,PFMS_MOCK
995,PRJ-2026-0788,TXN-253508,12136636.15,2024-06-23,CIVIL_WORK,CLEARED,PFMS_MOCK
996,PRJ-2026-0789,TXN-874415,49387253.96,2024-03-14,CIVIL_WORK,CLEARED,PFMS_MOCK
997,PRJ-2026-0791,TXN-563271,7010188.61,2024-03-01,CIVIL_WORK,CLEARED,PFMS_MOCK
998,PRJ-2026-0791,TXN-161906,7010188.61,2024-03-31,CIVIL_WORK,CLEARED,PFMS_MOCK
999,PRJ-2026-0791,TXN-982495,7010188.61,2024-04-30,CIVIL_WORK,CLEARED,PFMS_MOCK
1000,PRJ-2026-0792,TXN-735820,13907577.41,2024-04-24,CIVIL_WORK,CLEARED,PFMS_MOCK
1001,PRJ-2026-0792,TXN-526074,13907577.41,2024-05-24,CIVIL_WORK,CLEARED,PFMS_MOCK
1002,PRJ-2026-0792,TXN-173982,13907577.41,2024-06-23,CIVIL_WORK,CLEARED,PFMS_MOCK
1003,PRJ-2026-0794,TXN-596842,32764068.85,2024-04-13,CIVIL_WORK,CLEARED,PFMS_MOCK
1004,PRJ-2026-0794,TXN-733897,32764068.85,2024-05-13,CIVIL_WORK,CLEARED,PFMS_MOCK
1005,PRJ-2026-0801,TXN-720715,36639819.17,2024-04-16,CIVIL_WORK,CLEARED,PFMS_MOCK
1006,PRJ-2026-0801,TXN-189581,36639819.17,2024-05-16,CIVIL_WORK,CLEARED,PFMS_MOCK
1007,PRJ-2026-0803,TXN-842484,69109563.6,2024-04-18,CIVIL_WORK,CLEARED,PFMS_MOCK
1008,PRJ-2026-0804,TXN-407711,12970299.75,2024-06-08,CIVIL_WORK,CLEARED,PFMS_MOCK
1009,PRJ-2026-0804,TXN-966926,12970299.75,2024-07-08,CIVIL_WORK,CLEARED,PFMS_MOCK
1010,PRJ-2026-0804,TXN-859449,12970299.75,2024-08-07,CIVIL_WORK,CLEARED,PFMS_MOCK
1011,PRJ-2026-0805,TXN-498884,27404234.47,2024-05-25,CIVIL_WORK,CLEARED,PFMS_MOCK
1012,PRJ-2026-0805,TXN-509954,27404234.47,2024-06-24,CIVIL_WORK,CLEARED,PFMS_MOCK
1013,PRJ-2026-0805,TXN-550485,27404234.47,2024-07-24,CIVIL_WORK,CLEARED,PFMS_MOCK
1014,PRJ-2026-0807,TXN-204469,59697627.79,2024-05-15,CIVIL_WORK,CLEARED,PFMS_MOCK
1015,PRJ-2026-0807,TXN-348748,59697627.79,2024-06-14,CIVIL_WORK,CLEARED,PFMS_MOCK
1016,PRJ-2026-0808,TXN-105398,6789210.84,2024-06-14,CIVIL_WORK,CLEARED,PFMS_MOCK
1017,PRJ-2026-0808,TXN-183018,6789210.84,2024-07-14,CIVIL_WORK,CLEARED,PFMS_MOCK
1018,PRJ-2026-0808,TXN-774237,6789210.84,2024-08-13,CIVIL_WORK,CLEARED,PFMS_MOCK
1019,PRJ-2026-0810,TXN-553930,11097480.74,2024-05-08,CIVIL_WORK,CLEARED,PFMS_MOCK
1020,PRJ-2026-0810,TXN-119807,11097480.74,2024-06-07,CIVIL_WORK,CLEARED,PFMS_MOCK
1021,PRJ-2026-0815,TXN-857287,4553072.59,2024-05-03,CIVIL_WORK,CLEARED,PFMS_MOCK
1022,PRJ-2026-0815,TXN-418657,4553072.59,2024-06-02,CIVIL_WORK,CLEARED,PFMS_MOCK
1023,PRJ-2026-0815,TXN-431684,4553072.59,2024-07-02,CIVIL_WORK,CLEARED,PFMS_MOCK
1024,PRJ-2026-0817,TXN-565762,3748121.55,2024-03-18,CIVIL_WORK,CLEARED,PFMS_MOCK
1025,PRJ-2026-0817,TXN-884941,3748121.55,2024-04-17,CIVIL_WORK,CLEARED,PFMS_MOCK
1026,PRJ-2026-0817,TXN-177882,3748121.55,2024-05-17,CIVIL_WORK,CLEARED,PFMS_MOCK
1027,PRJ-2026-0820,TXN-929170,7723813.24,2024-06-03,CIVIL_WORK,CLEARED,PFMS_MOCK
1028,PRJ-2026-0821,TXN-665779,2682688.35,2024-04-04,CIVIL_WORK,CLEARED,PFMS_MOCK
1029,PRJ-2026-0821,TXN-805280,2682688.35,2024-05-04,CIVIL_WORK,CLEARED,PFMS_MOCK
1030,PRJ-2026-0821,TXN-934152,2682688.35,2024-06-03,CIVIL_WORK,CLEARED,PFMS_MOCK
1031,PRJ-2026-0822,TXN-774017,28351228.87,2024-04-07,CIVIL_WORK,CLEARED,PFMS_MOCK
1032,PRJ-2026-0822,TXN-305841,28351228.87,2024-05-07,CIVIL_WORK,CLEARED,PFMS_MOCK
1033,PRJ-2026-0822,TXN-895210,28351228.87,2024-06-06,CIVIL_WORK,CLEARED,PFMS_MOCK
1034,PRJ-2026-0823,TXN-705495,24265772.95,2024-04-06,CIVIL_WORK,CLEARED,PFMS_MOCK
1035,PRJ-2026-0823,TXN-776490,24265772.95,2024-05-06,CIVIL_WORK,CLEARED,PFMS_MOCK
1036,PRJ-2026-0828,TXN-634162,26236274.6,2024-05-13,CIVIL_WORK,CLEARED,PFMS_MOCK
1037,PRJ-2026-0830,TXN-163319,22659357.54,2024-04-10,CIVIL_WORK,CLEARED,PFMS_MOCK
1038,PRJ-2026-0830,TXN-398929,22659357.54,2024-05-10,CIVIL_WORK,CLEARED,PFMS_MOCK
1039,PRJ-2026-0831,TXN-508564,20152929.7,2024-05-16,CIVIL_WORK,CLEARED,PFMS_MOCK
1040,PRJ-2026-0834,TXN-583155,7935569.15,2024-05-28,CIVIL_WORK,CLEARED,PFMS_MOCK
1041,PRJ-2026-0834,TXN-600005,7935569.15,2024-06-27,CIVIL_WORK,CLEARED,PFMS_MOCK
1042,PRJ-2026-0834,TXN-201886,7935569.15,2024-07-27,CIVIL_WORK,CLEARED,PFMS_MOCK
1043,PRJ-2026-0835,TXN-287350,62125197.67,2024-05-29,CIVIL_WORK,CLEARED,PFMS_MOCK
1044,PRJ-2026-0836,TXN-416236,6002628.94,2024-05-10,CIVIL_WORK,CLEARED,PFMS_MOCK
1045,PRJ-2026-0836,TXN-149440,6002628.94,2024-06-09,CIVIL_WORK,CLEARED,PFMS_MOCK
1046,PRJ-2026-0836,TXN-181618,6002628.94,2024-07-09,CIVIL_WORK,CLEARED,PFMS_MOCK
1047,PRJ-2026-0839,TXN-878197,2253114.67,2024-05-11,CIVIL_WORK,CLEARED,PFMS_MOCK
1048,PRJ-2026-0839,TXN-718083,2253114.67,2024-06-10,CIVIL_WORK,CLEARED,PFMS_MOCK
1049,PRJ-2026-0839,TXN-507147,2253114.67,2024-07-10,CIVIL_WORK,CLEARED,PFMS_MOCK
1050,PRJ-2026-0840,TXN-722647,45591891.01,2024-03-10,CIVIL_WORK,CLEARED,PFMS_MOCK
1051,PRJ-2026-0840,TXN-212368,45591891.01,2024-04-09,CIVIL_WORK,CLEARED,PFMS_MOCK
1052,PRJ-2026-0843,TXN-826603,11998135.8,2024-03-25,CIVIL_WORK,CLEARED,PFMS_MOCK
1053,PRJ-2026-0843,TXN-689975,11998135.8,2024-04-24,CIVIL_WORK,CLEARED,PFMS_MOCK
1054,PRJ-2026-0844,TXN-125030,49574547.73,2024-05-25,CIVIL_WORK,CLEARED,PFMS_MOCK
1055,PRJ-2026-0844,TXN-599118,49574547.73,2024-06-24,CIVIL_WORK,CLEARED,PFMS_MOCK
1056,PRJ-2026-0845,TXN-387079,22765219.57,2024-04-07,CIVIL_WORK,CLEARED,PFMS_MOCK
1057,PRJ-2026-0845,TXN-870968,22765219.57,2024-05-07,CIVIL_WORK,CLEARED,PFMS_MOCK
1058,PRJ-2026-0846,TXN-430393,14053364.15,2024-04-01,CIVIL_WORK,CLEARED,PFMS_MOCK
1059,PRJ-2026-0846,TXN-652816,14053364.15,2024-05-01,CIVIL_WORK,CLEARED,PFMS_MOCK
1060,PRJ-2026-0846,TXN-450673,14053364.15,2024-05-31,CIVIL_WORK,CLEARED,PFMS_MOCK
1061,PRJ-2026-0848,TXN-945139,26677809.31,2024-05-11,CIVIL_WORK,CLEARED,PFMS_MOCK
1062,PRJ-2026-0853,TXN-244850,6470136.6,2024-03-29,CIVIL_WORK,CLEARED,PFMS_MOCK
1063,PRJ-2026-0853,TXN-206105,6470136.6,2024-04-28,CIVIL_WORK,CLEARED,PFMS_MOCK
1064,PRJ-2026-0854,TXN-657433,16332544.73,2024-03-09,CIVIL_WORK,CLEARED,PFMS_MOCK
1065,PRJ-2026-0855,TXN-397157,49284838.86,2024-03-06,CIVIL_WORK,CLEARED,PFMS_MOCK
1066,PRJ-2026-0860,TXN-182763,12162476.92,2024-03-20,CIVIL_WORK,CLEARED,PFMS_MOCK
1067,PRJ-2026-0860,TXN-221380,12162476.92,2024-04-19,CIVIL_WORK,CLEARED,PFMS_MOCK
1068,PRJ-2026-0860,TXN-372038,12162476.92,2024-05-19,CIVIL_WORK,CLEARED,PFMS_MOCK
1069,PRJ-2026-0861,TXN-899710,102543951.82,2024-03-11,CIVIL_WORK,CLEARED,PFMS_MOCK
1070,PRJ-2026-0863,TXN-499116,34895090.03,2024-05-13,CIVIL_WORK,CLEARED,PFMS_MOCK
1071,PRJ-2026-0864,TXN-950615,8892214.63,2024-03-31,CIVIL_WORK,CLEARED,PFMS_MOCK
1072,PRJ-2026-0864,TXN-257432,8892214.63,2024-04-30,CIVIL_WORK,CLEARED,PFMS_MOCK
1073,PRJ-2026-0865,TXN-413425,50779264.25,2024-05-08,CIVIL_WORK,CLEARED,PFMS_MOCK
1074,PRJ-2026-0866,TXN-392537,96220735.75,2024-04-12,CIVIL_WORK,CLEARED,PFMS_MOCK
1075,PRJ-2026-0870,TXN-426781,4066079.2,2024-05-23,CIVIL_WORK,CLEARED,PFMS_MOCK
1076,PRJ-2026-0870,TXN-627471,4066079.2,2024-06-22,CIVIL_WORK,CLEARED,PFMS_MOCK
1077,PRJ-2026-0870,TXN-368717,4066079.2,2024-07-22,CIVIL_WORK,CLEARED,PFMS_MOCK
1078,PRJ-2026-0871,TXN-941447,9231711.47,2024-03-02,CIVIL_WORK,CLEARED,PFMS_MOCK
1079,PRJ-2026-0875,TXN-987499,2952014.65,2024-04-06,CIVIL_WORK,CLEARED,PFMS_MOCK
1080,PRJ-2026-0875,TXN-713756,2952014.65,2024-05-06,CIVIL_WORK,CLEARED,PFMS_MOCK
1081,PRJ-2026-0875,TXN-409881,2952014.65,2024-06-05,CIVIL_WORK,CLEARED,PFMS_MOCK
1082,PRJ-2026-0876,TXN-963126,17420709.43,2024-04-02,CIVIL_WORK,CLEARED,PFMS_MOCK
1083,PRJ-2026-0876,TXN-992980,17420709.43,2024-05-02,CIVIL_WORK,CLEARED,PFMS_MOCK
1084,PRJ-2026-0877,TXN-816861,92712518.28,2024-06-06,CIVIL_WORK,CLEARED,PFMS_MOCK
1085,PRJ-2026-0878,TXN-482429,27143740.86,2024-05-24,CIVIL_WORK,CLEARED,PFMS_MOCK
1086,PRJ-2026-0878,TXN-397652,27143740.86,2024-06-23,CIVIL_WORK,CLEARED,PFMS_MOCK
1087,PRJ-2026-0880,TXN-990137,65992014.25,2024-05-20,CIVIL_WORK,CLEARED,PFMS_MOCK
1088,PRJ-2026-0885,TXN-942262,30080397.85,2024-05-10,CIVIL_WORK,CLEARED,PFMS_MOCK
1089,PRJ-2026-0885,TXN-930926,30080397.85,2024-06-09,CIVIL_WORK,CLEARED,PFMS_MOCK
1090,PRJ-2026-0885,TXN-384194,30080397.85,2024-07-09,CIVIL_WORK,CLEARED,PFMS_MOCK
1091,PRJ-2026-0886,TXN-614619,12581535.43,2024-04-12,CIVIL_WORK,CLEARED,PFMS_MOCK
1092,PRJ-2026-0886,TXN-185040,12581535.43,2024-05-12,CIVIL_WORK,CLEARED,PFMS_MOCK
1093,PRJ-2026-0886,TXN-694723,12581535.43,2024-06-11,CIVIL_WORK,CLEARED,PFMS_MOCK
1094,PRJ-2026-0887,TXN-780006,17478027.94,2024-04-23,CIVIL_WORK,CLEARED,PFMS_MOCK
1095,PRJ-2026-0887,TXN-330917,17478027.94,2024-05-23,CIVIL_WORK,CLEARED,PFMS_MOCK
1096,PRJ-2026-0888,TXN-453819,38816555.99,2024-04-22,CIVIL_WORK,CLEARED,PFMS_MOCK
1097,PRJ-2026-0888,TXN-895000,38816555.99,2024-05-22,CIVIL_WORK,CLEARED,PFMS_MOCK
1098,PRJ-2026-0889,TXN-898646,23975182.42,2024-04-05,CIVIL_WORK,CLEARED,PFMS_MOCK
1099,PRJ-2026-0889,TXN-456042,23975182.42,2024-05-05,CIVIL_WORK,CLEARED,PFMS_MOCK
1100,PRJ-2026-0889,TXN-268716,23975182.42,2024-06-04,CIVIL_WORK,CLEARED,PFMS_MOCK
1101,PRJ-2026-0891,TXN-810064,45938605.24,2024-06-13,CIVIL_WORK,CLEARED,PFMS_MOCK
1102,PRJ-2026-0891,TXN-149446,45938605.24,2024-07-13,CIVIL_WORK,CLEARED,PFMS_MOCK
1103,PRJ-2026-0892,TXN-814458,47772789.52,2024-04-25,CIVIL_WORK,CLEARED,PFMS_MOCK
1104,PRJ-2026-0894,TXN-250538,30759862.3,2024-04-09,CIVIL_WORK,CLEARED,PFMS_MOCK
1105,PRJ-2026-0894,TXN-821141,30759862.3,2024-05-09,CIVIL_WORK,CLEARED,PFMS_MOCK
1106,PRJ-2026-0894,TXN-321270,30759862.3,2024-06-08,CIVIL_WORK,CLEARED,PFMS_MOCK
1107,PRJ-2026-0895,TXN-994341,101638972.47,2024-03-27,CIVIL_WORK,CLEARED,PFMS_MOCK
1108,PRJ-2026-0896,TXN-906095,30269143.82,2024-03-12,CIVIL_WORK,CLEARED,PFMS_MOCK
1109,PRJ-2026-0896,TXN-897502,30269143.82,2024-04-11,CIVIL_WORK,CLEARED,PFMS_MOCK
1110,PRJ-2026-0898,TXN-793260,35939757.97,2024-02-27,CIVIL_WORK,CLEARED,PFMS_MOCK
1111,PRJ-2026-0900,TXN-303080,70046505.8,2024-05-13,CIVIL_WORK,CLEARED,PFMS_MOCK
1112,PRJ-2026-0901,TXN-866083,36985576.66,2024-05-28,CIVIL_WORK,CLEARED,PFMS_MOCK
1113,PRJ-2026-0902,TXN-361996,23188163.59,2024-03-28,CIVIL_WORK,CLEARED,PFMS_MOCK
1114,PRJ-2026-0902,TXN-568094,23188163.59,2024-04-27,CIVIL_WORK,CLEARED,PFMS_MOCK
1115,PRJ-2026-0902,TXN-482115,23188163.59,2024-05-27,CIVIL_WORK,CLEARED,PFMS_MOCK
1116,PRJ-2026-0904,TXN-900686,7078262.68,2024-05-03,CIVIL_WORK,CLEARED,PFMS_MOCK
1117,PRJ-2026-0904,TXN-905248,7078262.68,2024-06-02,CIVIL_WORK,CLEARED,PFMS_MOCK
1118,PRJ-2026-0904,TXN-747200,7078262.68,2024-07-02,CIVIL_WORK,CLEARED,PFMS_MOCK
1119,PRJ-2026-0905,TXN-195342,25834839.16,2024-04-04,CIVIL_WORK,CLEARED,PFMS_MOCK
1120,PRJ-2026-0905,TXN-659221,25834839.16,2024-05-04,CIVIL_WORK,CLEARED,PFMS_MOCK
1121,PRJ-2026-0906,TXN-217827,76837388.26,2024-04-11,CIVIL_WORK,CLEARED,PFMS_MOCK
1122,PRJ-2026-0907,TXN-260197,11447773.68,2024-06-17,CIVIL_WORK,CLEARED,PFMS_MOCK
1123,PRJ-2026-0907,TXN-260680,11447773.68,2024-07-17,CIVIL_WORK,CLEARED,PFMS_MOCK
1124,PRJ-2026-0908,TXN-148997,20630743.34,2024-03-21,CIVIL_WORK,CLEARED,PFMS_MOCK
1125,PRJ-2026-0908,TXN-109577,20630743.34,2024-04-20,CIVIL_WORK,CLEARED,PFMS_MOCK
1126,PRJ-2026-0908,TXN-469266,20630743.34,2024-05-20,CIVIL_WORK,CLEARED,PFMS_MOCK
1127,PRJ-2026-0910,TXN-998463,65162374.09,2024-03-06,CIVIL_WORK,CLEARED,PFMS_MOCK
1128,PRJ-2026-0912,TXN-886539,14002004.79,2024-06-04,CIVIL_WORK,CLEARED,PFMS_MOCK
1129,PRJ-2026-0912,TXN-305298,14002004.79,2024-07-04,CIVIL_WORK,CLEARED,PFMS_MOCK
1130,PRJ-2026-0913,TXN-464703,36893063.41,2024-03-13,CIVIL_WORK,CLEARED,PFMS_MOCK
1131,PRJ-2026-0914,TXN-853885,19589179.34,2024-06-12,CIVIL_WORK,CLEARED,PFMS_MOCK
1132,PRJ-2026-0914,TXN-644033,19589179.34,2024-07-12,CIVIL_WORK,CLEARED,PFMS_MOCK
1133,PRJ-2026-0916,TXN-923094,55757437.39,2024-06-09,CIVIL_WORK,CLEARED,PFMS_MOCK
1134,PRJ-2026-0916,TXN-188207,55757437.39,2024-07-09,CIVIL_WORK,CLEARED,PFMS_MOCK
1135,PRJ-2026-0917,TXN-664587,30593870.54,2024-06-06,CIVIL_WORK,CLEARED,PFMS_MOCK
1136,PRJ-2026-0918,TXN-912947,83018841.55,2024-04-01,CIVIL_WORK,CLEARED,PFMS_MOCK
1137,PRJ-2026-0919,TXN-754873,15871354.38,2024-03-31,CIVIL_WORK,CLEARED,PFMS_MOCK
1138,PRJ-2026-0919,TXN-207062,15871354.38,2024-04-30,CIVIL_WORK,CLEARED,PFMS_MOCK
1139,PRJ-2026-0919,TXN-877616,15871354.38,2024-05-30,CIVIL_WORK,CLEARED,PFMS_MOCK
1140,PRJ-2026-0920,TXN-765456,11375721.61,2024-05-24,CIVIL_WORK,CLEARED,PFMS_MOCK
1141,PRJ-2026-0920,TXN-824694,11375721.61,2024-06-23,CIVIL_WORK,CLEARED,PFMS_MOCK
1142,PRJ-2026-0920,TXN-921839,11375721.61,2024-07-23,CIVIL_WORK,CLEARED,PFMS_MOCK
1143,PRJ-2026-0922,TXN-616900,15696577.89,2024-03-28,CIVIL_WORK,CLEARED,PFMS_MOCK
1144,PRJ-2026-0923,TXN-800998,32922790.84,2024-04-24,CIVIL_WORK,CLEARED,PFMS_MOCK
1145,PRJ-2026-0923,TXN-127403,32922790.84,2024-05-24,CIVIL_WORK,CLEARED,PFMS_MOCK
1146,PRJ-2026-0923,TXN-864679,32922790.84,2024-06-23,CIVIL_WORK,CLEARED,PFMS_MOCK
1147,PRJ-2026-0924,TXN-149006,13484598.41,2024-05-11,CIVIL_WORK,CLEARED,PFMS_MOCK
1148,PRJ-2026-0925,TXN-217307,15412032.31,2024-04-17,CIVIL_WORK,CLEARED,PFMS_MOCK
1149,PRJ-2026-0925,TXN-569522,15412032.31,2024-05-17,CIVIL_WORK,CLEARED,PFMS_MOCK
1150,PRJ-2026-0926,TXN-795721,26390440.53,2024-04-04,CIVIL_WORK,CLEARED,PFMS_MOCK
1151,PRJ-2026-0926,TXN-271995,26390440.53,2024-05-04,CIVIL_WORK,CLEARED,PFMS_MOCK
1152,PRJ-2026-0926,TXN-545249,26390440.53,2024-06-03,CIVIL_WORK,CLEARED,PFMS_MOCK
1153,PRJ-2026-0927,TXN-749004,24733406.94,2024-04-23,CIVIL_WORK,CLEARED,PFMS_MOCK
1154,PRJ-2026-0928,TXN-587460,18854895.45,2024-05-21,CIVIL_WORK,CLEARED,PFMS_MOCK
1155,PRJ-2026-0928,TXN-681205,18854895.45,2024-06-20,CIVIL_WORK,CLEARED,PFMS_MOCK
1156,PRJ-2026-0928,TXN-616732,18854895.45,2024-07-20,CIVIL_WORK,CLEARED,PFMS_MOCK
1157,PRJ-2026-0929,TXN-627952,93273917.35,2024-02-27,CIVIL_WORK,CLEARED,PFMS_MOCK
1158,PRJ-2026-0930,TXN-620148,11371057.14,2024-05-24,CIVIL_WORK,CLEARED,PFMS_MOCK
1159,PRJ-2026-0930,TXN-914455,11371057.14,2024-06-23,CIVIL_WORK,CLEARED,PFMS_MOCK
1160,PRJ-2026-0931,TXN-494488,3233173.45,2024-06-22,CIVIL_WORK,CLEARED,PFMS_MOCK
1161,PRJ-2026-0931,TXN-507032,3233173.45,2024-07-22,CIVIL_WORK,CLEARED,PFMS_MOCK
1162,PRJ-2026-0931,TXN-766517,3233173.45,2024-08-21,CIVIL_WORK,CLEARED,PFMS_MOCK
1163,PRJ-2026-0932,TXN-712292,24542061.65,2024-04-18,CIVIL_WORK,CLEARED,PFMS_MOCK
1164,PRJ-2026-0933,TXN-773008,14658286.49,2024-03-31,CIVIL_WORK,CLEARED,PFMS_MOCK
1165,PRJ-2026-0934,TXN-309030,15792906.42,2024-04-24,CIVIL_WORK,CLEARED,PFMS_MOCK
1166,PRJ-2026-0934,TXN-301504,15792906.42,2024-05-24,CIVIL_WORK,CLEARED,PFMS_MOCK
1167,PRJ-2026-0934,TXN-606796,15792906.42,2024-06-23,CIVIL_WORK,CLEARED,PFMS_MOCK
1168,PRJ-2026-0936,TXN-764644,11707019.67,2024-03-25,CIVIL_WORK,CLEARED,PFMS_MOCK
1169,PRJ-2026-0936,TXN-411739,11707019.67,2024-04-24,CIVIL_WORK,CLEARED,PFMS_MOCK
1170,PRJ-2026-0936,TXN-194290,11707019.67,2024-05-24,CIVIL_WORK,CLEARED,PFMS_MOCK
1171,PRJ-2026-0938,TXN-607002,14668524.81,2024-04-08,CIVIL_WORK,CLEARED,PFMS_MOCK
1172,PRJ-2026-0938,TXN-642452,14668524.81,2024-05-08,CIVIL_WORK,CLEARED,PFMS_MOCK
1173,PRJ-2026-0940,TXN-871058,12510883.74,2024-06-13,CIVIL_WORK,CLEARED,PFMS_MOCK
1174,PRJ-2026-0940,TXN-900323,12510883.74,2024-07-13,CIVIL_WORK,CLEARED,PFMS_MOCK
1175,PRJ-2026-0941,TXN-303894,4600266.74,2024-03-19,CIVIL_WORK,CLEARED,PFMS_MOCK
1176,PRJ-2026-0941,TXN-593146,4600266.74,2024-04-18,CIVIL_WORK,CLEARED,PFMS_MOCK
1177,PRJ-2026-0941,TXN-187533,4600266.74,2024-05-18,CIVIL_WORK,CLEARED,PFMS_MOCK
1178,PRJ-2026-0942,TXN-310112,13333133.94,2024-05-31,CIVIL_WORK,CLEARED,PFMS_MOCK
1179,PRJ-2026-0942,TXN-149475,13333133.94,2024-06-30,CIVIL_WORK,CLEARED,PFMS_MOCK
1180,PRJ-2026-0943,TXN-881062,17198027.19,2024-03-04,CIVIL_WORK,CLEARED,PFMS_MOCK
1181,PRJ-2026-0943,TXN-877833,17198027.19,2024-04-03,CIVIL_WORK,CLEARED,PFMS_MOCK
1182,PRJ-2026-0948,TXN-147672,10225254.22,2024-05-29,CIVIL_WORK,CLEARED,PFMS_MOCK
1183,PRJ-2026-0948,TXN-404940,10225254.22,2024-06-28,CIVIL_WORK,CLEARED,PFMS_MOCK
1184,PRJ-2026-0948,TXN-998507,10225254.22,2024-07-28,CIVIL_WORK,CLEARED,PFMS_MOCK
1185,PRJ-2026-0949,TXN-169440,12917218.63,2024-04-05,CIVIL_WORK,CLEARED,PFMS_MOCK
1186,PRJ-2026-0949,TXN-289425,12917218.63,2024-05-05,CIVIL_WORK,CLEARED,PFMS_MOCK
1187,PRJ-2026-0949,TXN-562260,12917218.63,2024-06-04,CIVIL_WORK,CLEARED,PFMS_MOCK
1188,PRJ-2026-0950,TXN-368477,8854102.55,2024-04-15,CIVIL_WORK,CLEARED,PFMS_MOCK
1189,PRJ-2026-0950,TXN-338133,8854102.55,2024-05-15,CIVIL_WORK,CLEARED,PFMS_MOCK
1190,PRJ-2026-0950,TXN-222413,8854102.55,2024-06-14,CIVIL_WORK,CLEARED,PFMS_MOCK
1191,PRJ-2026-0952,TXN-314859,24538211.39,2024-05-08,CIVIL_WORK,CLEARED,PFMS_MOCK
1192,PRJ-2026-0952,TXN-990980,24538211.39,2024-06-07,CIVIL_WORK,CLEARED,PFMS_MOCK
1193,PRJ-2026-0953,TXN-155116,13595511.95,2024-04-20,CIVIL_WORK,CLEARED,PFMS_MOCK
1194,PRJ-2026-0953,TXN-948030,13595511.95,2024-05-20,CIVIL_WORK,CLEARED,PFMS_MOCK
1195,PRJ-2026-0954,TXN-861343,11196763.46,2024-04-09,CIVIL_WORK,CLEARED,PFMS_MOCK
1196,PRJ-2026-0954,TXN-506022,11196763.46,2024-05-09,CIVIL_WORK,CLEARED,PFMS_MOCK
1197,PRJ-2026-0954,TXN-312189,11196763.46,2024-06-08,CIVIL_WORK,CLEARED,PFMS_MOCK
1198,PRJ-2026-0955,TXN-240200,14287935.49,2024-05-30,CIVIL_WORK,CLEARED,PFMS_MOCK
1199,PRJ-2026-0955,TXN-824501,14287935.49,2024-06-29,CIVIL_WORK,CLEARED,PFMS_MOCK
1200,PRJ-2026-0957,TXN-996450,18790445.92,2024-03-10,CIVIL_WORK,CLEARED,PFMS_MOCK
1201,PRJ-2026-0959,TXN-515135,2187702.23,2024-06-09,CIVIL_WORK,CLEARED,PFMS_MOCK
1202,PRJ-2026-0959,TXN-510142,2187702.23,2024-07-09,CIVIL_WORK,CLEARED,PFMS_MOCK
1203,PRJ-2026-0959,TXN-691955,2187702.23,2024-08-08,CIVIL_WORK,CLEARED,PFMS_MOCK
1204,PRJ-2026-0960,TXN-352165,33923835.54,2024-05-13,CIVIL_WORK,CLEARED,PFMS_MOCK
1205,PRJ-2026-0960,TXN-788119,33923835.54,2024-06-12,CIVIL_WORK,CLEARED,PFMS_MOCK
1206,PRJ-2026-0960,TXN-632916,33923835.54,2024-07-12,CIVIL_WORK,CLEARED,PFMS_MOCK
1207,PRJ-2026-0963,TXN-726567,10525526.59,2024-05-23,CIVIL_WORK,CLEARED,PFMS_MOCK
1208,PRJ-2026-0963,TXN-320225,10525526.59,2024-06-22,CIVIL_WORK,CLEARED,PFMS_MOCK
1209,PRJ-2026-0963,TXN-233448,10525526.59,2024-07-22,CIVIL_WORK,CLEARED,PFMS_MOCK
1210,PRJ-2026-0964,TXN-124068,3737720.75,2024-03-08,CIVIL_WORK,CLEARED,PFMS_MOCK
1211,PRJ-2026-0964,TXN-377995,3737720.75,2024-04-07,CIVIL_WORK,CLEARED,PFMS_MOCK
1212,PRJ-2026-0964,TXN-280656,3737720.75,2024-05-07,CIVIL_WORK,CLEARED,PFMS_MOCK
1213,PRJ-2026-0966,TXN-427125,32120258.08,2024-04-16,CIVIL_WORK,CLEARED,PFMS_MOCK
1214,PRJ-2026-0966,TXN-380320,32120258.08,2024-05-16,CIVIL_WORK,CLEARED,PFMS_MOCK
1215,PRJ-2026-0968,TXN-242895,15135241.95,2024-04-29,CIVIL_WORK,CLEARED,PFMS_MOCK
1216,PRJ-2026-0969,TXN-446341,21127349.38,2024-04-06,CIVIL_WORK,CLEARED,PFMS_MOCK
1217,PRJ-2026-0969,TXN-957552,21127349.38,2024-05-06,CIVIL_WORK,CLEARED,PFMS_MOCK
1218,PRJ-2026-0970,TXN-447872,26462823.31,2024-05-28,CIVIL_WORK,CLEARED,PFMS_MOCK
1219,PRJ-2026-0977,TXN-831273,43491252.12,2024-05-15,CIVIL_WORK,CLEARED,PFMS_MOCK
1220,PRJ-2026-0978,TXN-392852,2655188.12,2024-05-15,CIVIL_WORK,CLEARED,PFMS_MOCK
1221,PRJ-2026-0978,TXN-408396,2655188.12,2024-06-14,CIVIL_WORK,CLEARED,PFMS_MOCK
1222,PRJ-2026-0978,TXN-116530,2655188.12,2024-07-14,CIVIL_WORK,CLEARED,PFMS_MOCK
1223,PRJ-2026-0980,TXN-181563,10326022.63,2024-03-17,CIVIL_WORK,CLEARED,PFMS_MOCK
1224,PRJ-2026-0980,TXN-259548,10326022.63,2024-04-16,CIVIL_WORK,CLEARED,PFMS_MOCK
1225,PRJ-2026-0982,TXN-747683,99792974.04,2024-04-20,CIVIL_WORK,CLEARED,PFMS_MOCK
1226,PRJ-2026-0983,TXN-727432,26697532.49,2024-05-30,CIVIL_WORK,CLEARED,PFMS_MOCK
1227,PRJ-2026-0983,TXN-505472,26697532.49,2024-06-29,CIVIL_WORK,CLEARED,PFMS_MOCK
1228,PRJ-2026-0983,TXN-770847,26697532.49,2024-07-29,CIVIL_WORK,CLEARED,PFMS_MOCK
1229,PRJ-2026-0986,TXN-118883,14385717.04,2024-05-16,CIVIL_WORK,CLEARED,PFMS_MOCK
1230,PRJ-2026-0986,TXN-217179,14385717.04,2024-06-15,CIVIL_WORK,CLEARED,PFMS_MOCK
1231,PRJ-2026-0994,TXN-119560,19523700.8,2024-03-16,CIVIL_WORK,CLEARED,PFMS_MOCK
1232,PRJ-2026-0994,TXN-498228,19523700.8,2024-04-15,CIVIL_WORK,CLEARED,PFMS_MOCK
1233,PRJ-2026-0997,TXN-172532,35906664.66,2024-04-03,CIVIL_WORK,CLEARED,PFMS_MOCK
1234,PRJ-2026-0998,TXN-348364,37593335.34,2024-05-13,CIVIL_WORK,CLEARED,PFMS_MOCK
1235,PRJ-2026-0998,TXN-211226,37593335.34,2024-06-12,CIVIL_WORK,CLEARED,PFMS_MOCK
1236,PRJ-2026-0999,TXN-956716,46099271.82,2024-04-20,CIVIL_WORK,CLEARED,PFMS_MOCK
1237,PRJ-2026-1002,TXN-789439,7692959.37,2024-05-06,CIVIL_WORK,CLEARED,PFMS_MOCK
1238,PRJ-2026-1002,TXN-654178,7692959.37,2024-06-05,CIVIL_WORK,CLEARED,PFMS_MOCK
1239,PRJ-2026-1003,TXN-633069,24574668.62,2024-03-23,CIVIL_WORK,CLEARED,PFMS_MOCK
1240,PRJ-2026-1003,TXN-808942,24574668.62,2024-04-22,CIVIL_WORK,CLEARED,PFMS_MOCK
1241,PRJ-2026-1003,TXN-391233,24574668.62,2024-05-22,CIVIL_WORK,CLEARED,PFMS_MOCK
1242,PRJ-2026-1008,TXN-420064,18876830.8,2024-03-15,CIVIL_WORK,CLEARED,PFMS_MOCK
1243,PRJ-2026-1009,TXN-700723,21109725.77,2024-04-01,CIVIL_WORK,CLEARED,PFMS_MOCK
1244,PRJ-2026-1010,TXN-955612,17074580.05,2024-05-28,CIVIL_WORK,CLEARED,PFMS_MOCK
1245,PRJ-2026-1012,TXN-142952,24103360.69,2024-04-16,CIVIL_WORK,CLEARED,PFMS_MOCK
1246,PRJ-2026-1013,TXN-362968,15614403.48,2024-05-31,CIVIL_WORK,CLEARED,PFMS_MOCK
1247,PRJ-2026-1013,TXN-378813,15614403.48,2024-06-30,CIVIL_WORK,CLEARED,PFMS_MOCK
1248,PRJ-2026-1013,TXN-715944,15614403.48,2024-07-30,CIVIL_WORK,CLEARED,PFMS_MOCK
1249,PRJ-2026-1014,TXN-956268,25625747.44,2024-03-19,CIVIL_WORK,CLEARED,PFMS_MOCK
1250,PRJ-2026-1016,TXN-544652,18743556.62,2024-03-25,CIVIL_WORK,CLEARED,PFMS_MOCK
1251,PRJ-2026-1016,TXN-181236,18743556.62,2024-04-24,CIVIL_WORK,CLEARED,PFMS_MOCK
1252,PRJ-2026-1016,TXN-196518,18743556.62,2024-05-24,CIVIL_WORK,CLEARED,PFMS_MOCK
1253,PRJ-2026-1017,TXN-837972,102266756.85,2024-05-20,CIVIL_WORK,CLEARED,PFMS_MOCK
1254,PRJ-2026-1018,TXN-925970,11947679.21,2024-03-24,CIVIL_WORK,CLEARED,PFMS_MOCK
1255,PRJ-2026-1018,TXN-628038,11947679.21,2024-04-23,CIVIL_WORK,CLEARED,PFMS_MOCK
1256,PRJ-2026-1019,TXN-243431,26525725.16,2024-05-08,CIVIL_WORK,CLEARED,PFMS_MOCK
1257,PRJ-2026-1019,TXN-426864,26525725.16,2024-06-07,CIVIL_WORK,CLEARED,PFMS_MOCK
1258,PRJ-2026-1020,TXN-244411,46974274.84,2024-05-21,CIVIL_WORK,CLEARED,PFMS_MOCK
1259,PRJ-2026-1020,TXN-208670,46974274.84,2024-06-20,CIVIL_WORK,CLEARED,PFMS_MOCK
1260,PRJ-2026-1021,TXN-650061,33884787.7,2024-04-16,CIVIL_WORK,CLEARED,PFMS_MOCK
1261,PRJ-2026-1021,TXN-884240,33884787.7,2024-05-16,CIVIL_WORK,CLEARED,PFMS_MOCK
1262,PRJ-2026-1021,TXN-209337,33884787.7,2024-06-15,CIVIL_WORK,CLEARED,PFMS_MOCK
1263,PRJ-2026-1022,TXN-889558,44950471.19,2024-06-01,CIVIL_WORK,CLEARED,PFMS_MOCK
1264,PRJ-2026-1022,TXN-607430,44950471.19,2024-07-01,CIVIL_WORK,CLEARED,PFMS_MOCK
1265,PRJ-2026-1024,TXN-801664,21553733.09,2024-03-12,CIVIL_WORK,CLEARED,PFMS_MOCK
1266,PRJ-2026-1024,TXN-226774,21553733.09,2024-04-11,CIVIL_WORK,CLEARED,PFMS_MOCK
1267,PRJ-2026-1024,TXN-837888,21553733.09,2024-05-11,CIVIL_WORK,CLEARED,PFMS_MOCK
1268,PRJ-2026-1027,TXN-307590,14871390.04,2024-06-06,CIVIL_WORK,CLEARED,PFMS_MOCK
1269,PRJ-2026-1027,TXN-345666,14871390.04,2024-07-06,CIVIL_WORK,CLEARED,PFMS_MOCK
1270,PRJ-2026-1030,TXN-371112,51370397.13,2024-03-21,CIVIL_WORK,CLEARED,PFMS_MOCK
1271,PRJ-2026-1030,TXN-157744,51370397.13,2024-04-20,CIVIL_WORK,CLEARED,PFMS_MOCK
1272,PRJ-2026-1031,TXN-491591,10683867.87,2024-05-03,CIVIL_WORK,CLEARED,PFMS_MOCK
1273,PRJ-2026-1031,TXN-221435,10683867.87,2024-06-02,CIVIL_WORK,CLEARED,PFMS_MOCK
1274,PRJ-2026-1031,TXN-934146,10683867.87,2024-07-02,CIVIL_WORK,CLEARED,PFMS_MOCK
1275,PRJ-2026-1032,TXN-169147,82267219.15,2024-04-24,CIVIL_WORK,CLEARED,PFMS_MOCK
1276,PRJ-2026-1034,TXN-554002,16265076.18,2024-04-08,CIVIL_WORK,CLEARED,PFMS_MOCK
1277,PRJ-2026-1034,TXN-371039,16265076.18,2024-05-08,CIVIL_WORK,CLEARED,PFMS_MOCK
1278,PRJ-2026-1034,TXN-603473,16265076.18,2024-06-07,CIVIL_WORK,CLEARED,PFMS_MOCK
1279,PRJ-2026-1036,TXN-589245,3371890.62,2024-05-26,CIVIL_WORK,CLEARED,PFMS_MOCK
1280,PRJ-2026-1036,TXN-587722,3371890.62,2024-06-25,CIVIL_WORK,CLEARED,PFMS_MOCK
1281,PRJ-2026-1036,TXN-774274,3371890.62,2024-07-25,CIVIL_WORK,CLEARED,PFMS_MOCK
1282,PRJ-2026-1038,TXN-574895,46991567.49,2024-03-10,CIVIL_WORK,CLEARED,PFMS_MOCK
1283,PRJ-2026-1039,TXN-182785,9152596.02,2024-04-30,CIVIL_WORK,CLEARED,PFMS_MOCK
1284,PRJ-2026-1039,TXN-826311,9152596.02,2024-05-30,CIVIL_WORK,CLEARED,PFMS_MOCK
1285,PRJ-2026-1040,TXN-183386,49627191.58,2024-04-23,CIVIL_WORK,CLEARED,PFMS_MOCK
1286,PRJ-2026-1040,TXN-575572,49627191.58,2024-05-23,CIVIL_WORK,CLEARED,PFMS_MOCK
1287,PRJ-2026-1041,TXN-309538,36592470.66,2024-04-23,CIVIL_WORK,CLEARED,PFMS_MOCK
1288,PRJ-2026-1041,TXN-562424,36592470.66,2024-05-23,CIVIL_WORK,CLEARED,PFMS_MOCK
1289,PRJ-2026-1041,TXN-440809,36592470.66,2024-06-22,CIVIL_WORK,CLEARED,PFMS_MOCK
1290,PRJ-2026-1043,TXN-606701,2265052.88,2024-05-07,CIVIL_WORK,CLEARED,PFMS_MOCK
1291,PRJ-2026-1043,TXN-720779,2265052.88,2024-06-06,CIVIL_WORK,CLEARED,PFMS_MOCK
1292,PRJ-2026-1043,TXN-174312,2265052.88,2024-07-06,CIVIL_WORK,CLEARED,PFMS_MOCK
1293,PRJ-2026-1045,TXN-678058,12669816.59,2024-03-30,CIVIL_WORK,CLEARED,PFMS_MOCK
1294,PRJ-2026-1045,TXN-642030,12669816.59,2024-04-29,CIVIL_WORK,CLEARED,PFMS_MOCK
1295,PRJ-2026-1045,TXN-516440,12669816.59,2024-05-29,CIVIL_WORK,CLEARED,PFMS_MOCK
1296,PRJ-2026-1047,TXN-594792,15237179.52,2024-03-16,CIVIL_WORK,CLEARED,PFMS_MOCK
1297,PRJ-2026-1051,TXN-426870,52822067.05,2024-04-09,CIVIL_WORK,CLEARED,PFMS_MOCK
1298,PRJ-2026-1051,TXN-508822,52822067.05,2024-05-09,CIVIL_WORK,CLEARED,PFMS_MOCK
1299,PRJ-2026-1052,TXN-940892,16109141.65,2024-04-30,CIVIL_WORK,CLEARED,PFMS_MOCK
1300,PRJ-2026-1052,TXN-792641,16109141.65,2024-05-30,CIVIL_WORK,CLEARED,PFMS_MOCK
1301,PRJ-2026-1053,TXN-689230,11354575.43,2024-05-04,CIVIL_WORK,CLEARED,PFMS_MOCK
1302,PRJ-2026-1053,TXN-834107,11354575.43,2024-06-03,CIVIL_WORK,CLEARED,PFMS_MOCK
1303,PRJ-2026-1053,TXN-517009,11354575.43,2024-07-03,CIVIL_WORK,CLEARED,PFMS_MOCK
1304,PRJ-2026-1055,TXN-483522,12602064.47,2024-04-05,CIVIL_WORK,CLEARED,PFMS_MOCK
1305,PRJ-2026-1055,TXN-436251,12602064.47,2024-05-05,CIVIL_WORK,CLEARED,PFMS_MOCK
1306,PRJ-2026-1055,TXN-188693,12602064.47,2024-06-04,CIVIL_WORK,CLEARED,PFMS_MOCK
1307,PRJ-2026-1056,TXN-670983,30682860.45,2024-06-11,CIVIL_WORK,CLEARED,PFMS_MOCK
1308,PRJ-2026-1056,TXN-957945,30682860.45,2024-07-11,CIVIL_WORK,CLEARED,PFMS_MOCK
1309,PRJ-2026-1056,TXN-533258,30682860.45,2024-08-10,CIVIL_WORK,CLEARED,PFMS_MOCK
1310,PRJ-2026-1061,TXN-122688,10030618.76,2024-05-27,CIVIL_WORK,CLEARED,PFMS_MOCK
1311,PRJ-2026-1062,TXN-812278,9766986.07,2024-03-27,CIVIL_WORK,CLEARED,PFMS_MOCK
1312,PRJ-2026-1062,TXN-744068,9766986.07,2024-04-26,CIVIL_WORK,CLEARED,PFMS_MOCK
1313,PRJ-2026-1067,TXN-718196,7560931.59,2024-03-23,CIVIL_WORK,CLEARED,PFMS_MOCK
1314,PRJ-2026-1067,TXN-300743,7560931.59,2024-04-22,CIVIL_WORK,CLEARED,PFMS_MOCK
1315,PRJ-2026-1067,TXN-924761,7560931.59,2024-05-22,CIVIL_WORK,CLEARED,PFMS_MOCK
1316,PRJ-2026-1068,TXN-616741,90847151.58,2024-04-12,CIVIL_WORK,CLEARED,PFMS_MOCK
1317,PRJ-2026-1070,TXN-171208,91518598.22,2024-06-06,CIVIL_WORK,CLEARED,PFMS_MOCK
1318,PRJ-2026-1072,TXN-374993,12143634.18,2024-03-22,CIVIL_WORK,CLEARED,PFMS_MOCK
1319,PRJ-2026-1072,TXN-658158,12143634.18,2024-04-21,CIVIL_WORK,CLEARED,PFMS_MOCK
1320,PRJ-2026-1073,TXN-137052,14841216.69,2024-05-04,CIVIL_WORK,CLEARED,PFMS_MOCK
1321,PRJ-2026-1073,TXN-205005,14841216.69,2024-06-03,CIVIL_WORK,CLEARED,PFMS_MOCK
1322,PRJ-2026-1073,TXN-934916,14841216.69,2024-07-03,CIVIL_WORK,CLEARED,PFMS_MOCK
1323,PRJ-2026-1076,TXN-765765,41375924.52,2024-03-14,CIVIL_WORK,CLEARED,PFMS_MOCK
1324,PRJ-2026-1077,TXN-515604,4855621.78,2024-04-28,CIVIL_WORK,CLEARED,PFMS_MOCK
1325,PRJ-2026-1077,TXN-143624,4855621.78,2024-05-28,CIVIL_WORK,CLEARED,PFMS_MOCK
1326,PRJ-2026-1079,TXN-355422,26646063.45,2024-03-27,CIVIL_WORK,CLEARED,PFMS_MOCK
1327,PRJ-2026-1079,TXN-724573,26646063.45,2024-04-26,CIVIL_WORK,CLEARED,PFMS_MOCK
1328,PRJ-2026-1079,TXN-132916,26646063.45,2024-05-26,CIVIL_WORK,CLEARED,PFMS_MOCK
1329,PRJ-2026-1080,TXN-503769,32683531.57,2024-05-15,CIVIL_WORK,CLEARED,PFMS_MOCK
1330,PRJ-2026-1083,TXN-161312,71667893.42,2024-04-22,CIVIL_WORK,CLEARED,PFMS_MOCK
1331,PRJ-2026-1085,TXN-842229,5198921.17,2024-05-07,CIVIL_WORK,CLEARED,PFMS_MOCK
1332,PRJ-2026-1085,TXN-379549,5198921.17,2024-06-06,CIVIL_WORK,CLEARED,PFMS_MOCK
1333,PRJ-2026-1085,TXN-992553,5198921.17,2024-07-06,CIVIL_WORK,CLEARED,PFMS_MOCK
1334,PRJ-2026-1086,TXN-960996,31519665.47,2024-05-10,CIVIL_WORK,CLEARED,PFMS_MOCK
