project_id,constituency,district,mp_name,state,sanctioned_amount,released_amount,expenditure,project_status,sanctioned_duration_days,project_start_date,expected_completion_date,actual_completion_date,implementing_agency,project_category,progress_percent,released_amount_imputed
PU08001,Ludhiana Constituency,Ludhiana,Meena Rao,Punjab,2000000.0,2000000.0,678631.94,completed,180.0,2023-07-20,2024-01-16,2024-06-07,Jal Nigam,electricity,100.0,False
TA08002,Coimbatore Constituency,Coimbatore,Kavita Rao,Tamil Nadu,200000.0,200000.0,145575.38,stalled,180.0,2023-09-01,2024-02-28,,Zilla Parishad,electricity,35.0,False
TA08003,Chennai Constituency,Chennai,Meena Verma,Tamil Nadu,1500000.0,1500000.0,2041928.64,ongoing,365.0,2024-11-03,2025-11-03,,Jal Nigam,electricity,31.6,False
MA08004,Pune Constituency,Pune,Ramesh Patel,Maharashtra,1000000.0,500000.0,1371604.15,stalled,730.0,2023-04-13,2025-04-12,,Zilla Parishad,road,11.2,False
UT08005,Kanpur Nagar Constituency,Kanpur Nagar,Anita Iyer,Uttar Pradesh,500000.0,500000.0,233226.52,stalled,730.0,2023-07-22,2025-07-21,,Rural Dev Dept,drinking water,36.3,False
UT08006,Lucknow Constituency,Lucknow,Kavita Iyer,Uttar Pradesh,1000000.0,1000000.0,729288.53,ongoing,180.0,2023-12-24,2024-06-21,,Jal Nigam,community hall,77.4,False
PU08007,Ludhiana Constituency,Ludhiana,Meena Rao,Punjab,1500000.0,750000.0,690445.02,ongoing,180.0,2024-07-23,2025-01-19,,Zilla Parishad,community hall,19.4,False
UT08008,Varanasi Constituency,Varanasi,Lakshmi Gowda,Uttar Pradesh,200000.0,0.0,0.0,recommended,730.0,2024-05-31,2026-05-31,,Rural Dev Dept,road,,False
UT08009,Lucknow Constituency,Lucknow,Kavita Iyer,Uttar Pradesh,500000.0,500000.0,255798.33,ongoing,730.0,2024-05-26,2026-05-26,,Zilla Parishad,community hall,65.6,False
BI08010,Muzaffarpur Constituency,Muzaffarpur,Ramesh Verma,Bihar,2500000.0,1250000.0,943715.2,sanctioned,90.0,2023-06-26,2023-09-24,,Jal Nigam,irrigation,,False
RA08011,Jaipur Constituency,Jaipur,Kavita Verma,Rajasthan,500000.0,0.0,0.0,recommended,90.0,2023-07-12,2023-10-10,,Zilla Parishad,irrigation,,False
AN08012,Guntur Constituency,Guntur,Priya Reddy,Andhra Pradesh,200000.0,100000.0,263112.51,stalled,365.0,2024-01-28,2025-01-27,,PWD,drinking water,28.8,False
TA08013,Madurai Constituency,Madurai,Sunita Singh,Tamil Nadu,2500000.0,2500000.0,2124235.28,stalled,270.0,2024-03-13,2024-12-08,,Jal Nigam,community hall,13.2,False
BI08014,Muzaffarpur Constituency,Muzaffarpur,Ramesh Verma,Bihar,300000.0,300000.0,397954.28,ongoing,545.0,2023-08-28,2025-02-23,,PWD,irrigation,13.6,False
UT08015,Varanasi Constituency,Varanasi,Lakshmi Gowda,Uttar Pradesh,2000000.0,2000000.0,1034867.26,stalled,545.0,2024-05-14,2025-11-10,,PWD,community hall,13.7,False
WE08016,Kolkata Constituency,Kolkata,Priya Singh,West Bengal,2500000.0,2500000.0,2432755.12,ongoing,545.0,2023-05-02,2024-10-28,,Rural Dev Dept,irrigation,64.0,False
MA08017,Pune Constituency,Pune,Ramesh Patel,Maharashtra,300000.0,300000.0,177742.42,stalled,270.0,2023-08-14,2024-05-10,,PWD,community hall,21.3,False
PU08018,Ludhiana Constituency,Ludhiana,Meena Rao,Punjab,750000.0,750000.0,528901.06,stalled,270.0,2023-09-01,2024-05-28,,Rural Dev Dept,irrigation,13.0,False
KA08019,Belagavi Constituency,Belagavi,Deepa Reddy,Karnataka,750000.0,750000.0,457534.23,stalled,180.0,2023-06-11,2023-12-08,,Rural Dev Dept,electricity,29.5,False
UT08020,Lucknow Constituency,Lucknow,Kavita Iyer,Uttar Pradesh,1500000.0,750000.0,1774123.18,sanctioned,730.0,2024-02-10,2026-02-09,,Jal Nigam,school,,False
BI08021,Gaya Constituency,Gaya,Arjun Sharma,Bihar,300000.0,300000.0,232355.14,ongoing,545.0,2024-04-06,2025-10-03,,Rural Dev Dept,school,20.7,False
WE08022,Kolkata Constituency,Kolkata,Priya Singh,West Bengal,2000000.0,2000000.0,1539299.88,ongoing,180.0,2023-09-24,2024-03-22,,Rural Dev Dept,sanitation,28.1,False
RA08023,Jodhpur Constituency,Jodhpur,Kavita Nair,Rajasthan,750000.0,375000.0,298889.18,ongoing,730.0,2024-06-14,2026-06-14,,PWD,school,87.7,False
UT08024,Varanasi Constituency,Varanasi,Lakshmi Gowda,Uttar Pradesh,750000.0,750000.0,387652.67,stalled,730.0,2024-09-11,2026-09-11,,Rural Dev Dept,drinking water,17.8,False
TA08025,Coimbatore Constituency,Coimbatore,Kavita Rao,Tamil Nadu,2000000.0,2000000.0,870731.09,ongoing,545.0,2023-10-06,2025-04-03,,Rural Dev Dept,drinking water,73.6,False
KE08026,Kozhikode Constituency,Kozhikode,Sunita Verma,Kerala,750000.0,750000.0,616785.85,stalled,730.0,2023-06-29,2025-06-28,,Rural Dev Dept,sanitation,19.7,False
KA08027,Mysuru Constituency,Mysuru,Meena Iyer,Karnataka,200000.0,100000.0,238814.33,stalled,90.0,2024-05-23,2024-08-21,,Rural Dev Dept,sanitation,31.4,False
UT08028,Varanasi Constituency,Varanasi,Lakshmi Gowda,Uttar Pradesh,1000000.0,1000000.0,799234.79,sanctioned,90.0,2024-01-09,2024-04-08,,Zilla Parishad,road,,False
KA08029,Bengaluru Urban Constituency,Bengaluru Urban,Priya Iyer,Karnataka,1500000.0,1500000.0,655937.5,completed,180.0,2024-06-06,2024-12-03,2025-01-29,Jal Nigam,road,100.0,False
MA08030,Nagpur Constituency,Nagpur,Meena Nair,Maharashtra,500000.0,0.0,0.0,recommended,180.0,2024-09-23,2025-03-22,,Zilla Parishad,sanitation,,False
MA08031,Pune Constituency,Pune,Ramesh Patel,Maharashtra,1000000.0,1000000.0,532240.8,completed,730.0,2024-05-11,2026-05-11,2026-06-18,Rural Dev Dept,community hall,100.0,False
KA08032,Bengaluru Urban Constituency,Bengaluru Urban,Priya Iyer,Karnataka,1500000.0,750000.0,746073.69,ongoing,365.0,2023-03-04,2024-03-03,,Jal Nigam,sanitation,87.5,False
MA08033,Pune Constituency,Pune,Ramesh Patel,Maharashtra,500000.0,250000.0,219363.11,completed,365.0,2023-10-09,2024-10-08,2024-10-11,Rural Dev Dept,electricity,100.0,False
AN08034,Krishna Constituency,Krishna,Anita Reddy,Andhra Pradesh,300000.0,300000.0,138759.56,ongoing,90.0,2023-12-22,2024-03-21,,PWD,road,71.6,False
UT08035,Kanpur Nagar Constituency,Kanpur Nagar,Anita Iyer,Uttar Pradesh,200000.0,100000.0,96602.5,stalled,545.0,2023-09-18,2025-03-16,,Jal Nigam,community hall,39.6,False
KA08036,Bengaluru Urban Constituency,Bengaluru Urban,Priya Iyer,Karnataka,300000.0,300000.0,551119.75,ongoing,270.0,2023-01-07,2023-10-04,,Jal Nigam,drinking water,45.0,False
AN08037,Visakhapatnam Constituency,Visakhapatnam,Vikram Naidu,Andhra Pradesh,500000.0,0.0,0.0,recommended,270.0,2024-02-24,2024-11-20,,PWD,school,,False
TA08038,Chennai Constituency,Chennai,Meena Verma,Tamil Nadu,750000.0,750000.0,237434.16,stalled,270.0,2023-06-11,2024-03-07,,PWD,drinking water,36.5,False
WE08039,Howrah Constituency,Howrah,Anita Nair,West Bengal,1500000.0,1500000.0,728054.44,completed,545.0,2024-09-07,2026-03-06,2026-05-17,Zilla Parishad,electricity,100.0,False
AN08040,Visakhapatnam Constituency,Visakhapatnam,Vikram Naidu,Andhra Pradesh,2500000.0,2500000.0,2398935.64,stalled,365.0,2023-02-08,2024-02-08,,PWD,school,30.8,False
KE08041,Ernakulam Constituency,Ernakulam,Vikram Patel,Kerala,200000.0,0.0,0.0,recommended,545.0,2024-02-03,2025-08-01,,Rural Dev Dept,sanitation,,False
UT08042,Lucknow Constituency,Lucknow,Kavita Iyer,Uttar Pradesh,1000000.0,1000000.0,336248.73,completed,545.0,2024-07-13,2026-01-09,2026-01-08,PWD,drinking water,100.0,False
KA08043,Belagavi Constituency,Belagavi,Deepa Reddy,Karnataka,500000.0,500000.0,272435.7,ongoing,365.0,2023-11-23,2024-11-22,,Jal Nigam,road,81.9,False
UT08044,Varanasi Constituency,Varanasi,Lakshmi Gowda,Uttar Pradesh,500000.0,500000.0,182552.13,ongoing,90.0,2024-10-09,2025-01-07,,Zilla Parishad,road,60.2,False
AN08045,Krishna Constituency,Krishna,Anita Reddy,Andhra Pradesh,750000.0,750000.0,583645.84,ongoing,545.0,2024-10-22,2026-04-20,,Zilla Parishad,community hall,19.1,False
UT08046,Lucknow Constituency,Lucknow,Kavita Iyer,Uttar Pradesh,750000.0,750000.0,450517.04,ongoing,180.0,2024-09-21,2025-03-20,,Jal Nigam,sanitation,83.8,False
TA08047,Chennai Constituency,Chennai,Meena Verma,Tamil Nadu,750000.0,375000.0,374461.69,stalled,270.0,2024-04-30,2025-01-25,,Jal Nigam,sanitation,34.7,False
UT08048,Lucknow Constituency,Lucknow,Kavita Iyer,Uttar Pradesh,300000.0,300000.0,215577.37,stalled,730.0,2023-01-09,2025-01-08,,Jal Nigam,community hall,23.9,False
WE08049,Howrah Constituency,Howrah,Anita Nair,West Bengal,500000.0,0.0,0.0,recommended,730.0,2024-06-11,2026-06-11,,Jal Nigam,drinking water,,False
TA08050,Coimbatore Constituency,Coimbatore,Kavita Rao,Tamil Nadu,300000.0,150000.0,76423.64,completed,365.0,2023-02-13,2024-02-13,2024-03-16,Rural Dev Dept,irrigation,100.0,False
UT08051,Varanasi Constituency,Varanasi,Lakshmi Gowda,Uttar Pradesh,750000.0,375000.0,156590.39,ongoing,270.0,2023-07-28,2024-04-23,,Zilla Parishad,irrigation,46.8,False
AN08052,Visakhapatnam Constituency,Visakhapatnam,Vikram Naidu,Andhra Pradesh,500000.0,250000.0,141772.9,completed,365.0,2024-01-08,2025-01-07,2025-06-23,PWD,road,100.0,False
UT08053,Kanpur Nagar Constituency,Kanpur Nagar,Anita Iyer,Uttar Pradesh,1500000.0,1500000.0,1296535.18,ongoing,180.0,2023-06-12,2023-12-09,,Rural Dev Dept,community hall,75.6,False
WE08054,Howrah Constituency,Howrah,Anita Nair,West Bengal,750000.0,750000.0,233497.34,completed,90.0,2023-11-21,2024-02-19,2024-05-30,Zilla Parishad,community hall,100.0,False
TA08055,Madurai Constituency,Madurai,Sunita Singh,Tamil Nadu,200000.0,100000.0,85964.87,ongoing,730.0,2024-03-09,2026-03-09,,PWD,electricity,86.4,False
TA08056,Chennai Constituency,Chennai,Meena Verma,Tamil Nadu,1000000.0,500000.0,169465.95,completed,545.0,2024-04-11,2025-10-08,2025-11-16,Rural Dev Dept,electricity,100.0,False
PU08057,Ludhiana Constituency,Ludhiana,Meena Rao,Punjab,1000000.0,500000.0,329966.47,completed,365.0,2023-11-27,2024-11-26,2025-05-10,PWD,road,100.0,False
BI08058,Patna Constituency,Patna,Arjun Verma,Bihar,300000.0,150000.0,128620.18,completed,545.0,2023-01-10,2024-07-08,2024-11-06,Rural Dev Dept,drinking water,100.0,False
TA08059,Madurai Constituency,Madurai,Sunita Singh,Tamil Nadu,300000.0,150000.0,127522.38,completed,180.0,2023-08-22,2024-02-18,2024-06-30,Zilla Parishad,community hall,100.0,False
MA08060,Pune Constituency,Pune,Ramesh Patel,Maharashtra,500000.0,0.0,0.0,recommended,270.0,2023-04-26,2024-01-21,,Jal Nigam,community hall,,False
PU08061,Ludhiana Constituency,Ludhiana,Meena Rao,Punjab,750000.0,375000.0,1098060.62,ongoing,730.0,2023-02-18,2025-02-17,,PWD,community hall,57.1,False
TA08062,Chennai Constituency,Chennai,Meena Verma,Tamil Nadu,2000000.0,2000000.0,1329087.93,ongoing,180.0,2024-05-09,2024-11-05,,Jal Nigam,school,15.1,False
UT08063,Kanpur Nagar Constituency,Kanpur Nagar,Anita Iyer,Uttar Pradesh,300000.0,0.0,0.0,recommended,90.0,2024-05-27,2024-08-25,,Jal Nigam,irrigation,,False
BI08064,Patna Constituency,Patna,Arjun Verma,Bihar,1000000.0,500000.0,1846193.73,stalled,365.0,2024-02-05,2025-02-04,,PWD,road,29.0,False
PU08065,Ludhiana Constituency,Ludhiana,Meena Rao,Punjab,750000.0,375000.0,236695.5,completed,90.0,2024-03-13,2024-06-11,2024-07-17,Rural Dev Dept,irrigation,100.0,False
OD08066,Cuttack Constituency,Cuttack,Suresh Singh,Odisha,1000000.0,1000000.0,963061.71,ongoing,90.0,2024-03-17,2024-06-15,,Rural Dev Dept,sanitation,78.8,False
TA08067,Madurai Constituency,Madurai,Sunita Singh,Tamil Nadu,2500000.0,2500000.0,2249749.31,stalled,180.0,2023-12-15,2024-06-12,,Zilla Parishad,community hall,16.4,False
OD08068,Cuttack Constituency,Cuttack,Suresh Singh,Odisha,1500000.0,1500000.0,607140.06,sanctioned,270.0,2024-10-24,2025-07-21,,Rural Dev Dept,road,,False
TA08069,Coimbatore Constituency,Coimbatore,Kavita Rao,Tamil Nadu,1000000.0,500000.0,358073.81,stalled,270.0,2024-10-18,2025-07-15,,Rural Dev Dept,community hall,38.8,False
RA08070,Jaipur Constituency,Jaipur,Kavita Verma,Rajasthan,200000.0,0.0,0.0,recommended,730.0,2023-04-24,2025-04-23,,Zilla Parishad,electricity,,False
KA08071,Mysuru Constituency,Mysuru,Meena Iyer,Karnataka,1000000.0,0.0,0.0,recommended,365.0,2024-04-23,2025-04-23,,PWD,community hall,,False
BI08072,Muzaffarpur Constituency,Muzaffarpur,Ramesh Verma,Bihar,1000000.0,1000000.0,937343.94,stalled,730.0,2023-03-04,2025-03-03,,PWD,electricity,37.5,False
UT08073,Varanasi Constituency,Varanasi,Lakshmi Gowda,Uttar Pradesh,500000.0,500000.0,267272.37,ongoing,270.0,2023-05-19,2024-02-13,,PWD,community hall,19.6,False
KA08074,Belagavi Constituency,Belagavi,Deepa Reddy,Karnataka,2500000.0,1250000.0,625494.38,ongoing,365.0,2024-12-01,2025-12-01,,Rural Dev Dept,drinking water,58.3,False
OD08075,Cuttack Constituency,Cuttack,Suresh Singh,Odisha,1500000.0,1500000.0,571052.99,completed,90.0,2023-11-08,2024-02-06,2024-02-28,Rural Dev Dept,sanitation,100.0,False
WE08076,Howrah Constituency,Howrah,Anita Nair,West Bengal,300000.0,300000.0,175843.66,ongoing,365.0,2024-08-12,2025-08-12,,Zilla Parishad,sanitation,75.4,False
KE08077,Kozhikode Constituency,Kozhikode,Sunita Verma,Kerala,500000.0,500000.0,427988.56,ongoing,545.0,2024-02-20,2025-08-18,,PWD,irrigation,77.9,False
KE08078,Kozhikode Constituency,Kozhikode,Sunita Verma,Kerala,200000.0,200000.0,142110.74,completed,270.0,2024-02-20,2024-11-16,2024-11-05,Jal Nigam,irrigation,100.0,False
AN08079,Visakhapatnam Constituency,Visakhapatnam,Vikram Naidu,Andhra Pradesh,1000000.0,1000000.0,591016.76,ongoing,180.0,2024-07-14,2025-01-10,,Rural Dev Dept,school,21.2,False
UT08080,Kanpur Nagar Constituency,Kanpur Nagar,Anita Iyer,Uttar Pradesh,200000.0,200000.0,126198.41,stalled,90.0,2023-05-17,2023-08-15,,Zilla Parishad,sanitation,18.7,False
MA08081,Nagpur Constituency,Nagpur,Meena Nair,Maharashtra,1000000.0,1000000.0,986055.92,ongoing,365.0,2023-03-06,2024-03-05,,PWD,school,67.9,False
KE08082,Ernakulam Constituency,Ernakulam,Vikram Patel,Kerala,1500000.0,750000.0,648544.28,ongoing,545.0,2023-08-25,2025-02-20,,Zilla Parishad,school,94.3,False
UT08083,Kanpur Nagar Constituency,Kanpur Nagar,Anita Iyer,Uttar Pradesh,200000.0,200000.0,70097.54,stalled,180.0,2024-01-15,2024-07-13,,Rural Dev Dept,community hall,34.1,False
WE08084,Kolkata Constituency,Kolkata,Priya Singh,West Bengal,1000000.0,1000000.0,441340.51,ongoing,270.0,2023-09-07,2024-06-03,,Jal Nigam,community hall,69.8,False
KA08085,Belagavi Constituency,Belagavi,Deepa Reddy,Karnataka,2500000.0,2500000.0,1609064.79,sanctioned,90.0,2023-06-30,2023-09-28,,PWD,sanitation,,False
UT08086,Kanpur Nagar Constituency,Kanpur Nagar,Anita Iyer,Uttar Pradesh,1000000.0,1000000.0,372773.11,stalled,180.0,2023-06-04,2023-12-01,,PWD,sanitation,38.6,False
AN08087,Guntur Constituency,Guntur,Priya Reddy,Andhra Pradesh,750000.0,750000.0,357695.68,ongoing,180.0,2024-04-21,2024-10-18,,Zilla Parishad,sanitation,87.5,False
UT08088,Varanasi Constituency,Varanasi,Lakshmi Gowda,Uttar Pradesh,750000.0,750000.0,604688.92,completed,730.0,2023-12-25,2025-12-24,2026-01-08,Rural Dev Dept,irrigation,100.0,False
BI08089,Patna Constituency,Patna,Arjun Verma,Bihar,1000000.0,500000.0,245817.85,completed,365.0,2024-01-09,2025-01-08,2024-12-26,Jal Nigam,road,100.0,False
BI08090,Muzaffarpur Constituency,Muzaffarpur,Ramesh Verma,Bihar,300000.0,150000.0,106280.29,ongoing,545.0,2024-02-21,2025-08-19,,Rural Dev Dept,community hall,56.9,False
RA08091,Jodhpur Constituency,Jodhpur,Kavita Nair,Rajasthan,500000.0,500000.0,227277.46,completed,180.0,2024-08-22,2025-02-18,2025-03-19,Rural Dev Dept,sanitation,100.0,False
UT08092,Lucknow Constituency,Lucknow,Kavita Iyer,Uttar Pradesh,1500000.0,1500000.0,487163.01,sanctioned,180.0,2023-02-16,2023-08-15,,Rural Dev Dept,school,,False
UT08093,Kanpur Nagar Constituency,Kanpur Nagar,Anita Iyer,Uttar Pradesh,1500000.0,1500000.0,932195.38,stalled,545.0,2024-08-06,2026-02-02,,PWD,school,14.1,False
RA08094,Jodhpur Constituency,Jodhpur,Kavita Nair,Rajasthan,1000000.0,1000000.0,949884.26,completed,365.0,2024-01-14,2025-01-13,2025-01-04,Jal Nigam,sanitation,100.0,False
BI08095,Patna Constituency,Patna,Arjun Verma,Bihar,200000.0,200000.0,112572.01,ongoing,365.0,2023-07-04,2024-07-03,,Jal Nigam,community hall,78.1,False
WE08096,Howrah Constituency,Howrah,Anita Nair,West Bengal,200000.0,100000.0,33769.72,stalled,180.0,2024-04-07,2024-10-04,,Jal Nigam,school,25.5,False
RA08097,Jodhpur Constituency,Jodhpur,Kavita Nair,Rajasthan,300000.0,300000.0,155423.87,sanctioned,545.0,2024-05-29,2025-11-25,,Zilla Parishad,road,,False
KE08098,Kozhikode Constituency,Kozhikode,Sunita Verma,Kerala,2000000.0,2000000.0,619629.65,ongoing,180.0,2023-12-28,2024-06-25,,Rural Dev Dept,sanitation,19.0,False
MA08099,Nagpur Constituency,Nagpur,Meena Nair,Maharashtra,2000000.0,2000000.0,1893953.96,sanctioned,180.0,2023-10-24,2024-04-21,,Rural Dev Dept,community hall,,False
RA08100,Jodhpur Constituency,Jodhpur,Kavita Nair,Rajasthan,1500000.0,1500000.0,508318.58,sanctioned,180.0,2023-01-08,2023-07-07,,Jal Nigam,road,,False
AN08101,Krishna Constituency,Krishna,Anita Reddy,Andhra Pradesh,500000.0,250000.0,81023.33,stalled,545.0,2024-02-04,2025-08-02,,PWD,sanitation,39.3,False
TA08102,Madurai Constituency,Madurai,Sunita Singh,Tamil Nadu,750000.0,750000.0,690541.24,ongoing,90.0,2023-01-22,2023-04-22,,Jal Nigam,road,65.4,False
MA08103,Nagpur Constituency,Nagpur,Meena Nair,Maharashtra,750000.0,750000.0,231530.38,completed,180.0,2024-08-01,2025-01-28,2025-03-20,Jal Nigam,road,100.0,False
KA08104,Belagavi Constituency,Belagavi,Deepa Reddy,Karnataka,200000.0,200000.0,339154.32,ongoing,270.0,2024-11-16,2025-08-13,,PWD,community hall,40.6,False
KE08105,Kozhikode Constituency,Kozhikode,Sunita Verma,Kerala,500000.0,500000.0,439223.85,ongoing,90.0,2024-04-01,2024-06-30,,PWD,road,84.0,False
AN08106,Visakhapatnam Constituency,Visakhapatnam,Vikram Naidu,Andhra Pradesh,750000.0,375000.0,307468.41,stalled,365.0,2023-03-23,2024-03-22,,Zilla Parishad,electricity,29.8,False
UT08107,Lucknow Constituency,Lucknow,Kavita Iyer,Uttar Pradesh,2500000.0,0.0,0.0,recommended,90.0,2024-10-16,2025-01-14,,Jal Nigam,sanitation,,False
MA08108,Nagpur Constituency,Nagpur,Meena Nair,Maharashtra,2500000.0,2500000.0,807435.04,completed,545.0,2024-08-15,2026-02-11,2026-02-08,Jal Nigam,road,100.0,False
AN08109,Visakhapatnam Constituency,Visakhapatnam,Vikram Naidu,Andhra Pradesh,750000.0,375000.0,175466.92,stalled,270.0,2023-01-28,2023-10-25,,PWD,school,19.7,False
KA08110,Bengaluru Urban Constituency,Bengaluru Urban,Priya Iyer,Karnataka,1500000.0,1500000.0,522345.76,ongoing,730.0,2024-11-09,2026-11-09,,Rural Dev Dept,sanitation,38.4,False
TA08111,Coimbatore Constituency,Coimbatore,Kavita Rao,Tamil Nadu,2500000.0,2500000.0,1704172.42,completed,545.0,2024-11-11,2026-05-10,2026-07-27,PWD,drinking water,100.0,False
MA08112,Nagpur Constituency,Nagpur,Meena Nair,Maharashtra,1500000.0,1500000.0,1197689.41,stalled,180.0,2023-05-17,2023-11-13,,PWD,irrigation,29.7,False
TA08113,Coimbatore Constituency,Coimbatore,Kavita Rao,Tamil Nadu,1500000.0,0.0,0.0,recommended,180.0,2024-04-13,2024-10-10,,PWD,sanitation,,False
AN08114,Guntur Constituency,Guntur,Priya Reddy,Andhra Pradesh,2500000.0,2500000.0,1023191.5,completed,90.0,2024-09-14,2024-12-13,2024-11-23,PWD,school,100.0,False
BI08115,Muzaffarpur Constituency,Muzaffarpur,Ramesh Verma,Bihar,1500000.0,750000.0,2207047.16,sanctioned,180.0,2024-04-15,2024-10-12,,Rural Dev Dept,sanitation,,False
BI08116,Muzaffarpur Constituency,Muzaffarpur,Ramesh Verma,Bihar,300000.0,300000.0,195185.16,ongoing,180.0,2024-03-31,2024-09-27,,Rural Dev Dept,sanitation,45.4,False
MA08117,Nagpur Constituency,Nagpur,Meena Nair,Maharashtra,1500000.0,1500000.0,692158.15,completed,90.0,2024-09-09,2024-12-08,2025-06-25,Jal Nigam,irrigation,100.0,False
TA08118,Madurai Constituency,Madurai,Sunita Singh,Tamil Nadu,750000.0,750000.0,404992.36,stalled,90.0,2024-11-14,2025-02-12,,Rural Dev Dept,drinking water,25.4,False
KA08119,Bengaluru Urban Constituency,Bengaluru Urban,Priya Iyer,Karnataka,750000.0,750000.0,917450.49,ongoing,180.0,2023-10-12,2024-04-09,,Rural Dev Dept,sanitation,70.1,False
UT08120,Kanpur Nagar Constituency,Kanpur Nagar,Anita Iyer,Uttar Pradesh,500000.0,500000.0,247155.71,sanctioned,730.0,2023-09-19,2025-09-18,,Rural Dev Dept,drinking water,,False
UT08121,Kanpur Nagar Constituency,Kanpur Nagar,Anita Iyer,Uttar Pradesh,300000.0,300000.0,91137.1,completed,90.0,2024-04-01,2024-06-30,2024-10-12,Jal Nigam,irrigation,100.0,False
RA08122,Jodhpur Constituency,Jodhpur,Kavita Nair,Rajasthan,1000000.0,1000000.0,1594919.28,stalled,180.0,2023-06-26,2023-12-23,,Zilla Parishad,road,33.1,False
AN08123,Guntur Constituency,Guntur,Priya Reddy,Andhra Pradesh,1000000.0,1000000.0,688131.48,stalled,365.0,2023-08-28,2024-08-27,,PWD,road,32.6,False
PU08124,Ludhiana Constituency,Ludhiana,Meena Rao,Punjab,1500000.0,1500000.0,489956.58,stalled,180.0,2023-02-03,2023-08-02,,Rural Dev Dept,irrigation,21.8,False
BI08125,Muzaffarpur Constituency,Muzaffarpur,Ramesh Verma,Bihar,2500000.0,2500000.0,1120032.93,stalled,270.0,2024-01-17,2024-10-13,,Rural Dev Dept,electricity,11.7,False
PU08126,Ludhiana Constituency,Ludhiana,Meena Rao,Punjab,1000000.0,500000.0,269974.05,stalled,270.0,2024-11-23,2025-08-20,,Zilla Parishad,drinking water,11.5,False
AN08127,Visakhapatnam Constituency,Visakhapatnam,Vikram Naidu,Andhra Pradesh,1500000.0,1500000.0,1369793.51,stalled,90.0,2023-09-29,2023-12-28,,Zilla Parishad,community hall,39.2,False
UT08128,Lucknow Constituency,Lucknow,Kavita Iyer,Uttar Pradesh,2500000.0,1250000.0,1172358.36,ongoing,730.0,2023-01-07,2025-01-06,,Zilla Parishad,sanitation,69.6,False
WE08129,Kolkata Constituency,Kolkata,Priya Singh,West Bengal,300000.0,300000.0,476559.84,stalled,545.0,2024-06-06,2025-12-03,,Zilla Parishad,school,9.3,False
KA08130,Mysuru Constituency,Mysuru,Meena Iyer,Karnataka,1500000.0,1500000.0,840652.21,ongoing,270.0,2024-08-05,2025-05-02,,Rural Dev Dept,irrigation,31.1,False
MA08131,Nagpur Constituency,Nagpur,Meena Nair,Maharashtra,2500000.0,2500000.0,1138995.51,ongoing,365.0,2023-07-18,2024-07-17,,Zilla Parishad,electricity,64.6,False
BI08132,Patna Constituency,Patna,Arjun Verma,Bihar,200000.0,200000.0,161609.61,completed,365.0,2023-01-11,2024-01-11,2024-02-29,PWD,sanitation,100.0,False
BI08133,Patna Constituency,Patna,Arjun Verma,Bihar,500000.0,500000.0,336497.45,stalled,365.0,2024-07-30,2025-07-30,,PWD,drinking water,27.8,False
KA08134,Belagavi Constituency,Belagavi,Deepa Reddy,Karnataka,1500000.0,1500000.0,620131.81,completed,270.0,2024-03-16,2024-12-11,2024-12-22,Rural Dev Dept,drinking water,100.0,False
RA08135,Jodhpur Constituency,Jodhpur,Kavita Nair,Rajasthan,1500000.0,750000.0,418402.25,sanctioned,270.0,2024-03-06,2024-12-01,,PWD,sanitation,,False
MA08136,Pune Constituency,Pune,Ramesh Patel,Maharashtra,500000.0,500000.0,402076.74,sanctioned,180.0,2023-08-24,2024-02-20,,Jal Nigam,drinking water,,False
UT08137,Lucknow Constituency,Lucknow,Kavita Iyer,Uttar Pradesh,750000.0,750000.0,227993.28,ongoing,180.0,2023-12-25,2024-06-22,,Zilla Parishad,community hall,86.1,False
AN08138,Guntur Constituency,Guntur,Priya Reddy,Andhra Pradesh,2000000.0,0.0,0.0,recommended,730.0,2024-03-27,2026-03-27,,Jal Nigam,school,,False
WE08139,Howrah Constituency,Howrah,Anita Nair,West Bengal,1500000.0,1500000.0,2709955.84,ongoing,180.0,2024-10-28,2025-04-26,,Zilla Parishad,irrigation,33.3,False
KE08140,Kozhikode Constituency,Kozhikode,Sunita Verma,Kerala,300000.0,300000.0,268483.77,sanctioned,365.0,2024-06-30,2025-06-30,,PWD,community hall,,False
AN08141,Krishna Constituency,Krishna,Anita Reddy,Andhra Pradesh,2500000.0,2500000.0,2286088.99,ongoing,90.0,2024-07-04,2024-10-02,,Rural Dev Dept,sanitation,86.1,False
AN08142,Krishna Constituency,Krishna,Anita Reddy,Andhra Pradesh,1000000.0,500000.0,454592.45,ongoing,270.0,2023-01-31,2023-10-28,,Jal Nigam,school,61.8,False
AN08143,Guntur Constituency,Guntur,Priya Reddy,Andhra Pradesh,750000.0,375000.0,290159.07,ongoing,90.0,2023-01-27,2023-04-27,,PWD,electricity,61.4,False
TA08144,Coimbatore Constituency,Coimbatore,Kavita Rao,Tamil Nadu,2500000.0,2500000.0,919994.63,completed,90.0,2024-07-15,2024-10-13,2025-04-16,PWD,irrigation,100.0,False
KA08145,Belagavi Constituency,Belagavi,Deepa Reddy,Karnataka,1500000.0,750000.0,326135.66,stalled,270.0,2024-11-07,2025-08-04,,Zilla Parishad,drinking water,5.4,False
BI08146,Muzaffarpur Constituency,Muzaffarpur,Ramesh Verma,Bihar,500000.0,500000.0,218353.73,ongoing,180.0,2023-12-10,2024-06-07,,Zilla Parishad,school,88.7,False
AN08147,Krishna Constituency,Krishna,Anita Reddy,Andhra Pradesh,200000.0,100000.0,52009.69,completed,180.0,2023-11-10,2024-05-08,2024-07-04,Jal Nigam,sanitation,100.0,False
BI08148,Muzaffarpur Constituency,Muzaffarpur,Ramesh Verma,Bihar,2500000.0,1250000.0,900383.66,ongoing,545.0,2024-11-16,2026-05-15,,Jal Nigam,road,92.8,False
RA08149,Jodhpur Constituency,Jodhpur,Kavita Nair,Rajasthan,1500000.0,1500000.0,1415837.03,stalled,270.0,2024-09-27,2025-06-24,,PWD,irrigation,28.6,False
UT08150,Varanasi Constituency,Varanasi,Lakshmi Gowda,Uttar Pradesh,2000000.0,2000000.0,1548393.23,stalled,180.0,2023-08-10,2024-02-06,,PWD,electricity,19.9,False
RA08151,Jodhpur Constituency,Jodhpur,Kavita Nair,Rajasthan,1000000.0,1000000.0,654739.86,sanctioned,270.0,2023-09-15,2024-06-11,,Jal Nigam,community hall,,False
BI08152,Muzaffarpur Constituency,Muzaffarpur,Ramesh Verma,Bihar,2500000.0,2500000.0,1468311.43,ongoing,545.0,2023-11-25,2025-05-23,,Jal Nigam,road,89.7,False
OD08153,Cuttack Constituency,Cuttack,Suresh Singh,Odisha,750000.0,375000.0,364872.96,ongoing,545.0,2023-10-11,2025-04-08,,PWD,road,33.9,False
MA08154,Pune Constituency,Pune,Ramesh Patel,Maharashtra,750000.0,375000.0,371724.62,ongoing,730.0,2023-06-06,2025-06-05,,Zilla Parishad,electricity,44.5,False
MA08155,Pune Constituency,Pune,Ramesh Patel,Maharashtra,2500000.0,2500000.0,2186466.49,stalled,730.0,2023-12-03,2025-12-02,,Rural Dev Dept,school,23.9,False
MA08156,Pune Constituency,Pune,Ramesh Patel,Maharashtra,2500000.0,2500000.0,2118673.23,ongoing,365.0,2023-07-15,2024-07-14,,Zilla Parishad,electricity,80.9,False
PU08157,Ludhiana Constituency,Ludhiana,Meena Rao,Punjab,2500000.0,1250000.0,1248362.39,ongoing,730.0,2023-10-24,2025-10-23,,Zilla Parishad,drinking water,66.0,False
WE08158,Howrah Constituency,Howrah,Anita Nair,West Bengal,2500000.0,1250000.0,1072456.86,sanctioned,90.0,2023-03-09,2023-06-07,,Rural Dev Dept,road,,False
RA08159,Jodhpur Constituency,Jodhpur,Kavita Nair,Rajasthan,750000.0,750000.0,731430.21,completed,545.0,2023-08-09,2025-02-04,2025-06-24,Jal Nigam,electricity,100.0,False
TA08160,Madurai Constituency,Madurai,Sunita Singh,Tamil Nadu,750000.0,750000.0,379449.65,sanctioned,180.0,2024-01-25,2024-07-23,,Rural Dev Dept,electricity,,False
RA08161,Jodhpur Constituency,Jodhpur,Kavita Nair,Rajasthan,300000.0,150000.0,94817.23,ongoing,545.0,2023-06-21,2024-12-17,,Zilla Parishad,road,77.6,False
BI08162,Muzaffarpur Constituency,Muzaffarpur,Ramesh Verma,Bihar,200000.0,100000.0,53851.53,stalled,270.0,2023-02-19,2023-11-16,,Zilla Parishad,road,17.0,False
BI08163,Muzaffarpur Constituency,Muzaffarpur,Ramesh Verma,Bihar,1000000.0,1000000.0,900861.37,ongoing,180.0,2024-06-28,2024-12-25,,Jal Nigam,irrigation,17.5,False
KE08164,Ernakulam Constituency,Ernakulam,Vikram Patel,Kerala,1000000.0,1000000.0,630370.68,ongoing,270.0,2023-11-22,2024-08-18,,Zilla Parishad,electricity,71.0,False
RA08165,Jaipur Constituency,Jaipur,Kavita Verma,Rajasthan,2500000.0,2500000.0,1108028.39,completed,180.0,2024-08-13,2025-02-09,2025-04-18,Rural Dev Dept,community hall,100.0,False
KE08166,Kozhikode Constituency,Kozhikode,Sunita Verma,Kerala,200000.0,0.0,0.0,recommended,365.0,2024-02-04,2025-02-03,,PWD,electricity,,False
TA08167,Chennai Constituency,Chennai,Meena Verma,Tamil Nadu,1500000.0,1500000.0,887110.32,ongoing,180.0,2023-09-26,2024-03-24,,PWD,community hall,50.0,False
TA08168,Madurai Constituency,Madurai,Sunita Singh,Tamil Nadu,2500000.0,2500000.0,1565868.06,stalled,270.0,2023-01-07,2023-10-04,,Jal Nigam,drinking water,19.1,False
UT08169,Lucknow Constituency,Lucknow,Kavita Iyer,Uttar Pradesh,500000.0,500000.0,274853.08,stalled,90.0,2024-05-04,2024-08-02,,Rural Dev Dept,community hall,28.1,False
PU08170,Ludhiana Constituency,Ludhiana,Meena Rao,Punjab,750000.0,375000.0,208228.49,ongoing,545.0,2024-11-07,2026-05-06,,Jal Nigam,electricity,33.1,False
UT08171,Kanpur Nagar Constituency,Kanpur Nagar,Anita Iyer,Uttar Pradesh,200000.0,100000.0,63217.68,stalled,90.0,2024-08-01,2024-10-30,,PWD,community hall,8.6,False
WE08172,Howrah Constituency,Howrah,Anita Nair,West Bengal,2000000.0,2000000.0,1594403.43,stalled,545.0,2024-08-31,2026-02-27,,PWD,road,23.8,False
KE08173,Ernakulam Constituency,Ernakulam,Vikram Patel,Kerala,200000.0,100000.0,61306.4,completed,730.0,2023-06-04,2025-06-03,2025-12-03,Rural Dev Dept,irrigation,100.0,False
PU08174,Ludhiana Constituency,Ludhiana,Meena Rao,Punjab,750000.0,750000.0,742806.27,completed,365.0,2023-03-30,2024-03-29,2024-04-19,Jal Nigam,school,100.0,False
UT08175,Lucknow Constituency,Lucknow,Kavita Iyer,Uttar Pradesh,1500000.0,750000.0,2701572.55,ongoing,545.0,2024-04-10,2025-10-07,,Zilla Parishad,irrigation,27.0,False
KE08176,Ernakulam Constituency,Ernakulam,Vikram Patel,Kerala,2500000.0,2500000.0,2397574.37,sanctioned,180.0,2024-08-11,2025-02-07,,Zilla Parishad,irrigation,,False
TA08177,Madurai Constituency,Madurai,Sunita Singh,Tamil Nadu,500000.0,0.0,0.0,recommended,365.0,2023-02-15,2024-02-15,,PWD,sanitation,,False
AN08178,Krishna Constituency,Krishna,Anita Reddy,Andhra Pradesh,2000000.0,1000000.0,826818.3,sanctioned,545.0,2024-05-13,2025-11-09,,PWD,school,,False
TA08179,Coimbatore Constituency,Coimbatore,Kavita Rao,Tamil Nadu,2500000.0,2500000.0,1409602.89,completed,270.0,2024-04-05,2024-12-31,2025-04-03,PWD,irrigation,100.0,False
TA08180,Chennai Constituency,Chennai,Meena Verma,Tamil Nadu,500000.0,0.0,0.0,recommended,730.0,2023-06-14,2025-06-13,,PWD,irrigation,,False
MA08181,Pune Constituency,Pune,Ramesh Patel,Maharashtra,2500000.0,2500000.0,2181282.74,ongoing,270.0,2024-11-08,2025-08-05,,Jal Nigam,drinking water,43.4,False
BI08182,Gaya Constituency,Gaya,Arjun Sharma,Bihar,500000.0,500000.0,175023.39,ongoing,730.0,2023-10-20,2025-10-19,,Jal Nigam,school,40.6,False
BI08183,Muzaffarpur Constituency,Muzaffarpur,Ramesh Verma,Bihar,1500000.0,1500000.0,545103.68,completed,180.0,2024-08-26,2025-02-22,2025-07-25,Zilla Parishad,irrigation,100.0,False
TA08184,Coimbatore Constituency,Coimbatore,Kavita Rao,Tamil Nadu,1000000.0,500000.0,436296.73,completed,545.0,2024-06-01,2025-11-28,2026-02-06,PWD,drinking water,100.0,False
KA08185,Bengaluru Urban Constituency,Bengaluru Urban,Priya Iyer,Karnataka,1000000.0,500000.0,292126.05,ongoing,365.0,2023-07-14,2024-07-13,,Rural Dev Dept,drinking water,14.6,False
PU08186,Ludhiana Constituency,Ludhiana,Meena Rao,Punjab,2000000.0,2000000.0,1081675.43,sanctioned,270.0,2023-12-02,2024-08-28,,Zilla Parishad,school,,False
TA08187,Madurai Constituency,Madurai,Sunita Singh,Tamil Nadu,500000.0,250000.0,576928.32,stalled,365.0,2024-09-15,2025-09-15,,Jal Nigam,school,27.0,False
UT08188,Lucknow Constituency,Lucknow,Kavita Iyer,Uttar Pradesh,1000000.0,500000.0,491068.54,ongoing,365.0,2024-07-22,2025-07-22,,Jal Nigam,sanitation,78.2,False
KE08189,Ernakulam Constituency,Ernakulam,Vikram Patel,Kerala,300000.0,300000.0,268536.89,sanctioned,270.0,2024-02-03,2024-10-30,,PWD,road,,False
AN08190,Visakhapatnam Constituency,Visakhapatnam,Vikram Naidu,Andhra Pradesh,750000.0,750000.0,239004.64,ongoing,270.0,2024-01-10,2024-10-06,,Jal Nigam,irrigation,14.0,False
TA08191,Coimbatore Constituency,Coimbatore,Kavita Rao,Tamil Nadu,2000000.0,1000000.0,956301.91,ongoing,180.0,2024-04-29,2024-10-26,,PWD,community hall,58.9,False
AN08192,Guntur Constituency,Guntur,Priya Reddy,Andhra Pradesh,750000.0,750000.0,631583.21,stalled,365.0,2023-11-25,2024-11-24,,Rural Dev Dept,irrigation,15.5,False
WE08193,Howrah Constituency,Howrah,Anita Nair,West Bengal,2500000.0,1250000.0,1189521.68,ongoing,365.0,2024-04-09,2025-04-09,,Rural Dev Dept,road,80.8,False
RA08194,Jaipur Constituency,Jaipur,Kavita Verma,Rajasthan,300000.0,300000.0,289244.1,completed,90.0,2024-02-03,2024-05-03,2024-10-02,PWD,community hall,100.0,False
UT08195,Kanpur Nagar Constituency,Kanpur Nagar,Anita Iyer,Uttar Pradesh,1000000.0,0.0,0.0,recommended,270.0,2024-02-28,2024-11-24,,PWD,sanitation,,False
TA08196,Madurai Constituency,Madurai,Sunita Singh,Tamil Nadu,200000.0,200000.0,356857.7,ongoing,365.0,2024-09-24,2025-09-24,,Rural Dev Dept,drinking water,86.0,False
KA08197,Belagavi Constituency,Belagavi,Deepa Reddy,Karnataka,750000.0,750000.0,924821.15,sanctioned,180.0,2024-01-11,2024-07-09,,Jal Nigam,road,,False
RA08198,Jaipur Constituency,Jaipur,Kavita Verma,Rajasthan,1000000.0,1000000.0,901485.32,stalled,545.0,2023-01-27,2024-07-25,,Zilla Parishad,sanitation,16.8,False
AN08199,Krishna Constituency,Krishna,Anita Reddy,Andhra Pradesh,500000.0,500000.0,383782.45,ongoing,730.0,2023-10-07,2025-10-06,,Zilla Parishad,community hall,79.8,False
AN08200,Visakhapatnam Constituency,Visakhapatnam,Vikram Naidu,Andhra Pradesh,750000.0,750000.0,455331.11,stalled,730.0,2023-11-21,2025-11-20,,Zilla Parishad,school,19.3,False
TA08201,Coimbatore Constituency,Coimbatore,Kavita Rao,Tamil Nadu,750000.0,375000.0,179151.05,stalled,180.0,2024-08-25,2025-02-21,,Jal Nigam,drinking water,29.2,False
PU08202,Ludhiana Constituency,Ludhiana,Meena Rao,Punjab,2000000.0,1000000.0,787829.62,stalled,270.0,2023-06-20,2024-03-16,,Jal Nigam,electricity,40.0,False
BI08203,Muzaffarpur Constituency,Muzaffarpur,Ramesh Verma,Bihar,200000.0,100000.0,42396.88,completed,545.0,2023-01-17,2024-07-15,2024-08-31,Jal Nigam,irrigation,100.0,False
WE08204,Kolkata Constituency,Kolkata,Priya Singh,West Bengal,2500000.0,0.0,0.0,recommended,270.0,2023-10-07,2024-07-03,,Jal Nigam,irrigation,,False
AN08205,Krishna Constituency,Krishna,Anita Reddy,Andhra Pradesh,1000000.0,1000000.0,482844.18,ongoing,545.0,2024-09-07,2026-03-06,,Jal Nigam,sanitation,85.8,False
MA08206,Nagpur Constituency,Nagpur,Meena Nair,Maharashtra,300000.0,300000.0,244284.98,completed,545.0,2023-11-21,2025-05-19,2025-11-30,Jal Nigam,community hall,100.0,False
KE08207,Ernakulam Constituency,Ernakulam,Vikram Patel,Kerala,300000.0,0.0,0.0,recommended,90.0,2024-10-18,2025-01-16,,Rural Dev Dept,school,,False
WE08208,Kolkata Constituency,Kolkata,Priya Singh,West Bengal,200000.0,200000.0,173539.9,ongoing,90.0,2024-07-18,2024-10-16,,Rural Dev Dept,road,71.7,False
KA08209,Bengaluru Urban Constituency,Bengaluru Urban,Priya Iyer,Karnataka,200000.0,100000.0,73885.77,completed,365.0,2024-08-05,2025-08-05,2025-09-03,Zilla Parishad,sanitation,100.0,False
KE08210,Ernakulam Constituency,Ernakulam,Vikram Patel,Kerala,750000.0,375000.0,292812.38,sanctioned,270.0,2024-02-16,2024-11-12,,PWD,school,,False
RA08211,Jodhpur Constituency,Jodhpur,Kavita Nair,Rajasthan,200000.0,200000.0,339485.25,stalled,180.0,2024-07-21,2025-01-17,,PWD,sanitation,35.6,False
PU08212,Ludhiana Constituency,Ludhiana,Meena Rao,Punjab,2000000.0,2000000.0,1070912.67,ongoing,730.0,2023-10-16,2025-10-15,,Rural Dev Dept,electricity,52.8,False
KA08213,Belagavi Constituency,Belagavi,Deepa Reddy,Karnataka,500000.0,250000.0,169155.69,stalled,270.0,2024-09-24,2025-06-21,,Rural Dev Dept,community hall,7.9,False
KE08214,Ernakulam Constituency,Ernakulam,Vikram Patel,Kerala,300000.0,300000.0,217546.93,stalled,90.0,2023-04-13,2023-07-12,,Zilla Parishad,school,27.6,False
TA08215,Coimbatore Constituency,Coimbatore,Kavita Rao,Tamil Nadu,1000000.0,1000000.0,472121.72,sanctioned,270.0,2024-01-31,2024-10-27,,PWD,drinking water,,False
TA08216,Chennai Constituency,Chennai,Meena Verma,Tamil Nadu,1000000.0,1000000.0,657405.35,sanctioned,730.0,2023-02-21,2025-02-20,,Jal Nigam,school,,False
WE08217,Howrah Constituency,Howrah,Anita Nair,West Bengal,300000.0,300000.0,164200.17,completed,365.0,2024-04-16,2025-04-16,2025-05-07,PWD,drinking water,100.0,False
AN08218,Krishna Constituency,Krishna,Anita Reddy,Andhra Pradesh,2500000.0,2500000.0,2103416.72,completed,730.0,2024-06-11,2026-06-11,2026-06-04,Jal Nigam,road,100.0,False
RA08219,Jaipur Constituency,Jaipur,Kavita Verma,Rajasthan,1000000.0,0.0,0.0,recommended,180.0,2024-08-13,2025-02-09,,Zilla Parishad,drinking water,,False
RA08220,Jaipur Constituency,Jaipur,Kavita Verma,Rajasthan,750000.0,750000.0,945536.46,stalled,270.0,2024-07-22,2025-04-18,,PWD,sanitation,32.4,False
AN08221,Guntur Constituency,Guntur,Priya Reddy,Andhra Pradesh,200000.0,200000.0,90597.15,stalled,90.0,2024-10-05,2025-01-03,,PWD,electricity,37.2,False
UT08222,Lucknow Constituency,Lucknow,Kavita Iyer,Uttar Pradesh,750000.0,750000.0,708234.12,sanctioned,270.0,2023-06-16,2024-03-12,,Rural Dev Dept,sanitation,,False
KE08223,Ernakulam Constituency,Ernakulam,Vikram Patel,Kerala,2000000.0,2000000.0,950368.54,stalled,730.0,2024-05-25,2026-05-25,,Rural Dev Dept,community hall,34.5,False
AN08224,Visakhapatnam Constituency,Visakhapatnam,Vikram Naidu,Andhra Pradesh,300000.0,150000.0,46649.15,stalled,730.0,2024-07-13,2026-07-13,,PWD,electricity,20.5,False
TA08225,Coimbatore Constituency,Coimbatore,Kavita Rao,Tamil Nadu,200000.0,100000.0,56316.85,ongoing,180.0,2024-02-11,2024-08-09,,Jal Nigam,community hall,42.9,False
UT08226,Kanpur Nagar Constituency,Kanpur Nagar,Anita Iyer,Uttar Pradesh,2000000.0,1000000.0,775979.63,completed,730.0,2023-12-13,2025-12-12,2026-01-24,Zilla Parishad,community hall,100.0,False
OD08227,Cuttack Constituency,Cuttack,Suresh Singh,Odisha,2500000.0,2500000.0,776929.43,stalled,545.0,2024-06-30,2025-12-27,,Rural Dev Dept,school,29.1,False
AN08228,Krishna Constituency,Krishna,Anita Reddy,Andhra Pradesh,200000.0,100000.0,74459.66,completed,545.0,2023-04-13,2024-10-09,2024-11-08,Zilla Parishad,sanitation,100.0,False
RA08229,Jodhpur Constituency,Jodhpur,Kavita Nair,Rajasthan,2000000.0,2000000.0,942712.58,sanctioned,270.0,2024-09-17,2025-06-14,,PWD,community hall,,False
TA08230,Chennai Constituency,Chennai,Meena Verma,Tamil Nadu,200000.0,200000.0,102849.85,stalled,270.0,2023-09-25,2024-06-21,,Zilla Parishad,community hall,11.0,False
TA08231,Madurai Constituency,Madurai,Sunita Singh,Tamil Nadu,1000000.0,1000000.0,543548.02,completed,365.0,2023-12-21,2024-12-20,2025-02-10,Jal Nigam,irrigation,100.0,False
UT08232,Lucknow Constituency,Lucknow,Kavita Iyer,Uttar Pradesh,1000000.0,1000000.0,449218.31,ongoing,90.0,2024-01-21,2024-04-20,,Rural Dev Dept,community hall,74.4,False
KE08233,Ernakulam Constituency,Ernakulam,Vikram Patel,Kerala,300000.0,300000.0,168892.36,ongoing,730.0,2024-11-19,2026-11-19,,Zilla Parishad,electricity,20.6,False
AN08234,Krishna Constituency,Krishna,Anita Reddy,Andhra Pradesh,2000000.0,1000000.0,552248.15,completed,545.0,2024-10-15,2026-04-13,2026-07-09,Zilla Parishad,electricity,100.0,False
WE08235,Kolkata Constituency,Kolkata,Priya Singh,West Bengal,2500000.0,2500000.0,1498099.23,completed,545.0,2023-06-16,2024-12-12,2025-06-01,Zilla Parishad,school,100.0,False
UT08236,Kanpur Nagar Constituency,Kanpur Nagar,Anita Iyer,Uttar Pradesh,750000.0,750000.0,566372.54,ongoing,180.0,2023-03-17,2023-09-13,,Zilla Parishad,community hall,89.4,False
KA08237,Mysuru Constituency,Mysuru,Meena Iyer,Karnataka,2000000.0,1000000.0,577772.6,stalled,180.0,2024-01-29,2024-07-27,,Jal Nigam,sanitation,28.2,False
AN08238,Guntur Constituency,Guntur,Priya Reddy,Andhra Pradesh,750000.0,375000.0,1377888.62,sanctioned,270.0,2023-01-19,2023-10-16,,Rural Dev Dept,school,,False
RA08239,Jodhpur Constituency,Jodhpur,Kavita Nair,Rajasthan,1000000.0,500000.0,482300.97,ongoing,730.0,2023-01-18,2025-01-17,,Jal Nigam,electricity,29.4,False
TA08240,Madurai Constituency,Madurai,Sunita Singh,Tamil Nadu,750000.0,750000.0,671130.3,sanctioned,180.0,2023-01-28,2023-07-27,,PWD,irrigation,,False
UT08241,Varanasi Constituency,Varanasi,Lakshmi Gowda,Uttar Pradesh,2500000.0,2500000.0,786161.74,completed,270.0,2023-01-01,2023-09-28,2023-11-25,PWD,drinking water,100.0,False
WE08242,Howrah Constituency,Howrah,Anita Nair,West Bengal,2000000.0,1000000.0,424435.69,stalled,180.0,2023-01-02,2023-07-01,,Jal Nigam,school,28.0,False
AN08243,Krishna Constituency,Krishna,Anita Reddy,Andhra Pradesh,1500000.0,0.0,0.0,recommended,180.0,2023-08-27,2024-02-23,,Rural Dev Dept,drinking water,,False
UT08244,Kanpur Nagar Constituency,Kanpur Nagar,Anita Iyer,Uttar Pradesh,200000.0,0.0,0.0,recommended,545.0,2024-11-28,2026-05-27,,PWD,drinking water,,False
TA08245,Coimbatore Constituency,Coimbatore,Kavita Rao,Tamil Nadu,2000000.0,2000000.0,1074974.68,ongoing,545.0,2024-04-05,2025-10-02,,Rural Dev Dept,school,45.5,False
OD08246,Cuttack Constituency,Cuttack,Suresh Singh,Odisha,2000000.0,2000000.0,952468.59,ongoing,270.0,2024-10-31,2025-07-28,,Jal Nigam,electricity,35.2,False
OD08247,Cuttack Constituency,Cuttack,Suresh Singh,Odisha,500000.0,250000.0,243155.51,stalled,180.0,2024-08-28,2025-02-24,,Jal Nigam,road,9.4,False
UT08248,Varanasi Constituency,Varanasi,Lakshmi Gowda,Uttar Pradesh,1000000.0,500000.0,350302.7,sanctioned,730.0,2023-05-24,2025-05-23,,Zilla Parishad,road,,False
MA08249,Nagpur Constituency,Nagpur,Meena Nair,Maharashtra,500000.0,500000.0,284091.21,completed,730.0,2024-06-21,2026-06-21,2026-06-26,Jal Nigam,irrigation,100.0,False
MA08250,Pune Constituency,Pune,Ramesh Patel,Maharashtra,500000.0,500000.0,349956.09,stalled,730.0,2023-06-03,2025-06-02,,Rural Dev Dept,irrigation,15.4,False
BI08251,Patna Constituency,Patna,Arjun Verma,Bihar,200000.0,100000.0,31172.73,stalled,365.0,2024-02-19,2025-02-18,,Rural Dev Dept,irrigation,7.9,False
KE08252,Kozhikode Constituency,Kozhikode,Sunita Verma,Kerala,500000.0,500000.0,785768.14,stalled,730.0,2024-07-08,2026-07-08,,Jal Nigam,drinking water,7.8,False
OD08253,Cuttack Constituency,Cuttack,Suresh Singh,Odisha,1500000.0,750000.0,413636.14,sanctioned,90.0,2023-03-28,2023-06-26,,Jal Nigam,road,,False
BI08254,Patna Constituency,Patna,Arjun Verma,Bihar,200000.0,200000.0,141964.35,ongoing,180.0,2023-12-06,2024-06-03,,Rural Dev Dept,drinking water,93.4,False
KE08255,Ernakulam Constituency,Ernakulam,Vikram Patel,Kerala,2500000.0,2500000.0,1429600.49,ongoing,730.0,2023-12-26,2025-12-25,,Jal Nigam,community hall,26.5,False
AN08256,Guntur Constituency,Guntur,Priya Reddy,Andhra Pradesh,1500000.0,1500000.0,619472.03,completed,545.0,2024-07-16,2026-01-12,2026-02-03,PWD,sanitation,100.0,False
MA08257,Nagpur Constituency,Nagpur,Meena Nair,Maharashtra,300000.0,300000.0,484631.03,ongoing,545.0,2023-12-14,2025-06-11,,Rural Dev Dept,school,86.0,False
RA08258,Jaipur Constituency,Jaipur,Kavita Verma,Rajasthan,1500000.0,750000.0,463578.35,sanctioned,730.0,2024-05-29,2026-05-29,,PWD,drinking water,,False
AN08259,Guntur Constituency,Guntur,Priya Reddy,Andhra Pradesh,2000000.0,2000000.0,1097108.32,stalled,730.0,2024-04-01,2026-04-01,,PWD,sanitation,26.4,False
AN08260,Visakhapatnam Constituency,Visakhapatnam,Vikram Naidu,Andhra Pradesh,300000.0,300000.0,567040.78,stalled,545.0,2023-03-22,2024-09-17,,Zilla Parishad,road,38.5,False
AN08261,Guntur Constituency,Guntur,Priya Reddy,Andhra Pradesh,1000000.0,500000.0,1686941.4,ongoing,545.0,2024-11-30,2026-05-29,,PWD,electricity,28.5,False
RA08262,Jodhpur Constituency,Jodhpur,Kavita Nair,Rajasthan,750000.0,750000.0,445569.23,sanctioned,270.0,2023-03-22,2023-12-17,,Jal Nigam,sanitation,,False
KE08263,Ernakulam Constituency,Ernakulam,Vikram Patel,Kerala,200000.0,200000.0,109041.26,completed,270.0,2024-06-28,2025-03-25,2025-06-17,Zilla Parishad,electricity,100.0,False
AN08264,Krishna Constituency,Krishna,Anita Reddy,Andhra Pradesh,2000000.0,1000000.0,752490.05,stalled,90.0,2023-11-05,2024-02-03,,Jal Nigam,community hall,32.3,False
BI08265,Muzaffarpur Constituency,Muzaffarpur,Ramesh Verma,Bihar,2000000.0,2000000.0,701426.04,completed,270.0,2023-10-13,2024-07-09,2024-12-06,Jal Nigam,road,100.0,False
PU08266,Ludhiana Constituency,Ludhiana,Meena Rao,Punjab,500000.0,500000.0,165474.37,stalled,180.0,2024-11-05,2025-05-04,,PWD,sanitation,24.2,False
KA08267,Belagavi Constituency,Belagavi,Deepa Reddy,Karnataka,1500000.0,750000.0,433145.21,stalled,365.0,2023-01-17,2024-01-17,,Zilla Parishad,sanitation,35.6,False
KA08268,Bengaluru Urban Constituency,Bengaluru Urban,Priya Iyer,Karnataka,2500000.0,2500000.0,1902792.34,ongoing,90.0,2023-04-11,2023-07-10,,Rural Dev Dept,road,33.8,False
AN08269,Guntur Constituency,Guntur,Priya Reddy,Andhra Pradesh,2500000.0,2500000.0,1484654.81,ongoing,730.0,2023-11-17,2025-11-16,,Jal Nigam,road,78.8,False
BI08270,Muzaffarpur Constituency,Muzaffarpur,Ramesh Verma,Bihar,1500000.0,1500000.0,1062255.71,completed,545.0,2023-08-24,2025-02-19,2025-06-10,Jal Nigam,sanitation,100.0,False
MA08271,Pune Constituency,Pune,Ramesh Patel,Maharashtra,1500000.0,1500000.0,931370.31,completed,180.0,2024-09-25,2025-03-24,2025-09-27,Rural Dev Dept,irrigation,100.0,False
KA08272,Mysuru Constituency,Mysuru,Meena Iyer,Karnataka,500000.0,500000.0,412910.24,stalled,730.0,2023-10-21,2025-10-20,,Rural Dev Dept,community hall,9.9,False
PU08273,Ludhiana Constituency,Ludhiana,Meena Rao,Punjab,750000.0,750000.0,887906.15,sanctioned,90.0,2024-07-22,2024-10-20,,Rural Dev Dept,drinking water,,False
BI08274,Muzaffarpur Constituency,Muzaffarpur,Ramesh Verma,Bihar,2000000.0,2000000.0,1543218.41,ongoing,730.0,2024-04-01,2026-04-01,,Zilla Parishad,drinking water,12.8,False
OD08275,Cuttack Constituency,Cuttack,Suresh Singh,Odisha,1500000.0,1500000.0,1464169.16,completed,180.0,2024-05-08,2024-11-04,2025-02-14,Jal Nigam,drinking water,100.0,False
WE08276,Kolkata Constituency,Kolkata,Priya Singh,West Bengal,300000.0,300000.0,151717.64,ongoing,365.0,2024-05-14,2025-05-14,,Jal Nigam,community hall,48.5,False
KA08277,Belagavi Constituency,Belagavi,Deepa Reddy,Karnataka,1000000.0,1000000.0,650860.14,ongoing,730.0,2024-11-18,2026-11-18,,Rural Dev Dept,electricity,65.9,False
BI08278,Gaya Constituency,Gaya,Arjun Sharma,Bihar,2500000.0,2500000.0,1782446.15,completed,730.0,2023-09-06,2025-09-05,2025-12-01,Rural Dev Dept,school,100.0,False
AN08279,Visakhapatnam Constituency,Visakhapatnam,Vikram Naidu,Andhra Pradesh,1500000.0,1500000.0,655630.97,sanctioned,90.0,2023-12-31,2024-03-30,,PWD,irrigation,,False
AN08280,Guntur Constituency,Guntur,Priya Reddy,Andhra Pradesh,1500000.0,1500000.0,1472234.03,completed,545.0,2024-06-04,2025-12-01,2026-05-24,PWD,irrigation,100.0,False
UT08281,Lucknow Constituency,Lucknow,Kavita Iyer,Uttar Pradesh,500000.0,0.0,0.0,recommended,730.0,2023-08-06,2025-08-05,,Zilla Parishad,electricity,,False
KA08282,Belagavi Constituency,Belagavi,Deepa Reddy,Karnataka,1000000.0,0.0,0.0,recommended,545.0,2023-03-25,2024-09-20,,PWD,school,,False
BI08283,Gaya Constituency,Gaya,Arjun Sharma,Bihar,1000000.0,1000000.0,738333.01,stalled,90.0,2024-10-08,2025-01-06,,Rural Dev Dept,irrigation,37.4,False
RA08284,Jaipur Constituency,Jaipur,Kavita Verma,Rajasthan,300000.0,300000.0,248330.53,ongoing,545.0,2024-04-19,2025-10-16,,Jal Nigam,irrigation,64.2,False
WE08285,Kolkata Constituency,Kolkata,Priya Singh,West Bengal,500000.0,250000.0,237989.29,ongoing,365.0,2023-05-30,2024-05-29,,Jal Nigam,drinking water,66.0,False
MA08286,Pune Constituency,Pune,Ramesh Patel,Maharashtra,2500000.0,2500000.0,2486257.11,stalled,730.0,2024-04-16,2026-04-16,,Rural Dev Dept,community hall,31.7,False
RA08287,Jaipur Constituency,Jaipur,Kavita Verma,Rajasthan,2000000.0,0.0,0.0,recommended,365.0,2024-08-26,2025-08-26,,PWD,sanitation,,False
UT08288,Varanasi Constituency,Varanasi,Lakshmi Gowda,Uttar Pradesh,200000.0,200000.0,163707.49,completed,545.0,2024-02-27,2025-08-25,2025-10-29,Zilla Parishad,electricity,100.0,False
KE08289,Kozhikode Constituency,Kozhikode,Sunita Verma,Kerala,750000.0,375000.0,322681.03,sanctioned,365.0,2023-11-18,2024-11-17,,Jal Nigam,school,,False
TA08290,Coimbatore Constituency,Coimbatore,Kavita Rao,Tamil Nadu,750000.0,750000.0,353771.79,stalled,180.0,2023-01-24,2023-07-23,,Rural Dev Dept,community hall,34.6,False
AN08291,Guntur Constituency,Guntur,Priya Reddy,Andhra Pradesh,2500000.0,2500000.0,1744138.15,ongoing,730.0,2023-11-05,2025-11-04,,PWD,road,46.1,False
RA08292,Jaipur Constituency,Jaipur,Kavita Verma,Rajasthan,750000.0,750000.0,967881.7,stalled,365.0,2024-02-22,2025-02-21,,Jal Nigam,road,28.6,False
KA08293,Bengaluru Urban Constituency,Bengaluru Urban,Priya Iyer,Karnataka,2000000.0,2000000.0,1350848.32,sanctioned,180.0,2023-07-27,2024-01-23,,Zilla Parishad,irrigation,,False
MA08294,Pune Constituency,Pune,Ramesh Patel,Maharashtra,300000.0,300000.0,350728.24,ongoing,180.0,2024-03-17,2024-09-13,,PWD,sanitation,13.3,False
RA08295,Jodhpur Constituency,Jodhpur,Kavita Nair,Rajasthan,1000000.0,1000000.0,708179.49,stalled,90.0,2024-02-04,2024-05-04,,PWD,road,12.3,False
UT08296,Lucknow Constituency,Lucknow,Kavita Iyer,Uttar Pradesh,750000.0,750000.0,1296833.92,stalled,730.0,2023-01-25,2025-01-24,,Zilla Parishad,road,11.7,False
AN08297,Visakhapatnam Constituency,Visakhapatnam,Vikram Naidu,Andhra Pradesh,750000.0,0.0,0.0,recommended,180.0,2024-04-20,2024-10-17,,Jal Nigam,irrigation,,False
KA08298,Bengaluru Urban Constituency,Bengaluru Urban,Priya Iyer,Karnataka,500000.0,500000.0,255105.84,ongoing,365.0,2023-09-24,2024-09-23,,Jal Nigam,drinking water,57.6,False
RA08299,Jodhpur Constituency,Jodhpur,Kavita Nair,Rajasthan,1000000.0,1000000.0,494129.59,ongoing,730.0,2024-01-29,2026-01-28,,PWD,electricity,16.6,False
AN08300,Krishna Constituency,Krishna,Anita Reddy,Andhra Pradesh,1000000.0,0.0,0.0,recommended,270.0,2023-03-22,2023-12-17,,Jal Nigam,irrigation,,False
KA08301,Mysuru Constituency,Mysuru,Meena Iyer,Karnataka,2000000.0,1000000.0,742645.7,ongoing,365.0,2023-03-23,2024-03-22,,PWD,community hall,22.9,False
TA08302,Coimbatore Constituency,Coimbatore,Kavita Rao,Tamil Nadu,2500000.0,0.0,0.0,recommended,90.0,2024-04-25,2024-07-24,,Rural Dev Dept,community hall,,False
MA08303,Pune Constituency,Pune,Ramesh Patel,Maharashtra,1000000.0,0.0,0.0,recommended,270.0,2024-01-08,2024-10-04,,Jal Nigam,school,,False
OD08304,Cuttack Constituency,Cuttack,Suresh Singh,Odisha,2500000.0,2500000.0,2316825.06,completed,545.0,2024-09-14,2026-03-13,2026-02-19,Zilla Parishad,community hall,100.0,False
OD08305,Cuttack Constituency,Cuttack,Suresh Singh,Odisha,1500000.0,1500000.0,791281.41,completed,545.0,2023-09-15,2025-03-13,2025-08-14,Jal Nigam,electricity,100.0,False
KA08306,Bengaluru Urban Constituency,Bengaluru Urban,Priya Iyer,Karnataka,1000000.0,1000000.0,1563652.6,stalled,90.0,2023-08-21,2023-11-19,,PWD,irrigation,28.8,False
AN08307,Guntur Constituency,Guntur,Priya Reddy,Andhra Pradesh,500000.0,250000.0,160189.23,completed,545.0,2023-12-31,2025-06-28,2025-10-14,Jal Nigam,irrigation,100.0,False
RA08308,Jodhpur Constituency,Jodhpur,Kavita Nair,Rajasthan,750000.0,750000.0,531884.01,stalled,545.0,2023-08-20,2025-02-15,,Jal Nigam,drinking water,34.3,False
UT08309,Kanpur Nagar Constituency,Kanpur Nagar,Anita Iyer,Uttar Pradesh,1500000.0,1500000.0,1385912.63,ongoing,180.0,2024-09-17,2025-03-16,,PWD,road,70.3,False
UT08310,Varanasi Constituency,Varanasi,Lakshmi Gowda,Uttar Pradesh,300000.0,150000.0,67965.18,sanctioned,365.0,2024-06-30,2025-06-30,,Rural Dev Dept,electricity,,False
UT08311,Lucknow Constituency,Lucknow,Kavita Iyer,Uttar Pradesh,1500000.0,0.0,1992468.71,recommended,270.0,2023-04-17,2024-01-12,,Jal Nigam,electricity,,False
BI08312,Gaya Constituency,Gaya,Arjun Sharma,Bihar,500000.0,500000.0,258178.3,ongoing,365.0,2023-08-02,2024-08-01,,Rural Dev Dept,electricity,77.0,False
MA08313,Pune Constituency,Pune,Ramesh Patel,Maharashtra,1000000.0,1000000.0,482025.07,ongoing,365.0,2024-06-09,2025-06-09,,Rural Dev Dept,road,41.6,False
TA08314,Coimbatore Constituency,Coimbatore,Kavita Rao,Tamil Nadu,300000.0,150000.0,47204.23,stalled,545.0,2023-03-16,2024-09-11,,Zilla Parishad,road,17.5,False
AN08315,Guntur Constituency,Guntur,Priya Reddy,Andhra Pradesh,1000000.0,500000.0,166210.33,completed,180.0,2023-04-20,2023-10-17,2023-11-15,PWD,electricity,100.0,False
KE08316,Kozhikode Constituency,Kozhikode,Sunita Verma,Kerala,1500000.0,1500000.0,1418132.24,sanctioned,730.0,2024-07-18,2026-07-18,,PWD,drinking water,,False
OD08317,Cuttack Constituency,Cuttack,Suresh Singh,Odisha,2000000.0,2000000.0,1349567.45,ongoing,180.0,2023-05-20,2023-11-16,,Rural Dev Dept,school,13.0,False
AN08318,Krishna Constituency,Krishna,Anita Reddy,Andhra Pradesh,200000.0,200000.0,174733.13,ongoing,365.0,2024-09-04,2025-09-04,,Rural Dev Dept,school,23.3,False
KA08319,Mysuru Constituency,Mysuru,Meena Iyer,Karnataka,2500000.0,2500000.0,1089221.48,completed,270.0,2024-01-31,2024-10-27,2025-01-23,Jal Nigam,sanitation,100.0,False
TA08320,Coimbatore Constituency,Coimbatore,Kavita Rao,Tamil Nadu,500000.0,500000.0,354167.83,sanctioned,730.0,2024-03-28,2026-03-28,,Jal Nigam,drinking water,,False
WE08321,Kolkata Constituency,Kolkata,Priya Singh,West Bengal,500000.0,0.0,0.0,recommended,545.0,2023-11-12,2025-05-10,,Jal Nigam,community hall,,False
BI08322,Patna Constituency,Patna,Arjun Verma,Bihar,500000.0,0.0,0.0,recommended,270.0,2023-09-19,2024-06-15,,Jal Nigam,road,,False
PU08323,Ludhiana Constituency,Ludhiana,Meena Rao,Punjab,2500000.0,2500000.0,2087210.68,ongoing,180.0,2023-11-08,2024-05-06,,Jal Nigam,irrigation,85.8,False
BI08324,Muzaffarpur Constituency,Muzaffarpur,Ramesh Verma,Bihar,300000.0,300000.0,117696.68,stalled,365.0,2024-08-28,2025-08-28,,PWD,drinking water,26.3,False
RA08325,Jaipur Constituency,Jaipur,Kavita Verma,Rajasthan,1500000.0,1500000.0,945055.79,sanctioned,180.0,2024-02-05,2024-08-03,,Zilla Parishad,irrigation,,False
KA08326,Bengaluru Urban Constituency,Bengaluru Urban,Priya Iyer,Karnataka,200000.0,200000.0,99763.88,stalled,365.0,2023-10-01,2024-09-30,,Zilla Parishad,irrigation,29.2,False
KA08327,Bengaluru Urban Constituency,Bengaluru Urban,Priya Iyer,Karnataka,2000000.0,2000000.0,1953437.21,sanctioned,730.0,2024-08-23,2026-08-23,,Zilla Parishad,irrigation,,False
BI08328,Patna Constituency,Patna,Arjun Verma,Bihar,1500000.0,750000.0,673711.79,completed,730.0,2024-11-20,2026-11-20,2027-03-28,Rural Dev Dept,irrigation,100.0,False
BI08329,Muzaffarpur Constituency,Muzaffarpur,Ramesh Verma,Bihar,2500000.0,0.0,0.0,recommended,545.0,2023-10-25,2025-04-22,,PWD,road,,False
KA08330,Bengaluru Urban Constituency,Bengaluru Urban,Priya Iyer,Karnataka,200000.0,100000.0,68860.17,completed,270.0,2023-08-18,2024-05-14,2024-08-14,Jal Nigam,electricity,100.0,False
KA08331,Bengaluru Urban Constituency,Bengaluru Urban,Priya Iyer,Karnataka,1000000.0,1000000.0,702188.95,sanctioned,270.0,2023-04-18,2024-01-13,,Jal Nigam,community hall,,False
KA08332,Bengaluru Urban Constituency,Bengaluru Urban,Priya Iyer,Karnataka,1000000.0,0.0,0.0,recommended,90.0,2023-03-02,2023-05-31,,PWD,sanitation,,False
AN08333,Krishna Constituency,Krishna,Anita Reddy,Andhra Pradesh,2000000.0,1000000.0,317702.23,completed,270.0,2023-05-23,2024-02-17,2024-08-29,Jal Nigam,community hall,100.0,False
KA08334,Bengaluru Urban Constituency,Bengaluru Urban,Priya Iyer,Karnataka,2000000.0,0.0,0.0,recommended,180.0,2023-12-30,2024-06-27,,Rural Dev Dept,electricity,,False
BI08335,Patna Constituency,Patna,Arjun Verma,Bihar,300000.0,300000.0,298440.34,ongoing,365.0,2023-01-06,2024-01-06,,Rural Dev Dept,irrigation,88.0,False
TA08336,Madurai Constituency,Madurai,Sunita Singh,Tamil Nadu,750000.0,750000.0,665946.01,ongoing,180.0,2024-07-12,2025-01-08,,Rural Dev Dept,community hall,27.3,False
UT08337,Lucknow Constituency,Lucknow,Kavita Iyer,Uttar Pradesh,2000000.0,0.0,0.0,recommended,545.0,2024-03-30,2025-09-26,,Jal Nigam,electricity,,False
UT08338,Varanasi Constituency,Varanasi,Lakshmi Gowda,Uttar Pradesh,2500000.0,2500000.0,1235440.65,stalled,90.0,2024-06-12,2024-09-10,,PWD,irrigation,16.7,False
TA08339,Chennai Constituency,Chennai,Meena Verma,Tamil Nadu,1000000.0,500000.0,298113.45,stalled,90.0,2024-08-17,2024-11-15,,Zilla Parishad,community hall,16.4,False
MA08340,Pune Constituency,Pune,Ramesh Patel,Maharashtra,750000.0,375000.0,369871.77,ongoing,90.0,2023-11-22,2024-02-20,,Zilla Parishad,electricity,53.5,False
UT08341,Kanpur Nagar Constituency,Kanpur Nagar,Anita Iyer,Uttar Pradesh,1000000.0,500000.0,155352.56,stalled,270.0,2023-04-30,2024-01-25,,Jal Nigam,road,16.9,False
PU08342,Ludhiana Constituency,Ludhiana,Meena Rao,Punjab,2500000.0,2500000.0,1793422.91,ongoing,180.0,2023-07-22,2024-01-18,,Rural Dev Dept,irrigation,66.4,False
KA08343,Mysuru Constituency,Mysuru,Meena Iyer,Karnataka,300000.0,0.0,0.0,recommended,365.0,2024-06-08,2025-06-08,,Zilla Parishad,electricity,,False
KA08344,Bengaluru Urban Constituency,Bengaluru Urban,Priya Iyer,Karnataka,1500000.0,1500000.0,1272486.3,stalled,730.0,2023-09-04,2025-09-03,,PWD,community hall,26.2,False
WE08345,Kolkata Constituency,Kolkata,Priya Singh,West Bengal,1500000.0,1500000.0,1148797.03,completed,545.0,2024-07-01,2025-12-28,2025-12-03,Rural Dev Dept,school,100.0,False
RA08346,Jodhpur Constituency,Jodhpur,Kavita Nair,Rajasthan,500000.0,500000.0,414093.5,completed,180.0,2024-08-15,2025-02-11,2025-08-15,Zilla Parishad,sanitation,100.0,False
KA08347,Mysuru Constituency,Mysuru,Meena Iyer,Karnataka,750000.0,375000.0,179211.76,stalled,270.0,2024-10-29,2025-07-26,,Zilla Parishad,community hall,8.3,False
UT08348,Kanpur Nagar Constituency,Kanpur Nagar,Anita Iyer,Uttar Pradesh,750000.0,375000.0,198179.44,completed,365.0,2023-02-06,2024-02-06,2024-07-08,PWD,road,100.0,False
AN08349,Visakhapatnam Constituency,Visakhapatnam,Vikram Naidu,Andhra Pradesh,1500000.0,1500000.0,1393445.66,sanctioned,545.0,2023-10-04,2025-04-01,,Zilla Parishad,road,,False
UT08350,Varanasi Constituency,Varanasi,Lakshmi Gowda,Uttar Pradesh,200000.0,200000.0,107144.85,sanctioned,730.0,2023-03-20,2025-03-19,,Rural Dev Dept,irrigation,,False
BI08351,Gaya Constituency,Gaya,Arjun Sharma,Bihar,200000.0,0.0,0.0,recommended,180.0,2023-05-17,2023-11-13,,PWD,sanitation,,False
OD08352,Cuttack Constituency,Cuttack,Suresh Singh,Odisha,1000000.0,500000.0,472052.81,ongoing,90.0,2023-06-12,2023-09-10,,Rural Dev Dept,road,17.6,False
KA08353,Mysuru Constituency,Mysuru,Meena Iyer,Karnataka,500000.0,250000.0,100554.83,sanctioned,90.0,2024-04-10,2024-07-09,,PWD,school,,False
UT08354,Kanpur Nagar Constituency,Kanpur Nagar,Anita Iyer,Uttar Pradesh,2000000.0,1000000.0,986592.06,stalled,270.0,2024-05-21,2025-02-15,,Rural Dev Dept,community hall,9.0,False
TA08355,Chennai Constituency,Chennai,Meena Verma,Tamil Nadu,300000.0,150000.0,410936.65,completed,545.0,2023-06-07,2024-12-03,2025-04-14,PWD,school,100.0,False
TA08356,Chennai Constituency,Chennai,Meena Verma,Tamil Nadu,1000000.0,1000000.0,769890.05,completed,90.0,2024-03-23,2024-06-21,2024-07-30,Zilla Parishad,drinking water,100.0,False
MA08357,Nagpur Constituency,Nagpur,Meena Nair,Maharashtra,300000.0,300000.0,193853.86,stalled,90.0,2024-09-21,2024-12-20,,Rural Dev Dept,sanitation,30.9,False
TA08358,Chennai Constituency,Chennai,Meena Verma,Tamil Nadu,200000.0,200000.0,75954.95,ongoing,90.0,2024-11-17,2025-02-15,,Rural Dev Dept,drinking water,45.7,False
RA08359,Jodhpur Constituency,Jodhpur,Kavita Nair,Rajasthan,2500000.0,1250000.0,515378.14,ongoing,270.0,2024-08-21,2025-05-18,,Rural Dev Dept,school,17.4,False
KE08360,Kozhikode Constituency,Kozhikode,Sunita Verma,Kerala,750000.0,750000.0,254226.8,ongoing,365.0,2023-03-05,2024-03-04,,PWD,sanitation,48.3,False
AN08361,Krishna Constituency,Krishna,Anita Reddy,Andhra Pradesh,300000.0,150000.0,140652.56,completed,180.0,2024-08-05,2025-02-01,2025-05-31,Zilla Parishad,irrigation,100.0,False
TA08362,Coimbatore Constituency,Coimbatore,Kavita Rao,Tamil Nadu,1500000.0,1500000.0,922816.25,stalled,365.0,2023-12-05,2024-12-04,,Jal Nigam,road,6.7,False
WE08363,Kolkata Constituency,Kolkata,Priya Singh,West Bengal,500000.0,500000.0,373161.18,ongoing,180.0,2023-09-21,2024-03-19,,Rural Dev Dept,drinking water,21.3,False
KA08364,Bengaluru Urban Constituency,Bengaluru Urban,Priya Iyer,Karnataka,750000.0,750000.0,545782.23,ongoing,270.0,2024-06-19,2025-03-16,,PWD,drinking water,17.0,False
BI08365,Muzaffarpur Constituency,Muzaffarpur,Ramesh Verma,Bihar,2000000.0,2000000.0,2945469.09,sanctioned,730.0,2024-09-12,2026-09-12,,Zilla Parishad,community hall,,False
AN08366,Guntur Constituency,Guntur,Priya Reddy,Andhra Pradesh,200000.0,200000.0,90146.53,sanctioned,545.0,2024-03-03,2025-08-30,,PWD,school,,False
TA08367,Chennai Constituency,Chennai,Meena Verma,Tamil Nadu,1500000.0,1500000.0,991428.15,ongoing,180.0,2024-04-10,2024-10-07,,Jal Nigam,sanitation,75.9,False
KA08368,Bengaluru Urban Constituency,Bengaluru Urban,Priya Iyer,Karnataka,2000000.0,1000000.0,2380700.47,completed,545.0,2024-07-23,2026-01-19,2026-03-08,Zilla Parishad,irrigation,100.0,False
KE08369,Ernakulam Constituency,Ernakulam,Vikram Patel,Kerala,500000.0,500000.0,410972.74,ongoing,90.0,2023-05-23,2023-08-21,,Zilla Parishad,road,74.2,False
KA08370,Mysuru Constituency,Mysuru,Meena Iyer,Karnataka,500000.0,500000.0,413957.51,stalled,270.0,2023-04-10,2024-01-05,,Jal Nigam,school,32.4,False
WE08371,Kolkata Constituency,Kolkata,Priya Singh,West Bengal,2500000.0,2500000.0,1743223.34,completed,545.0,2023-12-07,2025-06-04,2025-12-03,Jal Nigam,drinking water,100.0,False
TA08372,Madurai Constituency,Madurai,Sunita Singh,Tamil Nadu,1000000.0,1000000.0,696586.96,sanctioned,730.0,2023-09-24,2025-09-23,,Rural Dev Dept,community hall,,False
KA08373,Bengaluru Urban Constituency,Bengaluru Urban,Priya Iyer,Karnataka,1500000.0,1500000.0,1225937.93,stalled,180.0,2024-08-05,2025-02-01,,Rural Dev Dept,irrigation,25.6,False
KE08374,Ernakulam Constituency,Ernakulam,Vikram Patel,Kerala,750000.0,750000.0,682692.39,ongoing,365.0,2023-01-03,2024-01-03,,Zilla Parishad,sanitation,35.7,False
AN08375,Krishna Constituency,Krishna,Anita Reddy,Andhra Pradesh,1000000.0,500000.0,319493.78,stalled,270.0,2023-05-01,2024-01-26,,Rural Dev Dept,electricity,11.6,False
UT08376,Lucknow Constituency,Lucknow,Kavita Iyer,Uttar Pradesh,1000000.0,500000.0,438964.0,stalled,90.0,2024-10-26,2025-01-24,,Zilla Parishad,road,17.2,False
TA08377,Coimbatore Constituency,Coimbatore,Kavita Rao,Tamil Nadu,300000.0,300000.0,395363.03,sanctioned,180.0,2023-01-20,2023-07-19,,Rural Dev Dept,drinking water,,False
KA08378,Bengaluru Urban Constituency,Bengaluru Urban,Priya Iyer,Karnataka,500000.0,500000.0,263622.63,ongoing,365.0,2023-10-09,2024-10-08,,PWD,electricity,38.9,False
KE08379,Ernakulam Constituency,Ernakulam,Vikram Patel,Kerala,300000.0,300000.0,100299.74,ongoing,270.0,2024-01-24,2024-10-20,,Zilla Parishad,community hall,20.8,False
BI08380,Muzaffarpur Constituency,Muzaffarpur,Ramesh Verma,Bihar,750000.0,750000.0,689573.71,stalled,730.0,2023-05-28,2025-05-27,,Rural Dev Dept,road,35.4,False
TA08381,Madurai Constituency,Madurai,Sunita Singh,Tamil Nadu,500000.0,0.0,0.0,recommended,365.0,2023-06-12,2024-06-11,,Jal Nigam,irrigation,,False
UT08382,Kanpur Nagar Constituency,Kanpur Nagar,Anita Iyer,Uttar Pradesh,200000.0,200000.0,90845.16,stalled,90.0,2024-04-03,2024-07-02,,Jal Nigam,community hall,34.3,False
KA08383,Belagavi Constituency,Belagavi,Deepa Reddy,Karnataka,300000.0,150000.0,71899.82,ongoing,365.0,2024-09-11,2025-09-11,,Zilla Parishad,drinking water,10.8,False
UT08384,Kanpur Nagar Constituency,Kanpur Nagar,Anita Iyer,Uttar Pradesh,300000.0,300000.0,132243.64,completed,545.0,2023-06-05,2024-12-01,2025-03-18,Jal Nigam,electricity,100.0,False
AN08385,Visakhapatnam Constituency,Visakhapatnam,Vikram Naidu,Andhra Pradesh,300000.0,300000.0,140571.15,ongoing,365.0,2024-03-20,2025-03-20,,Zilla Parishad,irrigation,30.6,False
WE08386,Kolkata Constituency,Kolkata,Priya Singh,West Bengal,2500000.0,1250000.0,553152.54,sanctioned,365.0,2023-08-28,2024-08-27,,Jal Nigam,irrigation,,False
MA08387,Nagpur Constituency,Nagpur,Meena Nair,Maharashtra,300000.0,300000.0,275829.87,completed,180.0,2024-06-30,2024-12-27,2025-01-28,Rural Dev Dept,drinking water,100.0,False
OD08388,Cuttack Constituency,Cuttack,Suresh Singh,Odisha,2500000.0,2500000.0,1624987.99,completed,730.0,2024-05-01,2026-05-01,2026-04-24,Zilla Parishad,irrigation,100.0,False
TA08389,Chennai Constituency,Chennai,Meena Verma,Tamil Nadu,750000.0,750000.0,954255.46,completed,90.0,2024-07-15,2024-10-13,2025-01-17,PWD,electricity,100.0,False
UT08390,Lucknow Constituency,Lucknow,Kavita Iyer,Uttar Pradesh,1500000.0,1500000.0,1140952.12,completed,365.0,2023-01-26,2024-01-26,2024-02-05,Rural Dev Dept,community hall,100.0,False
TA08391,Chennai Constituency,Chennai,Meena Verma,Tamil Nadu,750000.0,375000.0,267807.54,ongoing,545.0,2023-11-25,2025-05-23,,Rural Dev Dept,sanitation,25.8,False
TA08392,Madurai Constituency,Madurai,Sunita Singh,Tamil Nadu,200000.0,200000.0,285144.71,completed,180.0,2024-08-05,2025-02-01,2025-04-28,Zilla Parishad,road,100.0,False
OD08393,Cuttack Constituency,Cuttack,Suresh Singh,Odisha,300000.0,300000.0,99581.57,sanctioned,545.0,2023-09-24,2025-03-22,,PWD,sanitation,,False
AN08394,Krishna Constituency,Krishna,Anita Reddy,Andhra Pradesh,2000000.0,0.0,0.0,recommended,90.0,2024-11-17,2025-02-15,,Jal Nigam,electricity,,False
AN08395,Visakhapatnam Constituency,Visakhapatnam,Vikram Naidu,Andhra Pradesh,2500000.0,1250000.0,785165.58,sanctioned,365.0,2023-04-23,2024-04-22,,Rural Dev Dept,school,,False
AN08396,Visakhapatnam Constituency,Visakhapatnam,Vikram Naidu,Andhra Pradesh,300000.0,300000.0,281811.25,completed,90.0,2024-09-13,2024-12-12,2025-02-12,Zilla Parishad,electricity,100.0,False
UT08397,Kanpur Nagar Constituency,Kanpur Nagar,Anita Iyer,Uttar Pradesh,1500000.0,750000.0,295635.81,stalled,180.0,2024-04-15,2024-10-12,,Rural Dev Dept,community hall,27.5,False
BI08398,Gaya Constituency,Gaya,Arjun Sharma,Bihar,1500000.0,0.0,0.0,recommended,180.0,2023-11-27,2024-05-25,,PWD,irrigation,,False
BI08399,Muzaffarpur Constituency,Muzaffarpur,Ramesh Verma,Bihar,750000.0,750000.0,614422.18,completed,270.0,2023-09-03,2024-05-30,2024-08-09,Rural Dev Dept,sanitation,100.0,False
WE08400,Howrah Constituency,Howrah,Anita Nair,West Bengal,2500000.0,0.0,0.0,recommended,365.0,2023-04-26,2024-04-25,,PWD,sanitation,,False
KE08401,Kozhikode Constituency,Kozhikode,Sunita Verma,Kerala,200000.0,0.0,0.0,recommended,90.0,2023-04-13,2023-07-12,,Rural Dev Dept,drinking water,,False
BI08402,Gaya Constituency,Gaya,Arjun Sharma,Bihar,1000000.0,1000000.0,540124.4,ongoing,365.0,2023-02-11,2024-02-11,,Rural Dev Dept,irrigation,81.2,False
WE08403,Howrah Constituency,Howrah,Anita Nair,West Bengal,2000000.0,1000000.0,629254.54,stalled,270.0,2023-11-13,2024-08-09,,Zilla Parishad,electricity,30.2,False
UT08404,Varanasi Constituency,Varanasi,Lakshmi Gowda,Uttar Pradesh,300000.0,300000.0,91647.04,ongoing,365.0,2023-11-23,2024-11-22,,Rural Dev Dept,sanitation,93.4,False
KA08405,Belagavi Constituency,Belagavi,Deepa Reddy,Karnataka,750000.0,750000.0,276939.81,stalled,270.0,2023-05-24,2024-02-18,,Zilla Parishad,school,14.0,False
KA08406,Bengaluru Urban Constituency,Bengaluru Urban,Priya Iyer,Karnataka,300000.0,300000.0,482873.75,stalled,545.0,2024-04-24,2025-10-21,,PWD,drinking water,18.8,False
KA08407,Belagavi Constituency,Belagavi,Deepa Reddy,Karnataka,500000.0,250000.0,169533.79,ongoing,270.0,2024-04-08,2025-01-03,,Rural Dev Dept,irrigation,23.2,False
KA08408,Belagavi Constituency,Belagavi,Deepa Reddy,Karnataka,2000000.0,2000000.0,1341430.14,ongoing,270.0,2023-03-05,2023-11-30,,PWD,electricity,47.6,False
BI08409,Muzaffarpur Constituency,Muzaffarpur,Ramesh Verma,Bihar,200000.0,200000.0,69239.16,ongoing,730.0,2024-02-20,2026-02-19,,Jal Nigam,road,84.5,False
KA08410,Belagavi Constituency,Belagavi,Deepa Reddy,Karnataka,2000000.0,2000000.0,1814848.06,stalled,545.0,2023-05-17,2024-11-12,,Jal Nigam,school,18.3,False
TA08411,Coimbatore Constituency,Coimbatore,Kavita Rao,Tamil Nadu,200000.0,200000.0,184949.2,completed,545.0,2023-01-30,2024-07-28,2024-09-07,Jal Nigam,irrigation,100.0,False
KA08412,Bengaluru Urban Constituency,Bengaluru Urban,Priya Iyer,Karnataka,1000000.0,1000000.0,446973.98,sanctioned,545.0,2023-03-20,2024-09-15,,Jal Nigam,community hall,,False
AN08413,Krishna Constituency,Krishna,Anita Reddy,Andhra Pradesh,750000.0,375000.0,1407691.31,ongoing,180.0,2023-04-14,2023-10-11,,Jal Nigam,sanitation,58.1,False
UT08414,Varanasi Constituency,Varanasi,Lakshmi Gowda,Uttar Pradesh,200000.0,100000.0,40875.03,ongoing,365.0,2024-11-26,2025-11-26,,Rural Dev Dept,community hall,46.0,False
AN08415,Krishna Constituency,Krishna,Anita Reddy,Andhra Pradesh,2500000.0,2500000.0,1325625.75,ongoing,730.0,2023-07-24,2025-07-23,,Zilla Parishad,community hall,90.4,False
TA08416,Coimbatore Constituency,Coimbatore,Kavita Rao,Tamil Nadu,200000.0,100000.0,99587.59,ongoing,365.0,2024-09-12,2025-09-12,,Zilla Parishad,road,35.8,False
UT08417,Kanpur Nagar Constituency,Kanpur Nagar,Anita Iyer,Uttar Pradesh,2500000.0,1250000.0,760195.1,stalled,545.0,2024-02-19,2025-08-17,,Rural Dev Dept,community hall,12.0,False
MA08418,Pune Constituency,Pune,Ramesh Patel,Maharashtra,300000.0,300000.0,258114.03,ongoing,730.0,2023-10-13,2025-10-12,,Rural Dev Dept,road,43.3,False
BI08419,Muzaffarpur Constituency,Muzaffarpur,Ramesh Verma,Bihar,500000.0,500000.0,157622.37,sanctioned,180.0,2023-08-12,2024-02-08,,Zilla Parishad,sanitation,,False
UT08420,Kanpur Nagar Constituency,Kanpur Nagar,Anita Iyer,Uttar Pradesh,500000.0,250000.0,580890.25,stalled,180.0,2024-07-26,2025-01-22,,Rural Dev Dept,electricity,6.6,False
AN08421,Guntur Constituency,Guntur,Priya Reddy,Andhra Pradesh,200000.0,0.0,0.0,recommended,90.0,2024-03-21,2024-06-19,,Zilla Parishad,sanitation,,False
MA08422,Nagpur Constituency,Nagpur,Meena Nair,Maharashtra,2000000.0,2000000.0,862392.04,stalled,730.0,2024-02-22,2026-02-21,,PWD,road,5.4,False
AN08423,Krishna Constituency,Krishna,Anita Reddy,Andhra Pradesh,2000000.0,1000000.0,975192.78,ongoing,90.0,2024-04-19,2024-07-18,,Zilla Parishad,school,40.4,False
BI08424,Muzaffarpur Constituency,Muzaffarpur,Ramesh Verma,Bihar,1500000.0,1500000.0,1262405.55,completed,90.0,2024-10-11,2025-01-09,2025-01-19,PWD,sanitation,100.0,False
MA08425,Pune Constituency,Pune,Ramesh Patel,Maharashtra,1500000.0,750000.0,518631.09,stalled,365.0,2023-12-26,2024-12-25,,Jal Nigam,sanitation,18.0,False
MA08426,Pune Constituency,Pune,Ramesh Patel,Maharashtra,2000000.0,2000000.0,3484939.86,completed,730.0,2024-11-11,2026-11-11,2027-01-14,Rural Dev Dept,irrigation,100.0,False
BI08427,Gaya Constituency,Gaya,Arjun Sharma,Bihar,200000.0,100000.0,82161.55,ongoing,365.0,2023-09-16,2024-09-15,,Zilla Parishad,irrigation,80.6,False
WE08428,Kolkata Constituency,Kolkata,Priya Singh,West Bengal,500000.0,500000.0,380150.65,completed,365.0,2024-01-16,2025-01-15,2025-06-15,Zilla Parishad,road,100.0,False
KE08429,Ernakulam Constituency,Ernakulam,Vikram Patel,Kerala,300000.0,150000.0,69995.55,stalled,545.0,2023-01-31,2024-07-29,,Jal Nigam,school,27.7,False
TA08430,Madurai Constituency,Madurai,Sunita Singh,Tamil Nadu,500000.0,250000.0,135433.29,completed,90.0,2024-08-16,2024-11-14,2025-06-01,PWD,drinking water,100.0,False
BI08431,Muzaffarpur Constituency,Muzaffarpur,Ramesh Verma,Bihar,500000.0,500000.0,496509.52,stalled,545.0,2023-07-17,2025-01-12,,PWD,electricity,11.7,False
PU08432,Ludhiana Constituency,Ludhiana,Meena Rao,Punjab,2000000.0,1000000.0,2631466.59,sanctioned,365.0,2023-03-12,2024-03-11,,Jal Nigam,school,,False
BI08433,Gaya Constituency,Gaya,Arjun Sharma,Bihar,2000000.0,2000000.0,603795.53,sanctioned,545.0,2024-01-12,2025-07-10,,Zilla Parishad,sanitation,,False
AN08434,Guntur Constituency,Guntur,Priya Reddy,Andhra Pradesh,2000000.0,2000000.0,630839.8,sanctioned,365.0,2024-07-28,2025-07-28,,Jal Nigam,irrigation,,False
AN08435,Krishna Constituency,Krishna,Anita Reddy,Andhra Pradesh,300000.0,300000.0,249892.15,ongoing,545.0,2023-01-17,2024-07-15,,Rural Dev Dept,community hall,43.6,False
KA08436,Belagavi Constituency,Belagavi,Deepa Reddy,Karnataka,500000.0,500000.0,215354.74,ongoing,365.0,2024-04-03,2025-04-03,,Zilla Parishad,drinking water,82.3,False
BI08437,Muzaffarpur Constituency,Muzaffarpur,Ramesh Verma,Bihar,2000000.0,2000000.0,750173.95,completed,545.0,2023-04-15,2024-10-11,2025-03-22,PWD,community hall,100.0,False
UT08438,Lucknow Constituency,Lucknow,Kavita Iyer,Uttar Pradesh,500000.0,500000.0,188770.87,ongoing,730.0,2023-01-14,2025-01-13,,PWD,community hall,51.8,False
BI08439,Muzaffarpur Constituency,Muzaffarpur,Ramesh Verma,Bihar,300000.0,150000.0,134050.62,stalled,365.0,2023-11-07,2024-11-06,,Zilla Parishad,road,27.2,False
AN08440,Visakhapatnam Constituency,Visakhapatnam,Vikram Naidu,Andhra Pradesh,2500000.0,2500000.0,1487286.41,stalled,180.0,2023-01-15,2023-07-14,,Zilla Parishad,school,30.7,False
KE08441,Ernakulam Constituency,Ernakulam,Vikram Patel,Kerala,2500000.0,2500000.0,1775195.08,ongoing,365.0,2023-09-05,2024-09-04,,Jal Nigam,irrigation,40.0,False
AN08442,Guntur Constituency,Guntur,Priya Reddy,Andhra Pradesh,2500000.0,2500000.0,2183511.4,ongoing,365.0,2023-12-25,2024-12-24,,Zilla Parishad,community hall,90.0,False
WE08443,Kolkata Constituency,Kolkata,Priya Singh,West Bengal,1500000.0,0.0,0.0,recommended,545.0,2023-01-25,2024-07-23,,PWD,electricity,,False
KE08444,Ernakulam Constituency,Ernakulam,Vikram Patel,Kerala,500000.0,500000.0,614985.37,ongoing,545.0,2024-07-22,2026-01-18,,Jal Nigam,school,94.3,False
AN08445,Krishna Constituency,Krishna,Anita Reddy,Andhra Pradesh,2500000.0,1250000.0,2950581.68,stalled,545.0,2024-07-16,2026-01-12,,Zilla Parishad,school,29.0,False
BI08446,Patna Constituency,Patna,Arjun Verma,Bihar,2500000.0,1250000.0,1171886.06,ongoing,730.0,2023-04-02,2025-04-01,,Jal Nigam,drinking water,72.8,False
KA08447,Mysuru Constituency,Mysuru,Meena Iyer,Karnataka,750000.0,375000.0,188852.57,ongoing,180.0,2023-06-15,2023-12-12,,Rural Dev Dept,school,93.1,False
MA08448,Pune Constituency,Pune,Ramesh Patel,Maharashtra,750000.0,750000.0,665158.83,completed,180.0,2024-04-21,2024-10-18,2025-03-20,Jal Nigam,sanitation,100.0,False
AN08449,Guntur Constituency,Guntur,Priya Reddy,Andhra Pradesh,200000.0,200000.0,150856.05,stalled,90.0,2023-06-12,2023-09-10,,Zilla Parishad,electricity,24.2,False
KE08450,Kozhikode Constituency,Kozhikode,Sunita Verma,Kerala,1000000.0,1000000.0,401656.34,ongoing,730.0,2023-03-15,2025-03-14,,Rural Dev Dept,sanitation,13.0,False
BI08451,Gaya Constituency,Gaya,Arjun Sharma,Bihar,500000.0,500000.0,229162.84,ongoing,90.0,2023-01-12,2023-04-12,,Jal Nigam,road,67.6,False
WE08452,Kolkata Constituency,Kolkata,Priya Singh,West Bengal,200000.0,200000.0,354631.59,ongoing,90.0,2023-02-25,2023-05-26,,Jal Nigam,community hall,82.1,False
PU08453,Ludhiana Constituency,Ludhiana,Meena Rao,Punjab,300000.0,300000.0,118195.12,stalled,365.0,2024-06-17,2025-06-17,,PWD,school,9.8,False
TA08454,Chennai Constituency,Chennai,Meena Verma,Tamil Nadu,300000.0,300000.0,147893.01,completed,365.0,2024-04-28,2025-04-28,2025-06-26,PWD,drinking water,100.0,False
MA08455,Pune Constituency,Pune,Ramesh Patel,Maharashtra,1000000.0,1000000.0,890487.48,completed,180.0,2024-09-29,2025-03-28,2025-05-22,Jal Nigam,road,100.0,False
AN08456,Visakhapatnam Constituency,Visakhapatnam,Vikram Naidu,Andhra Pradesh,500000.0,250000.0,188433.79,stalled,545.0,2023-08-19,2025-02-14,,PWD,drinking water,25.1,False
OD08457,Cuttack Constituency,Cuttack,Suresh Singh,Odisha,2000000.0,1000000.0,847759.14,ongoing,90.0,2023-08-24,2023-11-22,,Jal Nigam,electricity,76.4,False
KA08458,Bengaluru Urban Constituency,Bengaluru Urban,Priya Iyer,Karnataka,750000.0,750000.0,1489304.38,ongoing,90.0,2023-12-28,2024-03-27,,PWD,sanitation,56.2,False
AN08459,Visakhapatnam Constituency,Visakhapatnam,Vikram Naidu,Andhra Pradesh,300000.0,300000.0,176739.13,ongoing,270.0,2023-04-28,2024-01-23,,Jal Nigam,drinking water,11.8,False
RA08460,Jaipur Constituency,Jaipur,Kavita Verma,Rajasthan,500000.0,250000.0,147702.99,completed,365.0,2023-10-05,2024-10-04,2025-03-23,Jal Nigam,sanitation,100.0,False
KA08461,Bengaluru Urban Constituency,Bengaluru Urban,Priya Iyer,Karnataka,1000000.0,500000.0,204623.97,stalled,730.0,2023-10-15,2025-10-14,,Jal Nigam,sanitation,37.0,False
TA08462,Madurai Constituency,Madurai,Sunita Singh,Tamil Nadu,2000000.0,2000000.0,1001687.45,completed,365.0,2023-11-20,2024-11-19,2025-02-22,Zilla Parishad,community hall,100.0,False
UT08463,Varanasi Constituency,Varanasi,Lakshmi Gowda,Uttar Pradesh,1000000.0,1000000.0,826866.29,sanctioned,545.0,2023-06-01,2024-11-27,,Rural Dev Dept,school,,False
BI08464,Muzaffarpur Constituency,Muzaffarpur,Ramesh Verma,Bihar,750000.0,750000.0,905640.54,completed,365.0,2023-12-06,2024-12-05,2024-12-20,Jal Nigam,irrigation,100.0,False
BI08465,Gaya Constituency,Gaya,Arjun Sharma,Bihar,2000000.0,2000000.0,681292.63,ongoing,545.0,2023-02-01,2024-07-30,,Rural Dev Dept,school,89.4,False
AN08466,Guntur Constituency,Guntur,Priya Reddy,Andhra Pradesh,1500000.0,1500000.0,901755.79,ongoing,90.0,2023-01-12,2023-04-12,,Jal Nigam,drinking water,65.8,False
KA08467,Belagavi Constituency,Belagavi,Deepa Reddy,Karnataka,2000000.0,2000000.0,1020179.05,ongoing,545.0,2024-04-29,2025-10-26,,Jal Nigam,school,83.4,False
TA08468,Chennai Constituency,Chennai,Meena Verma,Tamil Nadu,2500000.0,1250000.0,697357.62,sanctioned,90.0,2023-08-05,2023-11-03,,Jal Nigam,road,,False
MA08469,Nagpur Constituency,Nagpur,Meena Nair,Maharashtra,1000000.0,1000000.0,402647.89,completed,180.0,2024-11-11,2025-05-10,2025-06-10,Zilla Parishad,electricity,100.0,False
AN08470,Krishna Constituency,Krishna,Anita Reddy,Andhra Pradesh,300000.0,300000.0,508947.46,ongoing,270.0,2023-09-26,2024-06-22,,Zilla Parishad,school,49.7,False
KA08471,Belagavi Constituency,Belagavi,Deepa Reddy,Karnataka,200000.0,0.0,0.0,recommended,545.0,2023-04-27,2024-10-23,,Rural Dev Dept,irrigation,,False
AN08472,Guntur Constituency,Guntur,Priya Reddy,Andhra Pradesh,2000000.0,1000000.0,783499.79,ongoing,545.0,2023-07-24,2025-01-19,,PWD,electricity,34.0,False
UT08473,Kanpur Nagar Constituency,Kanpur Nagar,Anita Iyer,Uttar Pradesh,2000000.0,1000000.0,567802.15,ongoing,180.0,2023-11-23,2024-05-21,,Rural Dev Dept,irrigation,58.2,False
BI08474,Muzaffarpur Constituency,Muzaffarpur,Ramesh Verma,Bihar,2500000.0,2500000.0,2271128.98,sanctioned,545.0,2023-09-09,2025-03-07,,Rural Dev Dept,community hall,,False
KE08475,Kozhikode Constituency,Kozhikode,Sunita Verma,Kerala,2500000.0,2500000.0,1827267.0,sanctioned,545.0,2024-06-19,2025-12-16,,PWD,electricity,,False
KA08476,Belagavi Constituency,Belagavi,Deepa Reddy,Karnataka,300000.0,300000.0,297877.95,completed,270.0,2023-04-16,2024-01-11,2024-03-31,Zilla Parishad,road,100.0,False
BI08477,Muzaffarpur Constituency,Muzaffarpur,Ramesh Verma,Bihar,300000.0,300000.0,160028.65,ongoing,180.0,2023-10-26,2024-04-23,,Zilla Parishad,community hall,50.6,False
WE08478,Howrah Constituency,Howrah,Anita Nair,West Bengal,200000.0,200000.0,72907.72,stalled,180.0,2023-01-03,2023-07-02,,Rural Dev Dept,road,25.6,False
KA08479,Bengaluru Urban Constituency,Bengaluru Urban,Priya Iyer,Karnataka,500000.0,500000.0,606110.02,ongoing,270.0,2024-09-03,2025-05-31,,Zilla Parishad,road,50.9,False
TA08480,Madurai Constituency,Madurai,Sunita Singh,Tamil Nadu,1000000.0,500000.0,1213653.26,ongoing,545.0,2024-05-27,2025-11-23,,PWD,road,40.5,False
TA08481,Chennai Constituency,Chennai,Meena Verma,Tamil Nadu,1000000.0,1000000.0,304418.56,stalled,90.0,2023-08-13,2023-11-11,,Rural Dev Dept,road,38.4,False
KE08482,Ernakulam Constituency,Ernakulam,Vikram Patel,Kerala,2500000.0,1250000.0,758946.3,stalled,545.0,2024-07-05,2026-01-01,,PWD,sanitation,13.3,False
WE08483,Kolkata Constituency,Kolkata,Priya Singh,West Bengal,2500000.0,1250000.0,1157497.03,ongoing,90.0,2023-10-20,2024-01-18,,Rural Dev Dept,road,37.6,False
AN08484,Guntur Constituency,Guntur,Priya Reddy,Andhra Pradesh,500000.0,500000.0,387997.47,sanctioned,365.0,2023-02-10,2024-02-10,,Zilla Parishad,electricity,,False
WE08485,Howrah Constituency,Howrah,Anita Nair,West Bengal,750000.0,750000.0,301705.62,stalled,730.0,2023-09-01,2025-08-31,,PWD,community hall,31.7,False
OD08486,Cuttack Constituency,Cuttack,Suresh Singh,Odisha,750000.0,750000.0,490239.83,stalled,270.0,2023-09-25,2024-06-21,,PWD,electricity,34.0,False
UT08487,Lucknow Constituency,Lucknow,Kavita Iyer,Uttar Pradesh,500000.0,250000.0,157745.1,stalled,270.0,2024-03-11,2024-12-06,,Zilla Parishad,sanitation,36.5,False
TA08488,Chennai Constituency,Chennai,Meena Verma,Tamil Nadu,1500000.0,1500000.0,1480808.07,stalled,730.0,2023-10-30,2025-10-29,,PWD,irrigation,13.1,False
AN08489,Krishna Constituency,Krishna,Anita Reddy,Andhra Pradesh,300000.0,300000.0,128477.54,ongoing,90.0,2024-10-21,2025-01-19,,Jal Nigam,community hall,58.0,False
BI08490,Patna Constituency,Patna,Arjun Verma,Bihar,2500000.0,2500000.0,1887713.9,stalled,730.0,2024-10-20,2026-10-20,,Rural Dev Dept,drinking water,35.9,False
KE08491,Kozhikode Constituency,Kozhikode,Sunita Verma,Kerala,2000000.0,1000000.0,578822.36,ongoing,545.0,2024-08-20,2026-02-16,,Rural Dev Dept,road,58.3,False
KA08492,Mysuru Constituency,Mysuru,Meena Iyer,Karnataka,2500000.0,2500000.0,1164337.19,ongoing,180.0,2023-03-12,2023-09-08,,PWD,drinking water,69.2,False
TA08493,Madurai Constituency,Madurai,Sunita Singh,Tamil Nadu,750000.0,750000.0,704991.26,ongoing,180.0,2023-12-24,2024-06-21,,PWD,road,84.2,False
KA08494,Bengaluru Urban Constituency,Bengaluru Urban,Priya Iyer,Karnataka,500000.0,500000.0,318660.15,ongoing,90.0,2023-05-18,2023-08-16,,Jal Nigam,irrigation,61.5,False
UT08495,Lucknow Constituency,Lucknow,Kavita Iyer,Uttar Pradesh,1500000.0,750000.0,749819.79,sanctioned,365.0,2023-06-20,2024-06-19,,Jal Nigam,school,,False
KA08496,Bengaluru Urban Constituency,Bengaluru Urban,Priya Iyer,Karnataka,200000.0,200000.0,140440.72,stalled,90.0,2024-08-14,2024-11-12,,Jal Nigam,school,21.7,False
OD08497,Cuttack Constituency,Cuttack,Suresh Singh,Odisha,1000000.0,0.0,0.0,recommended,545.0,2024-05-09,2025-11-05,,Zilla Parishad,community hall,,False
AN08498,Krishna Constituency,Krishna,Anita Reddy,Andhra Pradesh,500000.0,250000.0,621277.52,ongoing,730.0,2023-05-02,2025-05-01,,Jal Nigam,drinking water,61.8,False
KA08499,Belagavi Constituency,Belagavi,Deepa Reddy,Karnataka,300000.0,150000.0,74486.28,stalled,270.0,2023-02-15,2023-11-12,,Jal Nigam,irrigation,33.9,False
RA08500,Jaipur Constituency,Jaipur,Kavita Verma,Rajasthan,300000.0,300000.0,224197.45,completed,730.0,2023-06-06,2025-06-05,2025-11-10,Zilla Parishad,electricity,100.0,False
KA08501,Bengaluru Urban Constituency,Bengaluru Urban,Priya Iyer,Karnataka,200000.0,200000.0,139011.97,completed,270.0,2023-02-14,2023-11-11,2024-02-22,Rural Dev Dept,community hall,100.0,False
UT08502,Lucknow Constituency,Lucknow,Kavita Iyer,Uttar Pradesh,2000000.0,1000000.0,576117.59,ongoing,180.0,2024-06-05,2024-12-02,,Zilla Parishad,school,95.0,False
BI08503,Patna Constituency,Patna,Arjun Verma,Bihar,2000000.0,2000000.0,3151951.44,stalled,90.0,2024-11-09,2025-02-07,,Zilla Parishad,irrigation,28.6,False
WE08504,Kolkata Constituency,Kolkata,Priya Singh,West Bengal,500000.0,0.0,0.0,recommended,545.0,2023-06-10,2024-12-06,,Rural Dev Dept,road,,False
AN08505,Guntur Constituency,Guntur,Priya Reddy,Andhra Pradesh,1000000.0,1000000.0,939933.34,sanctioned,90.0,2023-12-05,2024-03-04,,PWD,sanitation,,False
BI08506,Muzaffarpur Constituency,Muzaffarpur,Ramesh Verma,Bihar,2000000.0,2000000.0,895503.22,completed,270.0,2024-10-06,2025-07-03,2025-12-15,Jal Nigam,school,100.0,False
MA08507,Nagpur Constituency,Nagpur,Meena Nair,Maharashtra,300000.0,150000.0,82199.52,ongoing,270.0,2024-05-21,2025-02-15,,PWD,road,18.0,False
KA08508,Mysuru Constituency,Mysuru,Meena Iyer,Karnataka,750000.0,750000.0,314993.94,sanctioned,730.0,2023-09-25,2025-09-24,,Jal Nigam,irrigation,,False
BI08509,Muzaffarpur Constituency,Muzaffarpur,Ramesh Verma,Bihar,300000.0,300000.0,403636.05,stalled,545.0,2024-08-11,2026-02-07,,PWD,electricity,39.2,False
KA08510,Mysuru Constituency,Mysuru,Meena Iyer,Karnataka,300000.0,300000.0,123920.67,sanctioned,365.0,2023-09-24,2024-09-23,,Jal Nigam,road,,False
MA08511,Nagpur Constituency,Nagpur,Meena Nair,Maharashtra,750000.0,750000.0,506647.78,stalled,90.0,2023-07-24,2023-10-22,,Rural Dev Dept,sanitation,29.2,False
BI08512,Muzaffarpur Constituency,Muzaffarpur,Ramesh Verma,Bihar,2500000.0,1250000.0,481178.19,ongoing,90.0,2024-11-18,2025-02-16,,Zilla Parishad,drinking water,31.1,False
KA08513,Bengaluru Urban Constituency,Bengaluru Urban,Priya Iyer,Karnataka,750000.0,375000.0,190549.54,completed,90.0,2023-08-17,2023-11-15,2024-01-13,Jal Nigam,road,100.0,False
KE08514,Kozhikode Constituency,Kozhikode,Sunita Verma,Kerala,1000000.0,1000000.0,360930.81,stalled,730.0,2024-06-23,2026-06-23,,Rural Dev Dept,electricity,30.0,False
PU08515,Ludhiana Constituency,Ludhiana,Meena Rao,Punjab,300000.0,300000.0,112930.39,ongoing,365.0,2024-11-18,2025-11-18,,Zilla Parishad,community hall,63.5,False
BI08516,Gaya Constituency,Gaya,Arjun Sharma,Bihar,200000.0,0.0,0.0,recommended,270.0,2023-05-17,2024-02-11,,Zilla Parishad,irrigation,,False
BI08517,Gaya Constituency,Gaya,Arjun Sharma,Bihar,1000000.0,1000000.0,1614244.35,ongoing,730.0,2023-05-26,2025-05-25,,Rural Dev Dept,drinking water,63.8,False
WE08518,Kolkata Constituency,Kolkata,Priya Singh,West Bengal,200000.0,200000.0,64775.46,ongoing,180.0,2024-07-13,2025-01-09,,PWD,school,84.8,False
RA08519,Jodhpur Constituency,Jodhpur,Kavita Nair,Rajasthan,1000000.0,1000000.0,345930.47,ongoing,90.0,2024-10-21,2025-01-19,,PWD,community hall,19.8,False
MA08520,Pune Constituency,Pune,Ramesh Patel,Maharashtra,2000000.0,2000000.0,1850118.98,stalled,180.0,2024-08-08,2025-02-04,,Rural Dev Dept,school,26.0,False
WE08521,Howrah Constituency,Howrah,Anita Nair,West Bengal,200000.0,200000.0,296188.42,ongoing,90.0,2024-04-23,2024-07-22,,Jal Nigam,school,89.2,False
UT08522,Kanpur Nagar Constituency,Kanpur Nagar,Anita Iyer,Uttar Pradesh,750000.0,750000.0,563682.82,completed,90.0,2023-03-19,2023-06-17,2023-07-02,Rural Dev Dept,irrigation,100.0,False
KA08523,Belagavi Constituency,Belagavi,Deepa Reddy,Karnataka,200000.0,100000.0,82799.81,ongoing,90.0,2024-04-19,2024-07-18,,Rural Dev Dept,sanitation,83.6,False
BI08524,Patna Constituency,Patna,Arjun Verma,Bihar,300000.0,300000.0,132720.4,stalled,270.0,2023-09-06,2024-06-02,,Zilla Parishad,sanitation,10.5,False
UT08525,Kanpur Nagar Constituency,Kanpur Nagar,Anita Iyer,Uttar Pradesh,500000.0,250000.0,181865.02,ongoing,365.0,2023-01-15,2024-01-15,,PWD,electricity,91.2,False
UT08526,Varanasi Constituency,Varanasi,Lakshmi Gowda,Uttar Pradesh,1500000.0,1500000.0,736292.1,completed,180.0,2023-06-16,2023-12-13,2023-11-30,Zilla Parishad,irrigation,100.0,False
UT08527,Varanasi Constituency,Varanasi,Lakshmi Gowda,Uttar Pradesh,500000.0,250000.0,219048.42,sanctioned,545.0,2024-04-12,2025-10-09,,Jal Nigam,irrigation,,False
AN08528,Krishna Constituency,Krishna,Anita Reddy,Andhra Pradesh,1500000.0,1500000.0,841893.54,ongoing,90.0,2023-10-23,2024-01-21,,Jal Nigam,community hall,27.5,False
KE08529,Kozhikode Constituency,Kozhikode,Sunita Verma,Kerala,500000.0,250000.0,167795.01,ongoing,270.0,2023-07-16,2024-04-11,,Rural Dev Dept,road,43.4,False
UT08530,Kanpur Nagar Constituency,Kanpur Nagar,Anita Iyer,Uttar Pradesh,200000.0,200000.0,194668.91,sanctioned,180.0,2023-10-12,2024-04-09,,Jal Nigam,drinking water,,False
WE08531,Kolkata Constituency,Kolkata,Priya Singh,West Bengal,1000000.0,500000.0,254304.18,ongoing,365.0,2024-05-08,2025-05-08,,Jal Nigam,sanitation,24.8,False
WE08532,Kolkata Constituency,Kolkata,Priya Singh,West Bengal,1000000.0,500000.0,375709.14,completed,545.0,2023-07-27,2025-01-22,2025-07-05,Jal Nigam,road,100.0,False
BI08533,Gaya Constituency,Gaya,Arjun Sharma,Bihar,300000.0,150000.0,56722.13,ongoing,90.0,2024-05-18,2024-08-16,,Jal Nigam,road,33.1,False
UT08534,Varanasi Constituency,Varanasi,Lakshmi Gowda,Uttar Pradesh,750000.0,750000.0,300955.6,stalled,180.0,2023-08-28,2024-02-24,,Rural Dev Dept,sanitation,16.0,False
KA08535,Belagavi Constituency,Belagavi,Deepa Reddy,Karnataka,1000000.0,1000000.0,535461.7,stalled,545.0,2023-09-10,2025-03-08,,Rural Dev Dept,school,16.2,False
WE08536,Kolkata Constituency,Kolkata,Priya Singh,West Bengal,300000.0,0.0,0.0,recommended,90.0,2024-08-07,2024-11-05,,PWD,community hall,,False
KA08537,Mysuru Constituency,Mysuru,Meena Iyer,Karnataka,1000000.0,1000000.0,649763.32,stalled,270.0,2024-11-29,2025-08-26,,PWD,road,16.3,False
PU08538,Ludhiana Constituency,Ludhiana,Meena Rao,Punjab,2500000.0,2500000.0,2048229.4,stalled,270.0,2024-07-16,2025-04-12,,Jal Nigam,irrigation,31.9,False
MA08539,Pune Constituency,Pune,Ramesh Patel,Maharashtra,2500000.0,2500000.0,1173503.67,ongoing,730.0,2023-02-21,2025-02-20,,Zilla Parishad,road,17.6,False
OD08540,Cuttack Constituency,Cuttack,Suresh Singh,Odisha,1500000.0,1500000.0,500937.57,ongoing,270.0,2024-08-22,2025-05-19,,Jal Nigam,electricity,69.3,False
TA08541,Coimbatore Constituency,Coimbatore,Kavita Rao,Tamil Nadu,500000.0,0.0,0.0,recommended,90.0,2023-08-27,2023-11-25,,Rural Dev Dept,sanitation,,False
UT08542,Varanasi Constituency,Varanasi,Lakshmi Gowda,Uttar Pradesh,300000.0,300000.0,437721.05,stalled,545.0,2023-02-25,2024-08-23,,Jal Nigam,road,12.3,False
AN08543,Visakhapatnam Constituency,Visakhapatnam,Vikram Naidu,Andhra Pradesh,2500000.0,2500000.0,832361.56,completed,730.0,2024-04-13,2026-04-13,2026-10-03,Rural Dev Dept,community hall,100.0,False
KA08544,Mysuru Constituency,Mysuru,Meena Iyer,Karnataka,200000.0,200000.0,120078.21,ongoing,545.0,2024-08-30,2026-02-26,,PWD,school,43.0,False
RA08545,Jaipur Constituency,Jaipur,Kavita Verma,Rajasthan,300000.0,300000.0,291787.27,ongoing,545.0,2023-12-22,2025-06-19,,Rural Dev Dept,school,58.7,False
TA08546,Coimbatore Constituency,Coimbatore,Kavita Rao,Tamil Nadu,750000.0,750000.0,464362.17,stalled,730.0,2023-04-13,2025-04-12,,Rural Dev Dept,community hall,7.7,False
PU08547,Ludhiana Constituency,Ludhiana,Meena Rao,Punjab,300000.0,150000.0,54522.08,ongoing,545.0,2024-02-23,2025-08-21,,PWD,community hall,31.4,False
WE08548,Howrah Constituency,Howrah,Anita Nair,West Bengal,500000.0,250000.0,137060.83,stalled,90.0,2024-06-25,2024-09-23,,Zilla Parishad,community hall,35.8,False
BI08549,Muzaffarpur Constituency,Muzaffarpur,Ramesh Verma,Bihar,500000.0,250000.0,230977.0,completed,365.0,2024-10-28,2025-10-28,2025-12-29,PWD,irrigation,100.0,False
KE08550,Ernakulam Constituency,Ernakulam,Vikram Patel,Kerala,500000.0,500000.0,211873.58,completed,90.0,2023-04-07,2023-07-06,2023-07-01,Zilla Parishad,electricity,100.0,False
MA08551,Pune Constituency,Pune,Ramesh Patel,Maharashtra,2500000.0,2500000.0,3442205.45,ongoing,365.0,2023-01-07,2024-01-07,,PWD,drinking water,35.7,False
KE08552,Ernakulam Constituency,Ernakulam,Vikram Patel,Kerala,2000000.0,2000000.0,1694047.51,ongoing,365.0,2024-06-24,2025-06-24,,Zilla Parishad,sanitation,63.2,False
AN08553,Guntur Constituency,Guntur,Priya Reddy,Andhra Pradesh,2500000.0,1250000.0,1201902.78,sanctioned,730.0,2024-02-17,2026-02-16,,Rural Dev Dept,sanitation,,False
TA08554,Chennai Constituency,Chennai,Meena Verma,Tamil Nadu,750000.0,750000.0,1126164.49,ongoing,545.0,2024-08-01,2026-01-28,,Rural Dev Dept,sanitation,41.8,False
KE08555,Ernakulam Constituency,Ernakulam,Vikram Patel,Kerala,750000.0,375000.0,161262.93,completed,180.0,2024-06-12,2024-12-09,2025-06-12,Zilla Parishad,school,100.0,False
BI08556,Muzaffarpur Constituency,Muzaffarpur,Ramesh Verma,Bihar,1500000.0,1500000.0,461041.78,ongoing,365.0,2023-09-13,2024-09-12,,Zilla Parishad,irrigation,18.5,False
KE08557,Kozhikode Constituency,Kozhikode,Sunita Verma,Kerala,2500000.0,2500000.0,2283530.13,stalled,90.0,2024-11-08,2025-02-06,,Zilla Parishad,electricity,35.9,False
PU08558,Ludhiana Constituency,Ludhiana,Meena Rao,Punjab,2500000.0,2500000.0,1178109.0,sanctioned,270.0,2023-12-17,2024-09-12,,Rural Dev Dept,irrigation,,False
MA08559,Pune Constituency,Pune,Ramesh Patel,Maharashtra,500000.0,500000.0,369954.05,completed,270.0,2023-04-19,2024-01-14,2024-04-18,Rural Dev Dept,road,100.0,False
AN08560,Visakhapatnam Constituency,Visakhapatnam,Vikram Naidu,Andhra Pradesh,1000000.0,0.0,0.0,recommended,730.0,2024-08-22,2026-08-22,,Jal Nigam,sanitation,,False
BI08561,Gaya Constituency,Gaya,Arjun Sharma,Bihar,500000.0,500000.0,493029.92,ongoing,545.0,2024-05-14,2025-11-10,,Rural Dev Dept,community hall,10.4,False
UT08562,Varanasi Constituency,Varanasi,Lakshmi Gowda,Uttar Pradesh,2000000.0,2000000.0,1812352.76,ongoing,730.0,2023-10-09,2025-10-08,,Zilla Parishad,school,37.5,False
AN08563,Guntur Constituency,Guntur,Priya Reddy,Andhra Pradesh,750000.0,750000.0,428733.7,sanctioned,180.0,2023-05-21,2023-11-17,,Zilla Parishad,community hall,,False
AN08564,Visakhapatnam Constituency,Visakhapatnam,Vikram Naidu,Andhra Pradesh,200000.0,100000.0,31225.78,completed,90.0,2023-08-19,2023-11-17,2024-01-04,Rural Dev Dept,school,100.0,False
UT08565,Varanasi Constituency,Varanasi,Lakshmi Gowda,Uttar Pradesh,1000000.0,1000000.0,323129.86,completed,545.0,2023-03-21,2024-09-16,2025-02-02,Jal Nigam,irrigation,100.0,False
UT08566,Varanasi Constituency,Varanasi,Lakshmi Gowda,Uttar Pradesh,500000.0,250000.0,716893.98,ongoing,545.0,2023-10-20,2025-04-17,,PWD,drinking water,71.8,False
WE08567,Howrah Constituency,Howrah,Anita Nair,West Bengal,500000.0,250000.0,78593.61,stalled,365.0,2023-04-29,2024-04-28,,PWD,school,28.4,False
MA08568,Pune Constituency,Pune,Ramesh Patel,Maharashtra,200000.0,100000.0,64226.0,sanctioned,90.0,2023-10-02,2023-12-31,,PWD,community hall,,False
PU08569,Ludhiana Constituency,Ludhiana,Meena Rao,Punjab,1000000.0,1000000.0,795662.38,sanctioned,545.0,2023-07-09,2025-01-04,,PWD,electricity,,False
TA08570,Chennai Constituency,Chennai,Meena Verma,Tamil Nadu,1000000.0,500000.0,362934.31,stalled,90.0,2023-04-23,2023-07-22,,PWD,drinking water,21.5,False
BI08571,Patna Constituency,Patna,Arjun Verma,Bihar,750000.0,375000.0,194213.11,ongoing,365.0,2023-05-24,2024-05-23,,PWD,road,71.7,False
MA08572,Pune Constituency,Pune,Ramesh Patel,Maharashtra,1500000.0,750000.0,1813219.92,completed,730.0,2024-04-23,2026-04-23,2026-07-05,Rural Dev Dept,road,100.0,False
RA08573,Jodhpur Constituency,Jodhpur,Kavita Nair,Rajasthan,1000000.0,500000.0,202128.02,ongoing,545.0,2023-11-11,2025-05-09,,Rural Dev Dept,community hall,42.5,False
TA08574,Chennai Constituency,Chennai,Meena Verma,Tamil Nadu,200000.0,200000.0,63890.36,ongoing,545.0,2024-06-16,2025-12-13,,Rural Dev Dept,community hall,53.5,False
TA08575,Coimbatore Constituency,Coimbatore,Kavita Rao,Tamil Nadu,750000.0,750000.0,378110.36,ongoing,90.0,2023-11-03,2024-02-01,,Zilla Parishad,sanitation,43.3,False
AN08576,Guntur Constituency,Guntur,Priya Reddy,Andhra Pradesh,750000.0,375000.0,208992.12,completed,365.0,2023-04-20,2024-04-19,2024-09-17,Rural Dev Dept,community hall,100.0,False
AN08577,Visakhapatnam Constituency,Visakhapatnam,Vikram Naidu,Andhra Pradesh,1500000.0,1500000.0,801081.91,completed,90.0,2024-05-15,2024-08-13,2024-09-06,PWD,irrigation,100.0,False
AN08578,Krishna Constituency,Krishna,Anita Reddy,Andhra Pradesh,500000.0,250000.0,83108.1,stalled,365.0,2023-06-23,2024-06-22,,Jal Nigam,road,16.4,False
MA08579,Pune Constituency,Pune,Ramesh Patel,Maharashtra,1000000.0,1000000.0,818607.79,ongoing,180.0,2023-08-18,2024-02-14,,Rural Dev Dept,community hall,23.5,False
RA08580,Jodhpur Constituency,Jodhpur,Kavita Nair,Rajasthan,750000.0,375000.0,266837.16,sanctioned,365.0,2023-08-16,2024-08-15,,Jal Nigam,sanitation,,False
MA08581,Nagpur Constituency,Nagpur,Meena Nair,Maharashtra,1500000.0,1500000.0,969272.72,ongoing,545.0,2023-12-25,2025-06-22,,Jal Nigam,electricity,63.3,False
KA08582,Belagavi Constituency,Belagavi,Deepa Reddy,Karnataka,200000.0,200000.0,194655.3,sanctioned,730.0,2024-03-10,2026-03-10,,Rural Dev Dept,road,,False
TA08583,Chennai Constituency,Chennai,Meena Verma,Tamil Nadu,2500000.0,1250000.0,1018983.56,ongoing,180.0,2023-03-18,2023-09-14,,Zilla Parishad,community hall,17.0,False
WE08584,Howrah Constituency,Howrah,Anita Nair,West Bengal,200000.0,200000.0,132826.31,ongoing,90.0,2024-01-11,2024-04-10,,Jal Nigam,drinking water,26.3,False
UT08585,Varanasi Constituency,Varanasi,Lakshmi Gowda,Uttar Pradesh,1500000.0,0.0,0.0,recommended,90.0,2024-02-06,2024-05-06,,Jal Nigam,drinking water,,False
BI08586,Gaya Constituency,Gaya,Arjun Sharma,Bihar,2000000.0,2000000.0,1700234.37,completed,90.0,2023-04-01,2023-06-30,2023-12-10,PWD,electricity,100.0,False
KA08587,Mysuru Constituency,Mysuru,Meena Iyer,Karnataka,300000.0,0.0,0.0,recommended,365.0,2024-11-08,2025-11-08,,Zilla Parishad,irrigation,,False
PU08588,Ludhiana Constituency,Ludhiana,Meena Rao,Punjab,1000000.0,500000.0,281754.01,stalled,90.0,2023-03-13,2023-06-11,,PWD,irrigation,19.5,False
TA08589,Chennai Constituency,Chennai,Meena Verma,Tamil Nadu,500000.0,250000.0,167936.27,sanctioned,545.0,2024-06-27,2025-12-24,,PWD,irrigation,,False
AN08590,Guntur Constituency,Guntur,Priya Reddy,Andhra Pradesh,500000.0,250000.0,112395.51,ongoing,90.0,2023-10-30,2024-01-28,,Zilla Parishad,sanitation,80.8,False
BI08591,Gaya Constituency,Gaya,Arjun Sharma,Bihar,500000.0,500000.0,983262.85,completed,270.0,2024-06-18,2025-03-15,2025-06-12,Jal Nigam,sanitation,100.0,False
KA08592,Mysuru Constituency,Mysuru,Meena Iyer,Karnataka,2000000.0,2000000.0,1230147.4,ongoing,730.0,2023-07-27,2025-07-26,,Zilla Parishad,sanitation,86.7,False
UT08593,Lucknow Constituency,Lucknow,Kavita Iyer,Uttar Pradesh,750000.0,0.0,0.0,recommended,180.0,2023-06-21,2023-12-18,,Rural Dev Dept,sanitation,,False
UT08594,Kanpur Nagar Constituency,Kanpur Nagar,Anita Iyer,Uttar Pradesh,750000.0,375000.0,349009.73,stalled,365.0,2024-04-16,2025-04-16,,Rural Dev Dept,drinking water,21.7,False
KA08595,Mysuru Constituency,Mysuru,Meena Iyer,Karnataka,1000000.0,500000.0,414755.41,sanctioned,730.0,2023-09-19,2025-09-18,,Rural Dev Dept,irrigation,,False
AN08596,Guntur Constituency,Guntur,Priya Reddy,Andhra Pradesh,750000.0,750000.0,647147.53,ongoing,545.0,2024-04-15,2025-10-12,,Jal Nigam,sanitation,64.2,False
BI08597,Patna Constituency,Patna,Arjun Verma,Bihar,2500000.0,2500000.0,2459048.34,stalled,90.0,2023-04-22,2023-07-21,,PWD,road,8.4,False
TA08598,Coimbatore Constituency,Coimbatore,Kavita Rao,Tamil Nadu,1500000.0,1500000.0,1154879.67,ongoing,365.0,2024-02-28,2025-02-27,,Jal Nigam,sanitation,82.0,False
TA08599,Coimbatore Constituency,Coimbatore,Kavita Rao,Tamil Nadu,200000.0,200000.0,169510.98,stalled,180.0,2023-09-11,2024-03-09,,Jal Nigam,sanitation,17.9,False
RA08600,Jaipur Constituency,Jaipur,Kavita Verma,Rajasthan,1500000.0,750000.0,2841369.86,ongoing,180.0,2023-10-18,2024-04-15,,PWD,electricity,36.8,False
KA08601,Mysuru Constituency,Mysuru,Meena Iyer,Karnataka,2000000.0,2000000.0,1854104.59,ongoing,180.0,2024-04-17,2024-10-14,,PWD,irrigation,59.6,False
BI08602,Gaya Constituency,Gaya,Arjun Sharma,Bihar,200000.0,200000.0,194114.57,stalled,365.0,2024-10-19,2025-10-19,,Jal Nigam,school,27.5,False
OD08603,Cuttack Constituency,Cuttack,Suresh Singh,Odisha,1000000.0,500000.0,421183.47,stalled,270.0,2023-01-07,2023-10-04,,Jal Nigam,sanitation,18.5,False
AN08604,Guntur Constituency,Guntur,Priya Reddy,Andhra Pradesh,750000.0,0.0,0.0,recommended,270.0,2024-10-10,2025-07-07,,Zilla Parishad,drinking water,,False
AN08605,Visakhapatnam Constituency,Visakhapatnam,Vikram Naidu,Andhra Pradesh,1000000.0,500000.0,1858796.43,ongoing,365.0,2024-06-27,2025-06-27,,PWD,drinking water,51.8,False
BI08606,Gaya Constituency,Gaya,Arjun Sharma,Bihar,2000000.0,2000000.0,1120723.59,stalled,365.0,2023-07-31,2024-07-30,,Rural Dev Dept,community hall,23.1,False
TA08607,Coimbatore Constituency,Coimbatore,Kavita Rao,Tamil Nadu,2500000.0,2500000.0,1715431.29,stalled,270.0,2024-05-15,2025-02-09,,Jal Nigam,road,14.0,False
BI08608,Gaya Constituency,Gaya,Arjun Sharma,Bihar,750000.0,750000.0,556166.57,completed,180.0,2023-02-25,2023-08-24,2023-10-21,Jal Nigam,drinking water,100.0,False
KA08609,Mysuru Constituency,Mysuru,Meena Iyer,Karnataka,1000000.0,500000.0,337454.24,stalled,365.0,2024-06-23,2025-06-23,,Rural Dev Dept,community hall,36.0,False
TA08610,Madurai Constituency,Madurai,Sunita Singh,Tamil Nadu,1500000.0,750000.0,353099.65,ongoing,545.0,2024-09-28,2026-03-27,,PWD,electricity,88.7,False
PU08611,Ludhiana Constituency,Ludhiana,Meena Rao,Punjab,1500000.0,1500000.0,1427493.99,completed,90.0,2023-12-07,2024-03-06,2024-07-15,PWD,road,100.0,False
KA08612,Mysuru Constituency,Mysuru,Meena Iyer,Karnataka,300000.0,300000.0,118684.54,sanctioned,730.0,2023-09-01,2025-08-31,,Jal Nigam,irrigation,,False
KA08613,Belagavi Constituency,Belagavi,Deepa Reddy,Karnataka,500000.0,500000.0,460494.25,completed,730.0,2023-07-14,2025-07-13,2025-12-27,Jal Nigam,school,100.0,False
RA08614,Jaipur Constituency,Jaipur,Kavita Verma,Rajasthan,2500000.0,0.0,0.0,recommended,365.0,2024-08-18,2025-08-18,,Jal Nigam,road,,False
TA08615,Madurai Constituency,Madurai,Sunita Singh,Tamil Nadu,750000.0,750000.0,683633.33,completed,730.0,2024-01-14,2026-01-13,2026-03-01,Jal Nigam,sanitation,100.0,False
WE08616,Howrah Constituency,Howrah,Anita Nair,West Bengal,750000.0,750000.0,343715.5,ongoing,270.0,2024-01-09,2024-10-05,,Rural Dev Dept,electricity,40.1,False
MA08617,Pune Constituency,Pune,Ramesh Patel,Maharashtra,1500000.0,1500000.0,1131136.42,ongoing,90.0,2024-09-18,2024-12-17,,Zilla Parishad,road,53.5,False
KA08618,Belagavi Constituency,Belagavi,Deepa Reddy,Karnataka,500000.0,500000.0,460499.66,ongoing,365.0,2023-07-10,2024-07-09,,Rural Dev Dept,school,54.8,False
MA08619,Nagpur Constituency,Nagpur,Meena Nair,Maharashtra,1500000.0,750000.0,462231.89,completed,730.0,2023-09-10,2025-09-09,2025-09-20,Jal Nigam,community hall,100.0,False
KE08620,Ernakulam Constituency,Ernakulam,Vikram Patel,Kerala,1000000.0,1000000.0,1634497.9,completed,545.0,2023-08-18,2025-02-13,2025-08-13,PWD,irrigation,100.0,False
BI08621,Muzaffarpur Constituency,Muzaffarpur,Ramesh Verma,Bihar,750000.0,750000.0,540252.06,completed,270.0,2023-06-06,2024-03-02,2024-02-04,Rural Dev Dept,community hall,100.0,False
MA08622,Nagpur Constituency,Nagpur,Meena Nair,Maharashtra,2500000.0,2500000.0,2339181.24,ongoing,90.0,2024-02-08,2024-05-08,,Jal Nigam,community hall,81.9,False
UT08623,Varanasi Constituency,Varanasi,Lakshmi Gowda,Uttar Pradesh,1500000.0,0.0,0.0,recommended,365.0,2024-05-17,2025-05-17,,Rural Dev Dept,irrigation,,False
UT08624,Lucknow Constituency,Lucknow,Kavita Iyer,Uttar Pradesh,2500000.0,1250000.0,684392.93,sanctioned,270.0,2024-10-15,2025-07-12,,Zilla Parishad,road,,False
WE08625,Howrah Constituency,Howrah,Anita Nair,West Bengal,300000.0,0.0,0.0,recommended,545.0,2023-10-28,2025-04-25,,PWD,electricity,,False
MA08626,Nagpur Constituency,Nagpur,Meena Nair,Maharashtra,200000.0,0.0,0.0,recommended,270.0,2023-05-06,2024-01-31,,Rural Dev Dept,electricity,,False
TA08627,Chennai Constituency,Chennai,Meena Verma,Tamil Nadu,200000.0,100000.0,234465.56,ongoing,270.0,2023-03-24,2023-12-19,,PWD,road,68.0,False
TA08628,Madurai Constituency,Madurai,Sunita Singh,Tamil Nadu,2000000.0,0.0,0.0,recommended,270.0,2023-08-21,2024-05-17,,Rural Dev Dept,road,,False
AN08629,Visakhapatnam Constituency,Visakhapatnam,Vikram Naidu,Andhra Pradesh,2500000.0,1250000.0,1089562.79,sanctioned,730.0,2024-01-18,2026-01-17,,Zilla Parishad,irrigation,,False
BI08630,Gaya Constituency,Gaya,Arjun Sharma,Bihar,200000.0,200000.0,139830.34,sanctioned,90.0,2024-01-26,2024-04-25,,PWD,electricity,,False
KA08631,Mysuru Constituency,Mysuru,Meena Iyer,Karnataka,500000.0,500000.0,156617.4,completed,90.0,2023-06-16,2023-09-14,2024-01-22,PWD,drinking water,100.0,False
RA08632,Jaipur Constituency,Jaipur,Kavita Verma,Rajasthan,2500000.0,0.0,0.0,recommended,270.0,2023-07-16,2024-04-11,,Zilla Parishad,school,,False
PU08633,Ludhiana Constituency,Ludhiana,Meena Rao,Punjab,1500000.0,1500000.0,674063.24,stalled,545.0,2023-09-14,2025-03-12,,Zilla Parishad,drinking water,21.8,False
AN08634,Visakhapatnam Constituency,Visakhapatnam,Vikram Naidu,Andhra Pradesh,750000.0,750000.0,666519.27,stalled,730.0,2023-09-01,2025-08-31,,Zilla Parishad,road,8.3,False
TA08635,Madurai Constituency,Madurai,Sunita Singh,Tamil Nadu,1500000.0,1500000.0,874607.92,completed,180.0,2024-05-18,2024-11-14,2024-11-11,Jal Nigam,road,100.0,False
UT08636,Varanasi Constituency,Varanasi,Lakshmi Gowda,Uttar Pradesh,500000.0,250000.0,165417.29,sanctioned,365.0,2024-04-22,2025-04-22,,Rural Dev Dept,irrigation,,False
AN08637,Guntur Constituency,Guntur,Priya Reddy,Andhra Pradesh,300000.0,300000.0,129744.33,stalled,730.0,2023-07-16,2025-07-15,,Jal Nigam,school,25.3,False
KA08638,Mysuru Constituency,Mysuru,Meena Iyer,Karnataka,1000000.0,500000.0,289238.62,sanctioned,365.0,2024-02-17,2025-02-16,,Rural Dev Dept,sanitation,,False
WE08639,Kolkata Constituency,Kolkata,Priya Singh,West Bengal,750000.0,750000.0,497856.76,completed,365.0,2023-08-27,2024-08-26,2024-08-18,Jal Nigam,irrigation,100.0,False
TA08640,Chennai Constituency,Chennai,Meena Verma,Tamil Nadu,200000.0,200000.0,89377.3,ongoing,365.0,2024-04-18,2025-04-18,,Rural Dev Dept,drinking water,74.3,False
AN08641,Guntur Constituency,Guntur,Priya Reddy,Andhra Pradesh,1500000.0,0.0,0.0,recommended,90.0,2023-09-13,2023-12-12,,Zilla Parishad,school,,False
TA08642,Coimbatore Constituency,Coimbatore,Kavita Rao,Tamil Nadu,2000000.0,2000000.0,1968859.81,ongoing,270.0,2023-04-23,2024-01-18,,Rural Dev Dept,irrigation,26.0,False
AN08643,Visakhapatnam Constituency,Visakhapatnam,Vikram Naidu,Andhra Pradesh,1500000.0,750000.0,306193.29,completed,90.0,2024-07-31,2024-10-29,2025-03-21,Rural Dev Dept,drinking water,100.0,False
UT08644,Lucknow Constituency,Lucknow,Kavita Iyer,Uttar Pradesh,500000.0,500000.0,321887.43,stalled,90.0,2024-04-21,2024-07-20,,Jal Nigam,electricity,36.2,False
UT08645,Lucknow Constituency,Lucknow,Kavita Iyer,Uttar Pradesh,1500000.0,1500000.0,1065403.56,ongoing,365.0,2024-02-09,2025-02-08,,Jal Nigam,community hall,82.9,False
OD08646,Cuttack Constituency,Cuttack,Suresh Singh,Odisha,2000000.0,2000000.0,635651.06,ongoing,545.0,2024-10-20,2026-04-18,,Rural Dev Dept,irrigation,81.8,False
KA08647,Mysuru Constituency,Mysuru,Meena Iyer,Karnataka,2500000.0,2500000.0,1002573.54,stalled,90.0,2024-11-13,2025-02-11,,Jal Nigam,school,25.8,False
KA08648,Bengaluru Urban Constituency,Bengaluru Urban,Priya Iyer,Karnataka,2000000.0,2000000.0,1226554.55,stalled,545.0,2023-08-02,2025-01-28,,PWD,drinking water,16.4,False
BI08649,Patna Constituency,Patna,Arjun Verma,Bihar,750000.0,375000.0,206482.85,sanctioned,90.0,2024-01-28,2024-04-27,,Jal Nigam,school,,False
KA08650,Bengaluru Urban Constituency,Bengaluru Urban,Priya Iyer,Karnataka,2000000.0,2000000.0,1386414.75,completed,90.0,2023-01-19,2023-04-19,2023-08-11,Rural Dev Dept,irrigation,100.0,False
WE08651,Kolkata Constituency,Kolkata,Priya Singh,West Bengal,500000.0,500000.0,432635.87,completed,270.0,2023-08-29,2024-05-25,2024-11-06,Rural Dev Dept,sanitation,100.0,False
BI08652,Muzaffarpur Constituency,Muzaffarpur,Ramesh Verma,Bihar,750000.0,750000.0,686549.74,stalled,545.0,2023-06-05,2024-12-01,,PWD,school,36.6,False
UT08653,Lucknow Constituency,Lucknow,Kavita Iyer,Uttar Pradesh,2500000.0,2500000.0,2211320.84,ongoing,365.0,2024-11-07,2025-11-07,,Rural Dev Dept,community hall,70.5,False
BI08654,Patna Constituency,Patna,Arjun Verma,Bihar,1000000.0,1000000.0,916224.81,sanctioned,545.0,2024-04-09,2025-10-06,,Zilla Parishad,sanitation,,False
BI08655,Muzaffarpur Constituency,Muzaffarpur,Ramesh Verma,Bihar,750000.0,750000.0,472702.68,stalled,730.0,2023-07-02,2025-07-01,,Jal Nigam,sanitation,16.9,False
AN08656,Guntur Constituency,Guntur,Priya Reddy,Andhra Pradesh,200000.0,200000.0,234866.59,ongoing,545.0,2024-01-16,2025-07-14,,PWD,sanitation,77.1,False
UT08657,Kanpur Nagar Constituency,Kanpur Nagar,Anita Iyer,Uttar Pradesh,500000.0,500000.0,264877.92,ongoing,545.0,2023-09-17,2025-03-15,,Rural Dev Dept,community hall,58.5,False
BI08658,Muzaffarpur Constituency,Muzaffarpur,Ramesh Verma,Bihar,1000000.0,1000000.0,315794.22,sanctioned,730.0,2023-09-24,2025-09-23,,Rural Dev Dept,road,,False
UT08659,Kanpur Nagar Constituency,Kanpur Nagar,Anita Iyer,Uttar Pradesh,750000.0,375000.0,115892.83,sanctioned,270.0,2023-02-28,2023-11-25,,Zilla Parishad,sanitation,,False
UT08660,Kanpur Nagar Constituency,Kanpur Nagar,Anita Iyer,Uttar Pradesh,2000000.0,2000000.0,1090484.26,stalled,730.0,2023-02-10,2025-02-09,,Jal Nigam,irrigation,39.1,False
KA08661,Bengaluru Urban Constituency,Bengaluru Urban,Priya Iyer,Karnataka,500000.0,500000.0,402947.69,sanctioned,180.0,2024-07-15,2025-01-11,,Rural Dev Dept,irrigation,,False
BI08662,Gaya Constituency,Gaya,Arjun Sharma,Bihar,1500000.0,750000.0,308519.53,completed,270.0,2023-09-08,2024-06-04,2024-10-11,Rural Dev Dept,electricity,100.0,False
BI08663,Gaya Constituency,Gaya,Arjun Sharma,Bihar,1000000.0,1000000.0,560315.42,ongoing,730.0,2024-03-22,2026-03-22,,PWD,sanitation,47.5,False
TA08664,Chennai Constituency,Chennai,Meena Verma,Tamil Nadu,2500000.0,2500000.0,1571048.28,stalled,90.0,2024-05-03,2024-08-01,,PWD,school,28.1,False
KE08665,Ernakulam Constituency,Ernakulam,Vikram Patel,Kerala,200000.0,200000.0,86331.56,stalled,730.0,2024-03-31,2026-03-31,,PWD,sanitation,32.0,False
AN08666,Guntur Constituency,Guntur,Priya Reddy,Andhra Pradesh,750000.0,750000.0,870659.55,stalled,365.0,2024-02-03,2025-02-02,,PWD,road,18.4,False
WE08667,Kolkata Constituency,Kolkata,Priya Singh,West Bengal,1500000.0,1500000.0,1038207.74,stalled,365.0,2023-07-28,2024-07-27,,Rural Dev Dept,irrigation,25.1,False
WE08668,Kolkata Constituency,Kolkata,Priya Singh,West Bengal,300000.0,150000.0,126521.97,ongoing,90.0,2024-10-09,2025-01-07,,PWD,electricity,76.3,False
RA08669,Jodhpur Constituency,Jodhpur,Kavita Nair,Rajasthan,2500000.0,2500000.0,1746536.4,stalled,180.0,2024-05-27,2024-11-23,,Rural Dev Dept,school,13.3,False
AN08670,Guntur Constituency,Guntur,Priya Reddy,Andhra Pradesh,1000000.0,500000.0,376164.68,completed,90.0,2023-08-17,2023-11-15,2024-01-27,Rural Dev Dept,sanitation,100.0,False
KA08671,Mysuru Constituency,Mysuru,Meena Iyer,Karnataka,200000.0,200000.0,178693.46,stalled,365.0,2023-06-20,2024-06-19,,Zilla Parishad,drinking water,11.4,False
TA08672,Chennai Constituency,Chennai,Meena Verma,Tamil Nadu,300000.0,300000.0,180679.83,completed,730.0,2024-01-15,2026-01-14,2026-05-18,PWD,school,100.0,False
BI08673,Muzaffarpur Constituency,Muzaffarpur,Ramesh Verma,Bihar,1500000.0,1500000.0,672361.15,ongoing,365.0,2024-01-07,2025-01-06,,Zilla Parishad,drinking water,42.3,False
KA08674,Mysuru Constituency,Mysuru,Meena Iyer,Karnataka,1000000.0,1000000.0,608951.59,stalled,270.0,2024-10-10,2025-07-07,,PWD,school,23.5,False
AN08675,Visakhapatnam Constituency,Visakhapatnam,Vikram Naidu,Andhra Pradesh,300000.0,300000.0,144841.06,stalled,270.0,2023-07-25,2024-04-20,,Jal Nigam,electricity,19.6,False
KE08676,Kozhikode Constituency,Kozhikode,Sunita Verma,Kerala,1500000.0,1500000.0,638349.2,sanctioned,180.0,2024-11-08,2025-05-07,,Jal Nigam,drinking water,,False
UT08677,Kanpur Nagar Constituency,Kanpur Nagar,Anita Iyer,Uttar Pradesh,200000.0,0.0,0.0,recommended,270.0,2024-02-21,2024-11-17,,PWD,school,,False
RA08678,Jaipur Constituency,Jaipur,Kavita Verma,Rajasthan,300000.0,150000.0,143632.13,ongoing,365.0,2023-04-10,2024-04-09,,Rural Dev Dept,drinking water,20.1,False
KA08679,Bengaluru Urban Constituency,Bengaluru Urban,Priya Iyer,Karnataka,2000000.0,2000000.0,870183.03,stalled,180.0,2024-09-21,2025-03-20,,PWD,school,36.7,False
RA08680,Jaipur Constituency,Jaipur,Kavita Verma,Rajasthan,1000000.0,1000000.0,470251.94,completed,730.0,2024-06-29,2026-06-29,2026-10-28,Jal Nigam,drinking water,100.0,False
TA08681,Coimbatore Constituency,Coimbatore,Kavita Rao,Tamil Nadu,2500000.0,2500000.0,1622356.02,ongoing,90.0,2023-07-13,2023-10-11,,Rural Dev Dept,sanitation,93.3,False
KA08682,Bengaluru Urban Constituency,Bengaluru Urban,Priya Iyer,Karnataka,300000.0,150000.0,72259.52,completed,270.0,2024-11-09,2025-08-06,2025-11-28,Rural Dev Dept,community hall,100.0,False
MA08683,Nagpur Constituency,Nagpur,Meena Nair,Maharashtra,2000000.0,1000000.0,437790.88,completed,270.0,2024-08-28,2025-05-25,2025-10-16,Zilla Parishad,drinking water,100.0,False
MA08684,Pune Constituency,Pune,Ramesh Patel,Maharashtra,1000000.0,500000.0,455203.94,sanctioned,545.0,2024-11-12,2026-05-11,,Zilla Parishad,electricity,,False
WE08685,Howrah Constituency,Howrah,Anita Nair,West Bengal,300000.0,300000.0,103841.79,stalled,90.0,2024-04-14,2024-07-13,,PWD,sanitation,12.8,False
PU08686,Ludhiana Constituency,Ludhiana,Meena Rao,Punjab,200000.0,100000.0,36447.3,stalled,180.0,2024-11-02,2025-05-01,,Rural Dev Dept,electricity,18.7,False
KA08687,Mysuru Constituency,Mysuru,Meena Iyer,Karnataka,2000000.0,2000000.0,751253.42,stalled,730.0,2023-04-10,2025-04-09,,Rural Dev Dept,school,19.7,False
UT08688,Varanasi Constituency,Varanasi,Lakshmi Gowda,Uttar Pradesh,1500000.0,1500000.0,2190858.78,stalled,730.0,2024-02-11,2026-02-10,,PWD,community hall,37.9,False
UT08689,Varanasi Constituency,Varanasi,Lakshmi Gowda,Uttar Pradesh,2000000.0,2000000.0,954337.14,ongoing,270.0,2023-09-12,2024-06-08,,PWD,community hall,94.2,False
KA08690,Mysuru Constituency,Mysuru,Meena Iyer,Karnataka,2500000.0,2500000.0,1160753.38,completed,545.0,2023-12-04,2025-06-01,2025-06-10,PWD,irrigation,100.0,False
OD08691,Cuttack Constituency,Cuttack,Suresh Singh,Odisha,2000000.0,2000000.0,731448.73,completed,730.0,2023-11-19,2025-11-18,2025-11-16,PWD,drinking water,100.0,False
OD08692,Cuttack Constituency,Cuttack,Suresh Singh,Odisha,1000000.0,1000000.0,888960.43,ongoing,180.0,2023-08-24,2024-02-20,,Jal Nigam,irrigation,74.9,False
KA08693,Mysuru Constituency,Mysuru,Meena Iyer,Karnataka,200000.0,200000.0,129328.8,sanctioned,730.0,2023-07-03,2025-07-02,,Rural Dev Dept,sanitation,,False
BI08694,Muzaffarpur Constituency,Muzaffarpur,Ramesh Verma,Bihar,2500000.0,2500000.0,1697160.29,stalled,180.0,2023-03-17,2023-09-13,,Jal Nigam,sanitation,17.8,False
BI08695,Gaya Constituency,Gaya,Arjun Sharma,Bihar,500000.0,500000.0,404559.32,completed,730.0,2023-11-15,2025-11-14,2026-02-15,Zilla Parishad,sanitation,100.0,False
KE08696,Ernakulam Constituency,Ernakulam,Vikram Patel,Kerala,2500000.0,2500000.0,2397735.81,stalled,90.0,2024-02-16,2024-05-16,,Jal Nigam,irrigation,28.0,False
UT08697,Lucknow Constituency,Lucknow,Kavita Iyer,Uttar Pradesh,300000.0,150000.0,58820.23,stalled,365.0,2024-01-28,2025-01-27,,Zilla Parishad,school,18.4,False
WE08698,Howrah Constituency,Howrah,Anita Nair,West Bengal,200000.0,200000.0,122384.55,stalled,545.0,2023-05-12,2024-11-07,,PWD,sanitation,12.1,False
UT08699,Varanasi Constituency,Varanasi,Lakshmi Gowda,Uttar Pradesh,2000000.0,2000000.0,1532671.27,stalled,545.0,2023-07-27,2025-01-22,,Rural Dev Dept,sanitation,30.9,False
TA08700,Chennai Constituency,Chennai,Meena Verma,Tamil Nadu,2000000.0,1000000.0,569251.2,ongoing,180.0,2024-06-28,2024-12-25,,Rural Dev Dept,electricity,15.1,False
BI08701,Gaya Constituency,Gaya,Arjun Sharma,Bihar,200000.0,200000.0,77686.39,ongoing,545.0,2024-08-07,2026-02-03,,PWD,electricity,32.4,False
KA08702,Mysuru Constituency,Mysuru,Meena Iyer,Karnataka,300000.0,300000.0,236764.13,stalled,730.0,2023-11-28,2025-11-27,,PWD,school,23.0,False
KA08703,Bengaluru Urban Constituency,Bengaluru Urban,Priya Iyer,Karnataka,1000000.0,1000000.0,418873.92,stalled,730.0,2024-10-23,2026-10-23,,Rural Dev Dept,electricity,34.3,False
AN08704,Guntur Constituency,Guntur,Priya Reddy,Andhra Pradesh,200000.0,200000.0,137205.36,ongoing,730.0,2024-01-12,2026-01-11,,PWD,road,24.4,False
UT08705,Varanasi Constituency,Varanasi,Lakshmi Gowda,Uttar Pradesh,500000.0,500000.0,357728.31,stalled,90.0,2024-07-25,2024-10-23,,Jal Nigam,community hall,10.4,False
TA08706,Chennai Constituency,Chennai,Meena Verma,Tamil Nadu,300000.0,300000.0,265993.8,ongoing,730.0,2024-07-16,2026-07-16,,PWD,electricity,92.7,False
MA08707,Nagpur Constituency,Nagpur,Meena Nair,Maharashtra,2000000.0,2000000.0,1355012.55,ongoing,90.0,2024-08-09,2024-11-07,,PWD,community hall,37.3,False
PU08708,Ludhiana Constituency,Ludhiana,Meena Rao,Punjab,2000000.0,1000000.0,815253.38,sanctioned,365.0,2023-03-07,2024-03-06,,Jal Nigam,road,,False
TA08709,Coimbatore Constituency,Coimbatore,Kavita Rao,Tamil Nadu,1500000.0,1500000.0,985743.06,completed,270.0,2024-08-01,2025-04-28,2025-07-13,PWD,community hall,100.0,False
UT08710,Varanasi Constituency,Varanasi,Lakshmi Gowda,Uttar Pradesh,300000.0,300000.0,218682.46,stalled,180.0,2023-10-12,2024-04-09,,PWD,irrigation,12.1,False
WE08711,Howrah Constituency,Howrah,Anita Nair,West Bengal,1000000.0,1000000.0,945695.4,completed,90.0,2023-09-27,2023-12-26,2024-07-03,Jal Nigam,electricity,100.0,False
TA08712,Coimbatore Constituency,Coimbatore,Kavita Rao,Tamil Nadu,1500000.0,750000.0,363825.23,completed,365.0,2024-01-31,2025-01-30,2025-06-19,PWD,school,100.0,False
BI08713,Muzaffarpur Constituency,Muzaffarpur,Ramesh Verma,Bihar,2000000.0,2000000.0,1738487.03,ongoing,545.0,2024-07-17,2026-01-13,,Rural Dev Dept,irrigation,43.1,False
TA08714,Chennai Constituency,Chennai,Meena Verma,Tamil Nadu,300000.0,300000.0,168051.31,sanctioned,90.0,2023-06-23,2023-09-21,,PWD,drinking water,,False
KE08715,Kozhikode Constituency,Kozhikode,Sunita Verma,Kerala,1000000.0,500000.0,417892.75,completed,270.0,2023-11-26,2024-08-22,2024-10-17,Zilla Parishad,electricity,100.0,False
OD08716,Cuttack Constituency,Cuttack,Suresh Singh,Odisha,1000000.0,1000000.0,1410785.25,stalled,270.0,2023-11-28,2024-08-24,,PWD,irrigation,13.6,False
AN08717,Guntur Constituency,Guntur,Priya Reddy,Andhra Pradesh,750000.0,750000.0,388151.19,sanctioned,730.0,2023-11-30,2025-11-29,,Zilla Parishad,electricity,,False
BI08718,Patna Constituency,Patna,Arjun Verma,Bihar,500000.0,500000.0,278050.36,stalled,365.0,2023-08-19,2024-08-18,,Rural Dev Dept,drinking water,18.8,False
WE08719,Kolkata Constituency,Kolkata,Priya Singh,West Bengal,500000.0,250000.0,138749.29,ongoing,270.0,2024-08-11,2025-05-08,,Zilla Parishad,road,65.9,False
TA08720,Coimbatore Constituency,Coimbatore,Kavita Rao,Tamil Nadu,500000.0,500000.0,487121.66,completed,270.0,2023-01-15,2023-10-12,2023-11-20,Rural Dev Dept,drinking water,100.0,False
KA08721,Mysuru Constituency,Mysuru,Meena Iyer,Karnataka,2000000.0,1000000.0,385512.37,completed,270.0,2024-08-13,2025-05-10,2025-08-28,Jal Nigam,electricity,100.0,False
OD08722,Cuttack Constituency,Cuttack,Suresh Singh,Odisha,750000.0,750000.0,338770.0,completed,180.0,2023-03-26,2023-09-22,2024-02-24,Jal Nigam,school,100.0,False
TA08723,Coimbatore Constituency,Coimbatore,Kavita Rao,Tamil Nadu,2000000.0,1000000.0,531404.64,stalled,365.0,2024-02-29,2025-02-28,,Zilla Parishad,school,24.9,False
KA08724,Bengaluru Urban Constituency,Bengaluru Urban,Priya Iyer,Karnataka,750000.0,750000.0,318540.76,ongoing,270.0,2024-09-21,2025-06-18,,Zilla Parishad,drinking water,33.6,False
WE08725,Kolkata Constituency,Kolkata,Priya Singh,West Bengal,500000.0,500000.0,183504.51,sanctioned,180.0,2024-01-13,2024-07-11,,Zilla Parishad,school,,False
BI08726,Gaya Constituency,Gaya,Arjun Sharma,Bihar,750000.0,750000.0,518647.93,completed,270.0,2024-06-14,2025-03-11,2025-04-22,Zilla Parishad,irrigation,100.0,False
WE08727,Kolkata Constituency,Kolkata,Priya Singh,West Bengal,750000.0,750000.0,339986.8,completed,365.0,2024-10-22,2025-10-22,2026-03-13,Zilla Parishad,drinking water,100.0,False
KA08728,Mysuru Constituency,Mysuru,Meena Iyer,Karnataka,750000.0,750000.0,281690.25,ongoing,730.0,2024-03-29,2026-03-29,,Zilla Parishad,irrigation,38.3,False
UT08729,Kanpur Nagar Constituency,Kanpur Nagar,Anita Iyer,Uttar Pradesh,2000000.0,1000000.0,641683.06,sanctioned,730.0,2024-04-29,2026-04-29,,PWD,irrigation,,False
AN08730,Krishna Constituency,Krishna,Anita Reddy,Andhra Pradesh,1000000.0,500000.0,366511.69,sanctioned,730.0,2023-06-09,2025-06-08,,Zilla Parishad,road,,False
BI08731,Gaya Constituency,Gaya,Arjun Sharma,Bihar,200000.0,200000.0,280191.34,ongoing,270.0,2023-11-25,2024-08-21,,Jal Nigam,irrigation,48.8,False
BI08732,Muzaffarpur Constituency,Muzaffarpur,Ramesh Verma,Bihar,1500000.0,0.0,0.0,recommended,365.0,2023-06-02,2024-06-01,,Rural Dev Dept,road,,False
AN08733,Guntur Constituency,Guntur,Priya Reddy,Andhra Pradesh,750000.0,375000.0,259779.01,stalled,90.0,2024-04-24,2024-07-23,,PWD,school,6.3,False
AN08734,Guntur Constituency,Guntur,Priya Reddy,Andhra Pradesh,2000000.0,2000000.0,1185543.31,ongoing,180.0,2024-02-03,2024-08-01,,Zilla Parishad,school,76.2,False
TA08735,Chennai Constituency,Chennai,Meena Verma,Tamil Nadu,200000.0,200000.0,145466.34,sanctioned,545.0,2023-06-16,2024-12-12,,PWD,community hall,,False
TA08736,Madurai Constituency,Madurai,Sunita Singh,Tamil Nadu,200000.0,200000.0,116241.01,ongoing,730.0,2023-07-24,2025-07-23,,Zilla Parishad,irrigation,89.4,False
TA08737,Chennai Constituency,Chennai,Meena Verma,Tamil Nadu,1000000.0,500000.0,214767.19,completed,180.0,2024-01-05,2024-07-03,2024-08-06,Zilla Parishad,irrigation,100.0,False
UT08738,Lucknow Constituency,Lucknow,Kavita Iyer,Uttar Pradesh,1000000.0,1000000.0,873491.76,stalled,90.0,2024-04-02,2024-07-01,,PWD,drinking water,11.5,False
RA08739,Jodhpur Constituency,Jodhpur,Kavita Nair,Rajasthan,300000.0,150000.0,516877.35,ongoing,730.0,2024-10-17,2026-10-17,,Rural Dev Dept,school,79.7,False
AN08740,Visakhapatnam Constituency,Visakhapatnam,Vikram Naidu,Andhra Pradesh,2000000.0,0.0,0.0,recommended,180.0,2023-07-07,2024-01-03,,Zilla Parishad,road,,False
UT08741,Kanpur Nagar Constituency,Kanpur Nagar,Anita Iyer,Uttar Pradesh,2000000.0,2000000.0,1949932.08,ongoing,180.0,2024-06-25,2024-12-22,,Zilla Parishad,electricity,47.3,False
RA08742,Jodhpur Constituency,Jodhpur,Kavita Nair,Rajasthan,300000.0,150000.0,62089.28,stalled,180.0,2023-01-12,2023-07-11,,Jal Nigam,sanitation,34.2,False
AN08743,Guntur Constituency,Guntur,Priya Reddy,Andhra Pradesh,200000.0,200000.0,140311.36,stalled,180.0,2024-10-04,2025-04-02,,PWD,road,27.8,False
MA08744,Pune Constituency,Pune,Ramesh Patel,Maharashtra,1500000.0,1500000.0,1230650.93,completed,180.0,2024-01-20,2024-07-18,2024-07-08,Rural Dev Dept,irrigation,100.0,False
AN08745,Guntur Constituency,Guntur,Priya Reddy,Andhra Pradesh,1000000.0,1000000.0,456747.46,ongoing,180.0,2023-12-04,2024-06-01,,Rural Dev Dept,school,50.4,False
RA08746,Jaipur Constituency,Jaipur,Kavita Verma,Rajasthan,750000.0,375000.0,1400078.97,sanctioned,545.0,2023-01-21,2024-07-19,,Jal Nigam,road,,False
AN08747,Visakhapatnam Constituency,Visakhapatnam,Vikram Naidu,Andhra Pradesh,500000.0,500000.0,915776.62,completed,270.0,2023-08-19,2024-05-15,2024-10-27,Zilla Parishad,electricity,100.0,False
TA08748,Madurai Constituency,Madurai,Sunita Singh,Tamil Nadu,200000.0,200000.0,111588.28,sanctioned,545.0,2023-06-11,2024-12-07,,Jal Nigam,road,,False
RA08749,Jodhpur Constituency,Jodhpur,Kavita Nair,Rajasthan,500000.0,500000.0,886975.28,stalled,365.0,2023-01-14,2024-01-14,,Zilla Parishad,electricity,32.8,False
BI08750,Muzaffarpur Constituency,Muzaffarpur,Ramesh Verma,Bihar,1000000.0,500000.0,445406.7,ongoing,180.0,2023-04-07,2023-10-04,,Jal Nigam,irrigation,89.0,False
KE08751,Kozhikode Constituency,Kozhikode,Sunita Verma,Kerala,200000.0,200000.0,153444.62,ongoing,730.0,2024-10-12,2026-10-12,,Rural Dev Dept,irrigation,22.0,False
BI08752,Patna Constituency,Patna,Arjun Verma,Bihar,2000000.0,2000000.0,1238275.7,stalled,365.0,2024-03-07,2025-03-07,,Rural Dev Dept,electricity,19.5,False
BI08753,Gaya Constituency,Gaya,Arjun Sharma,Bihar,2500000.0,1250000.0,569816.58,ongoing,365.0,2024-05-19,2025-05-19,,Jal Nigam,school,64.6,False
UT08754,Varanasi Constituency,Varanasi,Lakshmi Gowda,Uttar Pradesh,200000.0,100000.0,285438.97,completed,180.0,2023-10-12,2024-04-09,2024-06-13,Rural Dev Dept,sanitation,100.0,False
WE08755,Howrah Constituency,Howrah,Anita Nair,West Bengal,2000000.0,2000000.0,1789394.04,ongoing,270.0,2024-02-02,2024-10-29,,Jal Nigam,drinking water,80.2,False
UT08756,Kanpur Nagar Constituency,Kanpur Nagar,Anita Iyer,Uttar Pradesh,750000.0,750000.0,880469.91,ongoing,545.0,2024-03-01,2025-08-28,,Zilla Parishad,drinking water,72.3,False
RA08757,Jaipur Constituency,Jaipur,Kavita Verma,Rajasthan,1000000.0,1000000.0,970761.58,ongoing,730.0,2024-07-28,2026-07-28,,PWD,community hall,46.1,False
PU08758,Ludhiana Constituency,Ludhiana,Meena Rao,Punjab,1000000.0,1000000.0,333884.21,stalled,180.0,2023-10-21,2024-04-18,,Jal Nigam,community hall,26.2,False
PU08759,Ludhiana Constituency,Ludhiana,Meena Rao,Punjab,2000000.0,2000000.0,1887348.13,ongoing,730.0,2024-08-04,2026-08-04,,Rural Dev Dept,electricity,11.1,False
TA08760,Coimbatore Constituency,Coimbatore,Kavita Rao,Tamil Nadu,1000000.0,500000.0,353563.41,stalled,730.0,2024-09-17,2026-09-17,,Rural Dev Dept,drinking water,20.8,False
KA08761,Mysuru Constituency,Mysuru,Meena Iyer,Karnataka,500000.0,250000.0,191789.43,stalled,730.0,2023-11-16,2025-11-15,,Rural Dev Dept,sanitation,18.8,False
UT08762,Lucknow Constituency,Lucknow,Kavita Iyer,Uttar Pradesh,200000.0,200000.0,157997.23,sanctioned,270.0,2024-01-16,2024-10-12,,Jal Nigam,sanitation,,False
TA08763,Madurai Constituency,Madurai,Sunita Singh,Tamil Nadu,750000.0,375000.0,334669.42,sanctioned,545.0,2024-03-14,2025-09-10,,Jal Nigam,school,,False
BI08764,Gaya Constituency,Gaya,Arjun Sharma,Bihar,2500000.0,1250000.0,633149.12,ongoing,180.0,2024-06-08,2024-12-05,,Rural Dev Dept,drinking water,46.7,False
UT08765,Kanpur Nagar Constituency,Kanpur Nagar,Anita Iyer,Uttar Pradesh,2500000.0,1250000.0,886135.47,ongoing,180.0,2023-04-14,2023-10-11,,Jal Nigam,road,67.5,False
AN08766,Visakhapatnam Constituency,Visakhapatnam,Vikram Naidu,Andhra Pradesh,500000.0,500000.0,331611.47,stalled,730.0,2023-04-03,2025-04-02,,Jal Nigam,road,6.2,False
RA08767,Jaipur Constituency,Jaipur,Kavita Verma,Rajasthan,750000.0,750000.0,589973.35,ongoing,365.0,2024-02-18,2025-02-17,,Jal Nigam,community hall,78.5,False
AN08768,Visakhapatnam Constituency,Visakhapatnam,Vikram Naidu,Andhra Pradesh,750000.0,0.0,0.0,recommended,545.0,2024-03-21,2025-09-17,,Rural Dev Dept,sanitation,,False
UT08769,Varanasi Constituency,Varanasi,Lakshmi Gowda,Uttar Pradesh,1500000.0,1500000.0,898913.89,sanctioned,180.0,2023-09-27,2024-03-25,,PWD,drinking water,,False
RA08770,Jaipur Constituency,Jaipur,Kavita Verma,Rajasthan,1500000.0,0.0,0.0,recommended,270.0,2023-04-23,2024-01-18,,Jal Nigam,community hall,,False
TA08771,Madurai Constituency,Madurai,Sunita Singh,Tamil Nadu,750000.0,375000.0,213432.92,sanctioned,365.0,2023-11-21,2024-11-20,,Jal Nigam,community hall,,False
AN08772,Visakhapatnam Constituency,Visakhapatnam,Vikram Naidu,Andhra Pradesh,300000.0,300000.0,142497.24,ongoing,545.0,2023-09-15,2025-03-13,,Zilla Parishad,community hall,23.4,False
KA08773,Belagavi Constituency,Belagavi,Deepa Reddy,Karnataka,2500000.0,1250000.0,952170.39,ongoing,90.0,2023-12-23,2024-03-22,,Rural Dev Dept,electricity,66.9,False
PU08774,Ludhiana Constituency,Ludhiana,Meena Rao,Punjab,1500000.0,1500000.0,2160864.33,sanctioned,730.0,2023-10-20,2025-10-19,,Zilla Parishad,school,,False
KE08775,Kozhikode Constituency,Kozhikode,Sunita Verma,Kerala,200000.0,200000.0,85546.15,completed,365.0,2023-10-21,2024-10-20,2025-04-15,PWD,road,100.0,False
MA08776,Pune Constituency,Pune,Ramesh Patel,Maharashtra,750000.0,750000.0,227567.75,stalled,180.0,2024-04-04,2024-10-01,,Jal Nigam,community hall,23.1,False
AN08777,Visakhapatnam Constituency,Visakhapatnam,Vikram Naidu,Andhra Pradesh,750000.0,375000.0,181535.74,completed,180.0,2024-09-21,2025-03-20,2025-05-15,Rural Dev Dept,community hall,100.0,False
KA08778,Belagavi Constituency,Belagavi,Deepa Reddy,Karnataka,750000.0,375000.0,126023.11,stalled,180.0,2023-08-01,2024-01-28,,Zilla Parishad,irrigation,11.5,False
KA08779,Belagavi Constituency,Belagavi,Deepa Reddy,Karnataka,1000000.0,1000000.0,709923.49,completed,365.0,2023-12-23,2024-12-22,2025-06-25,Rural Dev Dept,sanitation,100.0,False
WE08780,Kolkata Constituency,Kolkata,Priya Singh,West Bengal,750000.0,750000.0,322490.96,sanctioned,545.0,2023-01-06,2024-07-04,,Rural Dev Dept,sanitation,,False
