project_id,constituency,district,state,sanctioned_amount,released_amount,expenditure,project_status,sanctioned_duration_days,project_start_date,expected_completion_date,actual_completion_date,implementing_agency,project_category,progress_percent,released_amount_imputed
BI09187,Gaya Constituency,Gaya,Bihar,1000000,1000000.0,871520.46,sanctioned,90,2024-05-20,2024-08-18,,Jal Nigam,school,,False
TA09768,Madurai Constituency,Madurai,Tamil Nadu,1500000,1500000.0,655472.8,sanctioned,90,2024-09-18,2024-12-17,,Jal Nigam,sanitation,,False
UT10259,Lucknow Constituency,Lucknow,Uttar Pradesh,1000000,500000.0,414218.15,sanctioned,730,2024-06-04,2026-06-04,,Rural Dev Dept,electricity,,False
TA09325,Madurai Constituency,Madurai,Tamil Nadu,1500000,0.0,970091.21,stalled,545,2023-04-15,2024-10-11,,Rural Dev Dept,road,67.9,True
MA09063,Nagpur Constituency,Nagpur,Maharashtra,1500000,750000.0,439988.08,completed,90,2023-05-11,2023-08-09,2023-07-11,PWD,road,100.0,False
BI09365,Gaya Constituency,Gaya,Bihar,750000,0.0,370882.89,ongoing,270,2023-10-20,2024-07-16,,PWD,drinking water,34.4,True
RA10207,Jaipur Constituency,Jaipur,Rajasthan,300000,300000.0,166696.59,completed,365,2024-05-14,2025-05-14,2025-09-24,Jal Nigam,electricity,100.0,False
WE09215,Howrah Constituency,Howrah,West Bengal,750000,750000.0,735653.64,ongoing,730,2024-03-05,2026-03-05,,Zilla Parishad,drinking water,40.6,False
KA09620,Belagavi Constituency,Belagavi,Karnataka,300000,300000.0,211282.21,stalled,365,2024-03-22,2025-03-22,,Jal Nigam,electricity,67.5,False
WE09382,Howrah Constituency,Howrah,West Bengal,2000000,2000000.0,1226351.87,completed,270,2023-06-18,2024-03-14,2024-04-21,PWD,sanitation,100.0,False
RA09509,Jodhpur Constituency,Jodhpur,Rajasthan,2000000,2000000.0,1034102.31,ongoing,90,2024-06-09,2024-09-07,,Rural Dev Dept,drinking water,55.8,False
BI09074,Patna Constituency,Patna,Bihar,500000,250000.0,146129.78,sanctioned,180,2024-09-08,2025-03-07,,PWD,community hall,,False
KA10394,Bengaluru Urban Constituency,Bengaluru Urban,Karnataka,200000,200000.0,106883.05,sanctioned,730,2023-10-15,2025-10-14,,PWD,road,,False
UT09323,Varanasi Constituency,Varanasi,Uttar Pradesh,500000,500000.0,709987.85,ongoing,365,2024-08-08,2025-08-08,,Zilla Parishad,road,35.0,False
WE09726,Howrah Constituency,Howrah,West Bengal,2000000,2000000.0,1642860.43,ongoing,545,2023-12-09,2025-06-06,,Rural Dev Dept,community hall,36.8,False
BI09920,Patna Constituency,Patna,Bihar,200000,100000.0,99359.58,completed,365,2024-05-17,2025-05-17,2025-05-22,Zilla Parishad,electricity,100.0,False
RA10109,Jaipur Constituency,Jaipur,Rajasthan,200000,0.0,0.0,recommended,545,2024-06-24,2025-12-21,,Rural Dev Dept,community hall,,False
BI09503,Patna Constituency,Patna,Bihar,2000000,2000000.0,1016233.73,sanctioned,545,2023-04-06,2024-10-02,,Jal Nigam,sanitation,,False
AN10430,Guntur Constituency,Guntur,Andhra Pradesh,200000,200000.0,84461.61,ongoing,545,2023-02-26,2024-08-24,,Jal Nigam,irrigation,57.8,False
TA09008,Coimbatore Constituency,Coimbatore,Tamil Nadu,2000000,0.0,0.0,recommended,365,2024-06-11,2025-06-11,,Jal Nigam,school,,False
AN09827,Visakhapatnam Constituency,Visakhapatnam,Andhra Pradesh,1000000,0.0,481535.02,stalled,365,2023-09-28,2024-09-27,,Jal Nigam,road,58.7,True
UT09021,Lucknow Constituency,Lucknow,Uttar Pradesh,1500000,1500000.0,974972.86,ongoing,730,2023-05-06,2025-05-05,,Zilla Parishad,community hall,59.8,False
RA09724,Jodhpur Constituency,Jodhpur,Rajasthan,750000,375000.0,169742.22,sanctioned,270,2024-05-13,2025-02-07,,Zilla Parishad,sanitation,,False
BI09278,Muzaffarpur Constituency,Muzaffarpur,Bihar,2000000,2000000.0,1485686.15,completed,730,2023-12-22,2025-12-21,2025-12-21,Zilla Parishad,drinking water,100.0,False
TA09848,Madurai Constituency,Madurai,Tamil Nadu,500000,0.0,259118.02,sanctioned,270,2023-12-07,2024-09-02,,Rural Dev Dept,sanitation,,True
RA09345,Jodhpur Constituency,Jodhpur,Rajasthan,300000,150000.0,64479.47,completed,365,2023-09-30,2024-09-29,2025-02-20,Rural Dev Dept,irrigation,100.0,False
KE09542,Ernakulam Constituency,Ernakulam,Kerala,1000000,1000000.0,533731.18,stalled,270,2024-10-15,2025-07-12,,Jal Nigam,electricity,79.4,False
KE10223,Kozhikode Constituency,Kozhikode,Kerala,300000,0.0,398251.67,recommended,730,2023-03-03,2025-03-02,,Jal Nigam,irrigation,,False
KE09424,Kozhikode Constituency,Kozhikode,Kerala,2000000,1000000.0,781940.55,stalled,180,2023-04-20,2023-10-17,,PWD,electricity,63.5,False
KE09073,Ernakulam Constituency,Ernakulam,Kerala,750000,375000.0,229098.13,completed,365,2024-05-24,2025-05-24,2025-05-09,Zilla Parishad,sanitation,100.0,False
UT09971,Varanasi Constituency,Varanasi,Uttar Pradesh,200000,0.0,61729.09,ongoing,90,2024-06-25,2024-09-23,,Jal Nigam,school,53.4,True
UT10462,Kanpur Nagar Constituency,Kanpur Nagar,Uttar Pradesh,750000,0.0,0.0,recommended,365,2024-05-18,2025-05-18,,Zilla Parishad,sanitation,,False
KA09864,Bengaluru Urban Constituency,Bengaluru Urban,Karnataka,200000,200000.0,143361.19,sanctioned,365,2024-03-27,2025-03-27,,Rural Dev Dept,irrigation,,False
TA10043,Madurai Constituency,Madurai,Tamil Nadu,500000,0.0,0.0,recommended,90,2024-06-05,2024-09-03,,Zilla Parishad,school,,False
BI09944,Patna Constituency,Patna,Bihar,750000,750000.0,428293.95,stalled,90,2023-06-24,2023-09-22,,Rural Dev Dept,sanitation,37.9,False
MA09843,Pune Constituency,Pune,Maharashtra,750000,375000.0,1305442.38,completed,270,2023-05-12,2024-02-06,2024-04-21,Jal Nigam,drinking water,100.0,False
TA10167,Coimbatore Constituency,Coimbatore,Tamil Nadu,200000,200000.0,97934.0,ongoing,730,2024-09-29,2026-09-29,,Rural Dev Dept,sanitation,38.6,False
UT10298,Varanasi Constituency,Varanasi,Uttar Pradesh,500000,0.0,0.0,recommended,545,2023-11-14,2025-05-12,,Zilla Parishad,irrigation,,False
BI09990,Patna Constituency,Patna,Bihar,500000,250000.0,211015.21,stalled,180,2024-10-07,2025-04-05,,PWD,drinking water,35.3,False
RA09090,Jaipur Constituency,Jaipur,Rajasthan,200000,100000.0,349846.06,completed,730,2024-04-29,2026-04-29,2026-07-11,Jal Nigam,irrigation,100.0,False
AN09691,Krishna Constituency,Krishna,Andhra Pradesh,300000,150000.0,122416.12,sanctioned,90,2023-10-30,2024-01-28,,Zilla Parishad,irrigation,,False
BI09897,Patna Constituency,Patna,Bihar,750000,375000.0,181095.56,stalled,730,2024-03-05,2026-03-05,,PWD,drinking water,79.9,False
KA10216,Mysuru Constituency,Mysuru,Karnataka,500000,500000.0,303998.61,ongoing,180,2024-06-27,2024-12-24,,Rural Dev Dept,community hall,93.2,False
MA09777,Pune Constituency,Pune,Maharashtra,1000000,0.0,0.0,recommended,730,2024-11-01,2026-11-01,,Zilla Parishad,sanitation,,False
TA09015,Coimbatore Constituency,Coimbatore,Tamil Nadu,300000,300000.0,503388.44,ongoing,365,2024-03-31,2025-03-31,,Jal Nigam,community hall,77.7,False
AN10456,Visakhapatnam Constituency,Visakhapatnam,Andhra Pradesh,200000,200000.0,85840.73,sanctioned,365,2023-02-24,2024-02-24,,Zilla Parishad,irrigation,,False
RA09649,Jodhpur Constituency,Jodhpur,Rajasthan,2000000,2000000.0,1274943.24,completed,365,2024-09-21,2025-09-21,2025-12-30,Jal Nigam,community hall,100.0,False
AN09455,Visakhapatnam Constituency,Visakhapatnam,Andhra Pradesh,750000,375000.0,908884.72,completed,90,2024-03-13,2024-06-11,2024-07-12,Jal Nigam,community hall,100.0,False
AN09140,Visakhapatnam Constituency,Visakhapatnam,Andhra Pradesh,2000000,2000000.0,3494614.75,sanctioned,730,2023-09-16,2025-09-15,,Rural Dev Dept,school,,False
RA10336,Jaipur Constituency,Jaipur,Rajasthan,500000,500000.0,251087.07,stalled,730,2023-07-23,2025-07-22,,Rural Dev Dept,irrigation,71.1,False
MA09177,Pune Constituency,Pune,Maharashtra,750000,750000.0,349864.01,sanctioned,365,2023-11-18,2024-11-17,,PWD,irrigation,,False
KA10334,Bengaluru Urban Constituency,Bengaluru Urban,Karnataka,1500000,750000.0,552834.48,stalled,180,2024-10-12,2025-04-10,,Zilla Parishad,road,28.2,False
UT09980,Varanasi Constituency,Varanasi,Uttar Pradesh,1000000,1000000.0,643833.46,sanctioned,90,2024-06-22,2024-09-20,,Jal Nigam,electricity,,False
AN09219,Guntur Constituency,Guntur,Andhra Pradesh,750000,375000.0,1340708.06,ongoing,545,2024-05-04,2025-10-31,,PWD,school,12.2,False
TA09553,Coimbatore Constituency,Coimbatore,Tamil Nadu,750000,375000.0,153875.02,stalled,90,2023-05-07,2023-08-05,,Zilla Parishad,school,15.8,False
TA09136,Chennai Constituency,Chennai,Tamil Nadu,500000,500000.0,432090.08,ongoing,270,2024-03-23,2024-12-18,,Jal Nigam,irrigation,74.2,False
MA09781,Nagpur Constituency,Nagpur,Maharashtra,2000000,0.0,0.0,recommended,365,2024-06-07,2025-06-07,,Rural Dev Dept,sanitation,,False
MA10020,Nagpur Constituency,Nagpur,Maharashtra,200000,100000.0,67262.81,stalled,545,2024-07-28,2026-01-24,,Jal Nigam,irrigation,48.0,False
BI10405,Gaya Constituency,Gaya,Bihar,750000,0.0,986506.08,recommended,270,2023-05-04,2024-01-29,,Rural Dev Dept,drinking water,,False
KE09968,Ernakulam Constituency,Ernakulam,Kerala,300000,300000.0,297879.17,ongoing,180,2024-04-06,2024-10-03,,PWD,road,27.6,False
KE10032,Kozhikode Constituency,Kozhikode,Kerala,200000,0.0,0.0,recommended,90,2024-08-09,2024-11-07,,Rural Dev Dept,irrigation,,False
TA09296,Chennai Constituency,Chennai,Tamil Nadu,300000,150000.0,459585.75,ongoing,730,2023-09-04,2025-09-03,,PWD,sanitation,44.0,False
AN09824,Visakhapatnam Constituency,Visakhapatnam,Andhra Pradesh,1500000,0.0,0.0,recommended,90,2023-07-18,2023-10-16,,Zilla Parishad,electricity,,False
WE09227,Howrah Constituency,Howrah,West Bengal,500000,250000.0,169262.81,completed,270,2024-06-19,2025-03-16,2025-03-13,Jal Nigam,road,100.0,False
TA09945,Chennai Constituency,Chennai,Tamil Nadu,200000,200000.0,253478.32,sanctioned,90,2024-01-14,2024-04-13,,Rural Dev Dept,irrigation,,False
KE09290,Ernakulam Constituency,Ernakulam,Kerala,300000,300000.0,283778.47,ongoing,730,2024-09-03,2026-09-03,,Zilla Parishad,school,18.1,False
RA09753,Jaipur Constituency,Jaipur,Rajasthan,500000,0.0,715388.52,recommended,270,2024-11-11,2025-08-08,,Jal Nigam,electricity,,False
KA09938,Bengaluru Urban Constituency,Bengaluru Urban,Karnataka,300000,0.0,0.0,recommended,270,2023-08-31,2024-05-27,,Zilla Parishad,school,,False
BI10231,Patna Constituency,Patna,Bihar,200000,0.0,0.0,recommended,545,2024-05-06,2025-11-02,,Rural Dev Dept,irrigation,,False
WE09925,Howrah Constituency,Howrah,West Bengal,500000,0.0,0.0,recommended,270,2024-09-30,2025-06-27,,Zilla Parishad,school,,False
AN09873,Guntur Constituency,Guntur,Andhra Pradesh,2000000,2000000.0,1232431.16,completed,270,2023-04-05,2023-12-31,2024-07-05,PWD,sanitation,100.0,False
UT10075,Varanasi Constituency,Varanasi,Uttar Pradesh,750000,750000.0,528168.98,sanctioned,270,2023-12-30,2024-09-25,,Jal Nigam,road,,False
MA09204,Pune Constituency,Pune,Maharashtra,500000,500000.0,847252.39,ongoing,90,2024-09-05,2024-12-04,,Jal Nigam,school,56.7,False
TA09304,Madurai Constituency,Madurai,Tamil Nadu,200000,0.0,0.0,recommended,365,2023-10-11,2024-10-10,,Zilla Parishad,school,,False
KE10422,Kozhikode Constituency,Kozhikode,Kerala,750000,375000.0,1260647.14,sanctioned,270,2024-09-19,2025-06-16,,Rural Dev Dept,sanitation,,False
UT09845,Varanasi Constituency,Varanasi,Uttar Pradesh,500000,500000.0,310439.44,ongoing,90,2023-12-02,2024-03-01,,PWD,electricity,58.4,False
AN10469,Guntur Constituency,Guntur,Andhra Pradesh,1000000,0.0,1442500.15,recommended,365,2023-11-19,2024-11-18,,Zilla Parishad,road,,False
UT10420,Lucknow Constituency,Lucknow,Uttar Pradesh,200000,0.0,263936.02,stalled,270,2023-05-17,2024-02-11,,Rural Dev Dept,drinking water,93.8,True
TA09054,Chennai Constituency,Chennai,Tamil Nadu,750000,375000.0,157659.42,stalled,365,2023-08-12,2024-08-11,,PWD,school,49.6,False
AN10384,Guntur Constituency,Guntur,Andhra Pradesh,200000,100000.0,67450.8,stalled,270,2023-10-18,2024-07-14,,Zilla Parishad,electricity,92.0,False
MA09499,Pune Constituency,Pune,Maharashtra,750000,0.0,0.0,recommended,270,2024-09-08,2025-06-05,,Jal Nigam,sanitation,,False
AN09554,Guntur Constituency,Guntur,Andhra Pradesh,200000,0.0,0.0,recommended,90,2023-01-06,2023-04-06,,Zilla Parishad,school,,False
BI09080,Gaya Constituency,Gaya,Bihar,200000,100000.0,44309.59,completed,90,2023-03-10,2023-06-08,2023-06-04,Rural Dev Dept,sanitation,100.0,False
RA10379,Jodhpur Constituency,Jodhpur,Rajasthan,2000000,1000000.0,427347.12,completed,270,2023-02-15,2023-11-12,2024-03-04,Jal Nigam,sanitation,100.0,False
RA10031,Jodhpur Constituency,Jodhpur,Rajasthan,200000,0.0,264346.15,recommended,270,2023-10-16,2024-07-12,,Jal Nigam,school,,False
TA09289,Coimbatore Constituency,Coimbatore,Tamil Nadu,1000000,0.0,0.0,recommended,270,2024-04-13,2025-01-08,,Jal Nigam,sanitation,,True
UT09887,Lucknow Constituency,Lucknow,Uttar Pradesh,500000,500000.0,492330.65,completed,270,2023-10-03,2024-06-29,2024-10-19,PWD,electricity,100.0,False
WE10145,Kolkata Constituency,Kolkata,West Bengal,200000,200000.0,146828.1,stalled,270,2024-09-27,2025-06-24,,PWD,irrigation,77.5,False
WE09430,Howrah Constituency,Howrah,West Bengal,500000,500000.0,240047.83,sanctioned,730,2023-07-02,2025-07-01,,Zilla Parishad,community hall,,False
UT09017,Lucknow Constituency,Lucknow,Uttar Pradesh,1000000,1000000.0,1358227.63,ongoing,545,2023-05-16,2024-11-11,,Rural Dev Dept,school,91.2,False
WE09515,Kolkata Constituency,Kolkata,West Bengal,1500000,1500000.0,2089562.0,stalled,180,2024-09-10,2025-03-09,,Jal Nigam,irrigation,54.6,False
UT10103,Lucknow Constituency,Lucknow,Uttar Pradesh,750000,0.0,0.0,recommended,90,2023-03-13,2023-06-11,,Jal Nigam,school,,False
MA09235,Pune Constituency,Pune,Maharashtra,1000000,1000000.0,1251124.6,sanctioned,180,2024-05-09,2024-11-05,,Zilla Parishad,irrigation,,False
UT09277,Lucknow Constituency,Lucknow,Uttar Pradesh,2000000,2000000.0,1164903.24,completed,90,2023-06-10,2023-09-08,2024-02-27,Jal Nigam,school,100.0,False
BI09831,Muzaffarpur Constituency,Muzaffarpur,Bihar,200000,0.0,0.0,recommended,730,2023-01-14,2025-01-13,,Jal Nigam,community hall,,False
RA10340,Jodhpur Constituency,Jodhpur,Rajasthan,1000000,1000000.0,881462.33,ongoing,270,2023-10-05,2024-07-01,,PWD,drinking water,22.2,False
KA10085,Mysuru Constituency,Mysuru,Karnataka,500000,500000.0,469570.31,ongoing,90,2024-10-12,2025-01-10,,Rural Dev Dept,irrigation,87.1,False
KA10434,Bengaluru Urban Constituency,Bengaluru Urban,Karnataka,750000,750000.0,372314.44,stalled,365,2023-06-19,2024-06-18,,Jal Nigam,school,73.8,False
KE09975,Kozhikode Constituency,Kozhikode,Kerala,1500000,0.0,0.0,recommended,270,2023-01-09,2023-10-06,,Zilla Parishad,drinking water,,False
TA10494,Coimbatore Constituency,Coimbatore,Tamil Nadu,2000000,0.0,0.0,recommended,730,2024-11-29,2026-11-29,,Jal Nigam,school,,False
KA10024,Bengaluru Urban Constituency,Bengaluru Urban,Karnataka,2000000,1000000.0,730169.89,ongoing,545,2023-10-23,2025-04-20,,Rural Dev Dept,sanitation,30.3,False
BI10380,Patna Constituency,Patna,Bihar,500000,0.0,0.0,recommended,730,2023-03-06,2025-03-05,,Rural Dev Dept,electricity,,True
KE10364,Ernakulam Constituency,Ernakulam,Kerala,500000,500000.0,704766.62,sanctioned,90,2023-10-17,2024-01-15,,PWD,electricity,,False
WE09535,Howrah Constituency,Howrah,West Bengal,1500000,1500000.0,694457.46,sanctioned,545,2024-08-23,2026-02-19,,Rural Dev Dept,irrigation,,False
TA09614,Chennai Constituency,Chennai,Tamil Nadu,500000,500000.0,495439.21,ongoing,180,2024-04-03,2024-09-30,,PWD,community hall,25.1,False
MA09098,Pune Constituency,Pune,Maharashtra,200000,0.0,0.0,recommended,545,2023-04-21,2024-10-17,,PWD,school,,False
KE09261,Ernakulam Constituency,Ernakulam,Kerala,750000,375000.0,298265.51,completed,90,2024-04-20,2024-07-19,2024-07-23,Rural Dev Dept,irrigation,100.0,False
AN09581,Guntur Constituency,Guntur,Andhra Pradesh,300000,150000.0,125476.78,completed,365,2024-03-02,2025-03-02,2025-02-21,PWD,school,100.0,False
UT09577,Kanpur Nagar Constituency,Kanpur Nagar,Uttar Pradesh,750000,0.0,745251.75,sanctioned,180,2024-11-20,2025-05-19,,Jal Nigam,drinking water,,True
TA09835,Chennai Constituency,Chennai,Tamil Nadu,750000,750000.0,1185161.66,stalled,90,2024-05-04,2024-08-02,,PWD,sanitation,12.1,False
BI09545,Patna Constituency,Patna,Bihar,2000000,2000000.0,1737166.89,sanctioned,180,2023-09-18,2024-03-16,,PWD,school,,False
MA09737,Nagpur Constituency,Nagpur,Maharashtra,750000,0.0,0.0,recommended,730,2024-11-10,2026-11-10,,PWD,sanitation,,False
KA09811,Bengaluru Urban Constituency,Bengaluru Urban,Karnataka,1500000,750000.0,312126.79,ongoing,365,2024-06-17,2025-06-17,,PWD,school,66.6,False
AN09541,Visakhapatnam Constituency,Visakhapatnam,Andhra Pradesh,1000000,500000.0,383282.16,completed,180,2024-05-13,2024-11-09,2025-04-26,PWD,irrigation,100.0,False
MA09363,Nagpur Constituency,Nagpur,Maharashtra,500000,500000.0,478622.42,completed,365,2023-10-26,2024-10-25,2025-03-02,PWD,school,100.0,False
RA09171,Jodhpur Constituency,Jodhpur,Rajasthan,1500000,0.0,0.0,recommended,365,2023-08-25,2024-08-24,,Rural Dev Dept,irrigation,,False
WE09276,Kolkata Constituency,Kolkata,West Bengal,300000,300000.0,254399.65,stalled,270,2024-07-21,2025-04-17,,Rural Dev Dept,community hall,88.6,False
WE09517,Howrah Constituency,Howrah,West Bengal,1000000,1000000.0,470487.38,completed,270,2023-01-30,2023-10-27,2024-04-26,Jal Nigam,drinking water,100.0,False
KA10423,Mysuru Constituency,Mysuru,Karnataka,1000000,500000.0,403252.46,sanctioned,365,2024-09-01,2025-09-01,,Zilla Parishad,road,,False
RA09960,Jaipur Constituency,Jaipur,Rajasthan,500000,500000.0,383252.63,sanctioned,545,2024-10-01,2026-03-30,,PWD,road,,False
TA09665,Chennai Constituency,Chennai,Tamil Nadu,1500000,0.0,0.0,recommended,730,2023-03-13,2025-03-12,,Zilla Parishad,irrigation,,False
AN09010,Guntur Constituency,Guntur,Andhra Pradesh,500000,500000.0,341895.06,stalled,365,2023-05-19,2024-05-18,,Rural Dev Dept,community hall,21.2,False
AN09317,Visakhapatnam Constituency,Visakhapatnam,Andhra Pradesh,500000,250000.0,186154.41,sanctioned,180,2024-10-22,2025-04-20,,Rural Dev Dept,sanitation,,False
RA09309,Jodhpur Constituency,Jodhpur,Rajasthan,750000,750000.0,659814.39,completed,365,2024-08-10,2025-08-10,2025-10-13,PWD,irrigation,100.0,False
KE09483,Ernakulam Constituency,Ernakulam,Kerala,200000,200000.0,154178.91,sanctioned,270,2023-11-21,2024-08-17,,Jal Nigam,drinking water,,False
TA09260,Chennai Constituency,Chennai,Tamil Nadu,1500000,1500000.0,899230.31,stalled,180,2023-10-14,2024-04-11,,Jal Nigam,drinking water,54.1,False
AN09155,Guntur Constituency,Guntur,Andhra Pradesh,2000000,0.0,0.0,recommended,365,2023-03-11,2024-03-10,,Rural Dev Dept,community hall,,False
WE09847,Kolkata Constituency,Kolkata,West Bengal,750000,375000.0,305610.94,ongoing,180,2024-10-01,2025-03-30,,Rural Dev Dept,sanitation,23.5,False
KE09680,Ernakulam Constituency,Ernakulam,Kerala,300000,0.0,0.0,recommended,365,2023-08-27,2024-08-26,,Rural Dev Dept,sanitation,,False
BI09646,Gaya Constituency,Gaya,Bihar,1000000,500000.0,348931.24,sanctioned,730,2024-04-11,2026-04-11,,Jal Nigam,community hall,,False
WE10036,Kolkata Constituency,Kolkata,West Bengal,500000,250000.0,668822.37,stalled,730,2024-03-13,2026-03-13,,Jal Nigam,community hall,44.9,False
MA10217,Pune Constituency,Pune,Maharashtra,750000,750000.0,1081497.97,stalled,270,2024-05-04,2025-01-29,,Jal Nigam,irrigation,75.8,False
KA09058,Belagavi Constituency,Belagavi,Karnataka,200000,100000.0,72412.99,stalled,545,2024-10-12,2026-04-10,,PWD,sanitation,52.1,False
AN09113,Guntur Constituency,Guntur,Andhra Pradesh,2000000,0.0,0.0,recommended,270,2023-09-17,2024-06-13,,Zilla Parishad,road,,False
KA09787,Mysuru Constituency,Mysuru,Karnataka,750000,750000.0,339939.49,sanctioned,730,2023-06-21,2025-06-20,,Zilla Parishad,electricity,,False
BI10468,Gaya Constituency,Gaya,Bihar,300000,300000.0,251298.63,sanctioned,180,2023-03-31,2023-09-27,,PWD,drinking water,,False
BI09106,Gaya Constituency,Gaya,Bihar,1000000,1000000.0,875596.44,sanctioned,90,2024-11-05,2025-02-03,,Zilla Parishad,road,,False
MA10136,Nagpur Constituency,Nagpur,Maharashtra,200000,200000.0,114987.99,stalled,365,2024-07-29,2025-07-29,,Rural Dev Dept,community hall,67.1,False
KE09425,Kozhikode Constituency,Kozhikode,Kerala,1500000,750000.0,2481796.69,ongoing,270,2023-06-02,2024-02-27,,Rural Dev Dept,drinking water,42.9,False
AN09634,Krishna Constituency,Krishna,Andhra Pradesh,750000,0.0,0.0,recommended,365,2024-11-26,2025-11-26,,Rural Dev Dept,road,,False
UT10092,Kanpur Nagar Constituency,Kanpur Nagar,Uttar Pradesh,1000000,500000.0,343470.79,ongoing,545,2023-10-24,2025-04-21,,PWD,school,75.7,False
AN10121,Guntur Constituency,Guntur,Andhra Pradesh,500000,250000.0,159529.07,stalled,180,2024-07-19,2025-01-15,,Zilla Parishad,drinking water,93.0,False
RA10402,Jodhpur Constituency,Jodhpur,Rajasthan,750000,750000.0,635228.0,stalled,180,2023-03-04,2023-08-31,,Rural Dev Dept,road,88.6,False
RA09183,Jodhpur Constituency,Jodhpur,Rajasthan,2000000,2000000.0,1451143.35,completed,365,2023-11-11,2024-11-10,2025-02-17,Zilla Parishad,road,100.0,False
KE09982,Kozhikode Constituency,Kozhikode,Kerala,2000000,2000000.0,1872391.28,completed,730,2023-03-04,2025-03-03,2025-07-19,Rural Dev Dept,community hall,100.0,False
MA09602,Nagpur Constituency,Nagpur,Maharashtra,2000000,2000000.0,2874771.37,stalled,90,2024-09-29,2024-12-28,,Jal Nigam,electricity,68.9,False
BI09128,Gaya Constituency,Gaya,Bihar,1500000,1500000.0,1041832.64,stalled,180,2024-09-22,2025-03-21,,Zilla Parishad,school,24.5,False
TA09764,Chennai Constituency,Chennai,Tamil Nadu,500000,250000.0,213417.13,ongoing,270,2024-05-22,2025-02-16,,Jal Nigam,sanitation,26.8,False
AN09388,Visakhapatnam Constituency,Visakhapatnam,Andhra Pradesh,300000,300000.0,173311.71,sanctioned,180,2024-06-04,2024-12-01,,Jal Nigam,road,,False
BI09443,Muzaffarpur Constituency,Muzaffarpur,Bihar,1500000,0.0,0.0,recommended,180,2024-09-23,2025-03-22,,Zilla Parishad,community hall,,False
KE10205,Kozhikode Constituency,Kozhikode,Kerala,500000,500000.0,473147.21,stalled,270,2024-03-06,2024-12-01,,PWD,school,67.6,False
TA09718,Chennai Constituency,Chennai,Tamil Nadu,500000,0.0,0.0,recommended,270,2023-12-11,2024-09-06,,Rural Dev Dept,irrigation,,False
MA09934,Nagpur Constituency,Nagpur,Maharashtra,500000,500000.0,659324.43,sanctioned,365,2023-01-29,2024-01-29,,Jal Nigam,irrigation,,False
AN10473,Guntur Constituency,Guntur,Andhra Pradesh,1000000,500000.0,244615.29,sanctioned,365,2023-07-04,2024-07-03,,Zilla Parishad,irrigation,,False
BI09616,Patna Constituency,Patna,Bihar,2000000,1000000.0,749938.02,sanctioned,545,2023-02-11,2024-08-09,,Zilla Parishad,irrigation,,False
TA09101,Chennai Constituency,Chennai,Tamil Nadu,300000,150000.0,91632.92,completed,365,2024-05-19,2025-05-19,2025-05-14,PWD,electricity,100.0,False
AN09540,Krishna Constituency,Krishna,Andhra Pradesh,200000,200000.0,157870.59,sanctioned,270,2024-01-29,2024-10-25,,PWD,electricity,,False
KA09837,Mysuru Constituency,Mysuru,Karnataka,1000000,500000.0,246939.9,sanctioned,730,2023-11-19,2025-11-18,,Jal Nigam,road,,False
BI10483,Muzaffarpur Constituency,Muzaffarpur,Bihar,1500000,1500000.0,1153814.23,completed,545,2024-11-26,2026-05-25,2026-08-23,PWD,community hall,100.0,False
UT09256,Lucknow Constituency,Lucknow,Uttar Pradesh,1000000,1000000.0,953121.77,sanctioned,270,2023-02-06,2023-11-03,,PWD,electricity,,False
MA09014,Nagpur Constituency,Nagpur,Maharashtra,300000,300000.0,215941.96,sanctioned,180,2024-02-04,2024-08-02,,Jal Nigam,school,,False
KE09387,Kozhikode Constituency,Kozhikode,Kerala,500000,500000.0,414326.24,stalled,365,2023-09-25,2024-09-24,,PWD,irrigation,28.8,False
MA09772,Nagpur Constituency,Nagpur,Maharashtra,200000,200000.0,88497.82,ongoing,180,2023-01-20,2023-07-19,,Zilla Parishad,irrigation,88.5,False
UT09966,Kanpur Nagar Constituency,Kanpur Nagar,Uttar Pradesh,1500000,1500000.0,638203.27,ongoing,270,2024-05-31,2025-02-25,,Jal Nigam,community hall,20.7,False
TA09496,Chennai Constituency,Chennai,Tamil Nadu,750000,0.0,0.0,recommended,365,2024-03-11,2025-03-11,,Jal Nigam,road,,False
UT09254,Kanpur Nagar Constituency,Kanpur Nagar,Uttar Pradesh,750000,0.0,1193212.77,sanctioned,365,2023-05-07,2024-05-06,,Rural Dev Dept,sanitation,,True
TA09005,Madurai Constituency,Madurai,Tamil Nadu,1000000,1000000.0,477399.31,completed,545,2023-01-26,2024-07-24,2024-11-18,Jal Nigam,drinking water,100.0,False
KE09357,Ernakulam Constituency,Ernakulam,Kerala,2000000,2000000.0,1521506.93,sanctioned,90,2023-03-07,2023-06-05,,Jal Nigam,school,,False
KA09875,Belagavi Constituency,Belagavi,Karnataka,300000,300000.0,185881.46,stalled,545,2024-03-18,2025-09-14,,Zilla Parishad,drinking water,35.2,False
KE10248,Ernakulam Constituency,Ernakulam,Kerala,750000,0.0,746576.24,sanctioned,545,2023-06-23,2024-12-19,,Zilla Parishad,school,,True
KA09884,Mysuru Constituency,Mysuru,Karnataka,200000,200000.0,151328.67,stalled,545,2024-06-22,2025-12-19,,PWD,road,75.9,False
TA10077,Coimbatore Constituency,Coimbatore,Tamil Nadu,1500000,1500000.0,2536901.72,sanctioned,270,2023-03-31,2023-12-26,,Zilla Parishad,irrigation,,False
BI10152,Patna Constituency,Patna,Bihar,1500000,1500000.0,1292448.66,sanctioned,90,2024-09-11,2024-12-10,,Zilla Parishad,irrigation,,False
WE09738,Howrah Constituency,Howrah,West Bengal,200000,200000.0,133129.42,stalled,90,2023-11-09,2024-02-07,,PWD,road,52.6,False
AN10351,Visakhapatnam Constituency,Visakhapatnam,Andhra Pradesh,300000,0.0,0.0,recommended,270,2023-04-19,2024-01-14,,Jal Nigam,road,,True
UT10016,Varanasi Constituency,Varanasi,Uttar Pradesh,750000,0.0,0.0,recommended,180,2023-10-22,2024-04-19,,Zilla Parishad,sanitation,,False
KA09569,Mysuru Constituency,Mysuru,Karnataka,300000,300000.0,150938.59,completed,365,2023-04-16,2024-04-15,2024-08-03,Zilla Parishad,sanitation,100.0,False
AN09078,Guntur Constituency,Guntur,Andhra Pradesh,2000000,2000000.0,1738799.44,ongoing,730,2023-12-26,2025-12-25,,PWD,road,10.9,False
KA09918,Mysuru Constituency,Mysuru,Karnataka,1500000,1500000.0,2367089.1,stalled,90,2023-06-13,2023-09-11,,PWD,drinking water,79.7,False
UT09521,Varanasi Constituency,Varanasi,Uttar Pradesh,300000,300000.0,373034.2,stalled,730,2023-02-25,2025-02-24,,PWD,road,79.1,False
AN10498,Guntur Constituency,Guntur,Andhra Pradesh,750000,375000.0,1173103.72,stalled,90,2023-01-06,2023-04-06,,Rural Dev Dept,school,90.5,False
KE10050,Ernakulam Constituency,Ernakulam,Kerala,1000000,1000000.0,537345.32,ongoing,365,2023-01-17,2024-01-17,,Rural Dev Dept,community hall,81.9,False
WE09347,Kolkata Constituency,Kolkata,West Bengal,2000000,1000000.0,699168.62,ongoing,180,2023-05-01,2023-10-28,,Rural Dev Dept,school,90.4,False
UT09582,Kanpur Nagar Constituency,Kanpur Nagar,Uttar Pradesh,500000,0.0,659670.13,recommended,180,2023-06-03,2023-11-30,,Jal Nigam,school,,False
RA09173,Jaipur Constituency,Jaipur,Rajasthan,750000,750000.0,705474.22,sanctioned,365,2024-11-03,2025-11-03,,Rural Dev Dept,community hall,,False
RA09663,Jodhpur Constituency,Jodhpur,Rajasthan,1500000,750000.0,505092.94,completed,365,2024-10-07,2025-10-07,2025-11-21,Rural Dev Dept,community hall,100.0,False
AN10154,Krishna Constituency,Krishna,Andhra Pradesh,300000,300000.0,147496.62,completed,180,2024-01-02,2024-06-30,2024-07-13,Rural Dev Dept,school,100.0,False
TA10250,Chennai Constituency,Chennai,Tamil Nadu,750000,375000.0,339232.61,ongoing,90,2024-02-13,2024-05-13,,Rural Dev Dept,community hall,35.0,False
UT09519,Kanpur Nagar Constituency,Kanpur Nagar,Uttar Pradesh,1500000,1500000.0,2143311.18,completed,270,2023-08-15,2024-05-11,2024-08-02,PWD,sanitation,100.0,False
AN10425,Krishna Constituency,Krishna,Andhra Pradesh,750000,375000.0,304666.05,sanctioned,90,2023-05-24,2023-08-22,,PWD,road,,False
WE10257,Howrah Constituency,Howrah,West Bengal,500000,250000.0,626572.7,ongoing,545,2024-03-12,2025-09-08,,Rural Dev Dept,electricity,34.3,False
UT09167,Lucknow Constituency,Lucknow,Uttar Pradesh,300000,300000.0,246518.44,sanctioned,270,2024-08-13,2025-05-10,,Jal Nigam,school,,False
TA09505,Chennai Constituency,Chennai,Tamil Nadu,1500000,1500000.0,2072434.06,ongoing,730,2023-03-18,2025-03-17,,Zilla Parishad,electricity,64.6,False
KE09898,Ernakulam Constituency,Ernakulam,Kerala,500000,0.0,0.0,recommended,545,2024-02-25,2025-08-23,,Jal Nigam,drinking water,,False
BI10166,Muzaffarpur Constituency,Muzaffarpur,Bihar,750000,750000.0,467140.85,sanctioned,545,2023-02-20,2024-08-18,,Rural Dev Dept,sanitation,,False
BI10178,Gaya Constituency,Gaya,Bihar,750000,750000.0,403501.89,stalled,90,2024-04-06,2024-07-05,,PWD,electricity,90.0,False
MA09694,Nagpur Constituency,Nagpur,Maharashtra,1500000,1500000.0,1479868.76,ongoing,730,2023-01-07,2025-01-06,,Zilla Parishad,electricity,74.5,False
UT09462,Varanasi Constituency,Varanasi,Uttar Pradesh,1000000,0.0,0.0,recommended,365,2023-04-15,2024-04-14,,Zilla Parishad,sanitation,,False
MA09732,Pune Constituency,Pune,Maharashtra,750000,0.0,0.0,recommended,365,2024-03-16,2025-03-16,,Zilla Parishad,sanitation,,False
KE09076,Kozhikode Constituency,Kozhikode,Kerala,2000000,0.0,1170756.8,stalled,180,2024-01-02,2024-06-30,,Rural Dev Dept,irrigation,32.6,True
UT10013,Varanasi Constituency,Varanasi,Uttar Pradesh,2000000,0.0,3342090.97,recommended,365,2023-08-03,2024-08-02,,Zilla Parishad,irrigation,,False
KA10480,Bengaluru Urban Constituency,Bengaluru Urban,Karnataka,2000000,2000000.0,1368491.09,ongoing,365,2024-02-16,2025-02-15,,Jal Nigam,electricity,56.3,False
MA10226,Pune Constituency,Pune,Maharashtra,2000000,1000000.0,478191.92,sanctioned,730,2024-11-07,2026-11-07,,PWD,community hall,,False
KE09306,Ernakulam Constituency,Ernakulam,Kerala,2000000,2000000.0,1694087.76,sanctioned,90,2023-02-05,2023-05-06,,Rural Dev Dept,irrigation,,False
KE10453,Ernakulam Constituency,Ernakulam,Kerala,2000000,2000000.0,819809.35,completed,365,2023-11-06,2024-11-05,2024-12-22,Zilla Parishad,sanitation,100.0,False
BI09846,Patna Constituency,Patna,Bihar,200000,200000.0,85042.72,stalled,180,2023-03-08,2023-09-04,,Rural Dev Dept,sanitation,11.2,False
MA09466,Nagpur Constituency,Nagpur,Maharashtra,1000000,500000.0,489500.15,sanctioned,270,2024-08-15,2025-05-12,,Jal Nigam,irrigation,,False
UT10307,Varanasi Constituency,Varanasi,Uttar Pradesh,1000000,1000000.0,867431.87,sanctioned,365,2024-06-14,2025-06-14,,Zilla Parishad,sanitation,,False
RA09858,Jodhpur Constituency,Jodhpur,Rajasthan,2000000,1000000.0,961221.75,sanctioned,180,2023-05-21,2023-11-17,,Jal Nigam,road,,False
KE09936,Ernakulam Constituency,Ernakulam,Kerala,750000,0.0,1198817.37,recommended,545,2023-12-15,2025-06-12,,Jal Nigam,sanitation,,False
MA09556,Pune Constituency,Pune,Maharashtra,750000,750000.0,614778.66,completed,365,2023-11-06,2024-11-05,2024-10-28,Zilla Parishad,sanitation,100.0,False
BI09528,Muzaffarpur Constituency,Muzaffarpur,Bihar,300000,300000.0,191093.41,ongoing,90,2024-04-12,2024-07-11,,Jal Nigam,irrigation,65.7,False
RA10263,Jodhpur Constituency,Jodhpur,Rajasthan,750000,375000.0,169130.86,sanctioned,730,2023-10-18,2025-10-17,,Rural Dev Dept,irrigation,,False
WE09546,Kolkata Constituency,Kolkata,West Bengal,750000,750000.0,435501.86,sanctioned,365,2023-11-10,2024-11-09,,Jal Nigam,sanitation,,False
UT10350,Lucknow Constituency,Lucknow,Uttar Pradesh,750000,375000.0,1299533.38,sanctioned,90,2023-05-04,2023-08-02,,Zilla Parishad,community hall,,False
KE09979,Kozhikode Constituency,Kozhikode,Kerala,1000000,0.0,0.0,recommended,90,2023-11-12,2024-02-10,,Zilla Parishad,electricity,,False
TA09199,Coimbatore Constituency,Coimbatore,Tamil Nadu,500000,250000.0,218017.23,sanctioned,365,2023-01-13,2024-01-13,,PWD,road,,False
AN09754,Krishna Constituency,Krishna,Andhra Pradesh,750000,750000.0,488232.31,ongoing,365,2023-03-27,2024-03-26,,Zilla Parishad,drinking water,60.2,False
UT09339,Kanpur Nagar Constituency,Kanpur Nagar,Uttar Pradesh,1000000,1000000.0,571670.18,stalled,730,2023-05-07,2025-05-06,,Jal Nigam,irrigation,90.8,False
KA09162,Belagavi Constituency,Belagavi,Karnataka,500000,0.0,365450.77,sanctioned,270,2023-08-20,2024-05-16,,Zilla Parishad,sanitation,,True
KA09368,Bengaluru Urban Constituency,Bengaluru Urban,Karnataka,1500000,750000.0,484591.71,stalled,90,2023-12-05,2024-03-04,,Rural Dev Dept,drinking water,21.0,False
BI09050,Gaya Constituency,Gaya,Bihar,1000000,1000000.0,755822.74,sanctioned,365,2024-01-22,2025-01-21,,Rural Dev Dept,community hall,,False
MA10362,Nagpur Constituency,Nagpur,Maharashtra,200000,0.0,0.0,recommended,90,2023-06-27,2023-09-25,,PWD,school,,False
UT09439,Kanpur Nagar Constituency,Kanpur Nagar,Uttar Pradesh,750000,750000.0,656064.07,stalled,365,2023-07-30,2024-07-29,,PWD,drinking water,69.7,False
AN09536,Visakhapatnam Constituency,Visakhapatnam,Andhra Pradesh,500000,250000.0,123281.6,completed,180,2024-10-28,2025-04-26,2025-10-24,PWD,school,100.0,False
KA10264,Bengaluru Urban Constituency,Bengaluru Urban,Karnataka,500000,250000.0,171760.09,ongoing,365,2024-02-14,2025-02-13,,Zilla Parishad,electricity,52.7,False
UT09913,Kanpur Nagar Constituency,Kanpur Nagar,Uttar Pradesh,1500000,750000.0,407112.01,completed,545,2023-01-28,2024-07-26,2024-11-11,Rural Dev Dept,school,100.0,False
TA10240,Coimbatore Constituency,Coimbatore,Tamil Nadu,500000,500000.0,445527.65,stalled,90,2024-07-19,2024-10-17,,Jal Nigam,drinking water,23.3,False
BI09902,Gaya Constituency,Gaya,Bihar,300000,300000.0,145800.73,sanctioned,365,2024-08-18,2025-08-18,,Zilla Parishad,school,,False
AN09182,Visakhapatnam Constituency,Visakhapatnam,Andhra Pradesh,200000,0.0,119017.08,ongoing,90,2023-02-27,2023-05-28,,Jal Nigam,electricity,25.8,True
KE10376,Ernakulam Constituency,Ernakulam,Kerala,200000,200000.0,83672.44,sanctioned,545,2023-07-22,2025-01-17,,Jal Nigam,school,,False
RA09175,Jaipur Constituency,Jaipur,Rajasthan,750000,375000.0,290460.43,sanctioned,270,2024-01-02,2024-09-28,,PWD,sanitation,,False
BI10312,Muzaffarpur Constituency,Muzaffarpur,Bihar,1000000,1000000.0,811743.69,completed,730,2024-10-07,2026-10-07,2027-04-16,Rural Dev Dept,road,100.0,False
RA10110,Jaipur Constituency,Jaipur,Rajasthan,200000,200000.0,108657.8,stalled,90,2024-03-07,2024-06-05,,Rural Dev Dept,sanitation,77.8,False
KA10170,Bengaluru Urban Constituency,Bengaluru Urban,Karnataka,1000000,0.0,0.0,recommended,90,2024-05-17,2024-08-15,,Rural Dev Dept,irrigation,,False
KE09682,Ernakulam Constituency,Ernakulam,Kerala,1000000,0.0,1503594.12,recommended,365,2024-07-15,2025-07-15,,PWD,electricity,,False
BI10033,Patna Constituency,Patna,Bihar,200000,100000.0,89811.06,sanctioned,180,2024-10-05,2025-04-03,,Zilla Parishad,sanitation,,False
TA09420,Madurai Constituency,Madurai,Tamil Nadu,750000,750000.0,746510.27,ongoing,270,2023-09-27,2024-06-23,,Rural Dev Dept,community hall,48.3,False
KE10370,Ernakulam Constituency,Ernakulam,Kerala,1000000,1000000.0,814854.61,completed,180,2023-08-08,2024-02-04,2024-01-06,Zilla Parishad,sanitation,100.0,False
KA09324,Mysuru Constituency,Mysuru,Karnataka,200000,200000.0,131845.79,stalled,730,2024-09-05,2026-09-05,,Rural Dev Dept,community hall,23.2,False
AN09104,Guntur Constituency,Guntur,Andhra Pradesh,1500000,1500000.0,882665.86,completed,270,2023-11-18,2024-08-14,2024-09-19,Zilla Parishad,electricity,100.0,False
UT10439,Kanpur Nagar Constituency,Kanpur Nagar,Uttar Pradesh,300000,0.0,0.0,recommended,365,2023-06-28,2024-06-27,,Rural Dev Dept,road,,False
KA09024,Belagavi Constituency,Belagavi,Karnataka,500000,500000.0,365894.63,sanctioned,545,2023-04-02,2024-09-28,,Rural Dev Dept,road,,False
RA10222,Jaipur Constituency,Jaipur,Rajasthan,1000000,1000000.0,1223019.36,stalled,730,2024-05-11,2026-05-11,,Zilla Parishad,drinking water,29.8,False
BI09525,Muzaffarpur Constituency,Muzaffarpur,Bihar,500000,500000.0,231372.98,completed,730,2024-01-14,2026-01-13,2026-06-04,PWD,road,100.0,False
TA09011,Madurai Constituency,Madurai,Tamil Nadu,750000,750000.0,947760.27,sanctioned,180,2024-01-21,2024-07-19,,Jal Nigam,school,,False
TA10443,Coimbatore Constituency,Coimbatore,Tamil Nadu,2000000,1000000.0,815121.58,completed,545,2023-08-27,2025-02-22,2025-02-19,PWD,road,100.0,False
TA09549,Madurai Constituency,Madurai,Tamil Nadu,750000,0.0,0.0,recommended,180,2023-08-22,2024-02-18,,Zilla Parishad,road,,False
TA09099,Coimbatore Constituency,Coimbatore,Tamil Nadu,200000,100000.0,68647.07,sanctioned,270,2024-06-21,2025-03-18,,PWD,school,,False
AN09689,Krishna Constituency,Krishna,Andhra Pradesh,500000,0.0,670681.11,recommended,365,2024-08-16,2025-08-16,,PWD,drinking water,,False
TA10064,Madurai Constituency,Madurai,Tamil Nadu,1500000,1500000.0,1243291.94,sanctioned,270,2024-06-28,2025-03-25,,PWD,drinking water,,False
KE09452,Kozhikode Constituency,Kozhikode,Kerala,500000,250000.0,129960.27,sanctioned,730,2023-11-22,2025-11-21,,PWD,drinking water,,False
BI09993,Patna Constituency,Patna,Bihar,200000,0.0,136985.39,stalled,365,2024-07-06,2025-07-06,,Jal Nigam,sanitation,52.7,True
KA09808,Belagavi Constituency,Belagavi,Karnataka,300000,150000.0,73277.0,sanctioned,180,2023-11-20,2024-05-18,,Rural Dev Dept,sanitation,,False
TA10113,Chennai Constituency,Chennai,Tamil Nadu,1500000,0.0,0.0,recommended,270,2024-03-14,2024-12-09,,Jal Nigam,road,,False
KA10079,Belagavi Constituency,Belagavi,Karnataka,1500000,0.0,872018.6,sanctioned,365,2023-06-11,2024-06-10,,Zilla Parishad,irrigation,,True
AN10279,Visakhapatnam Constituency,Visakhapatnam,Andhra Pradesh,300000,0.0,0.0,recommended,545,2023-10-17,2025-04-14,,Jal Nigam,drinking water,,False
BI09355,Gaya Constituency,Gaya,Bihar,300000,150000.0,420137.12,stalled,180,2023-06-13,2023-12-10,,PWD,drinking water,31.2,False
BI10174,Patna Constituency,Patna,Bihar,1500000,1500000.0,800354.06,ongoing,90,2024-11-22,2025-02-20,,Zilla Parishad,road,45.3,False
KE10286,Ernakulam Constituency,Ernakulam,Kerala,300000,300000.0,168195.73,ongoing,730,2023-03-07,2025-03-06,,Jal Nigam,community hall,43.4,False
KE10361,Kozhikode Constituency,Kozhikode,Kerala,300000,300000.0,287972.4,sanctioned,90,2024-01-01,2024-03-31,,Jal Nigam,irrigation,,False
WE09457,Kolkata Constituency,Kolkata,West Bengal,2000000,2000000.0,1011345.42,stalled,270,2024-04-22,2025-01-17,,Jal Nigam,drinking water,94.9,False
WE09705,Kolkata Constituency,Kolkata,West Bengal,750000,0.0,0.0,recommended,90,2024-01-16,2024-04-15,,Jal Nigam,electricity,,False
WE10076,Kolkata Constituency,Kolkata,West Bengal,1500000,1500000.0,640016.76,stalled,180,2024-03-15,2024-09-11,,Jal Nigam,sanitation,17.2,False
BI09168,Patna Constituency,Patna,Bihar,500000,500000.0,389845.26,ongoing,365,2024-11-12,2025-11-12,,Rural Dev Dept,school,49.0,False
WE10164,Kolkata Constituency,Kolkata,West Bengal,300000,0.0,0.0,recommended,545,2024-07-17,2026-01-13,,Rural Dev Dept,drinking water,,False
UT10432,Kanpur Nagar Constituency,Kanpur Nagar,Uttar Pradesh,750000,750000.0,469886.69,completed,545,2024-03-18,2025-09-14,2025-09-06,PWD,electricity,100.0,False
UT09461,Lucknow Constituency,Lucknow,Uttar Pradesh,750000,0.0,0.0,recommended,90,2024-08-10,2024-11-08,,Rural Dev Dept,school,,False
UT10100,Kanpur Nagar Constituency,Kanpur Nagar,Uttar Pradesh,1000000,0.0,1291558.79,recommended,180,2024-08-30,2025-02-26,,PWD,irrigation,,False
KA10192,Mysuru Constituency,Mysuru,Karnataka,500000,0.0,609833.13,recommended,365,2023-01-03,2024-01-03,,Jal Nigam,drinking water,,False
TA10343,Madurai Constituency,Madurai,Tamil Nadu,500000,0.0,0.0,recommended,545,2024-05-31,2025-11-27,,Zilla Parishad,community hall,,False
TA09346,Madurai Constituency,Madurai,Tamil Nadu,300000,150000.0,96506.56,ongoing,90,2024-06-15,2024-09-13,,Zilla Parishad,road,76.8,False
RA10406,Jaipur Constituency,Jaipur,Rajasthan,1000000,500000.0,491702.15,sanctioned,180,2024-07-23,2025-01-19,,Jal Nigam,school,,False
WE09613,Kolkata Constituency,Kolkata,West Bengal,300000,0.0,0.0,recommended,365,2024-10-24,2025-10-24,,Zilla Parishad,school,,False
RA09992,Jaipur Constituency,Jaipur,Rajasthan,200000,200000.0,183085.05,stalled,270,2024-03-05,2024-11-30,,PWD,electricity,54.0,False
MA10057,Nagpur Constituency,Nagpur,Maharashtra,500000,250000.0,166257.15,stalled,730,2023-05-25,2025-05-24,,Zilla Parishad,community hall,60.0,False
KE09044,Ernakulam Constituency,Ernakulam,Kerala,1000000,0.0,0.0,recommended,730,2023-02-05,2025-02-04,,Zilla Parishad,drinking water,,False
TA09059,Chennai Constituency,Chennai,Tamil Nadu,1000000,0.0,0.0,recommended,365,2024-11-22,2025-11-22,,Zilla Parishad,sanitation,,False
RA09212,Jodhpur Constituency,Jodhpur,Rajasthan,300000,300000.0,225050.39,sanctioned,270,2023-07-12,2024-04-07,,Zilla Parishad,road,,False
BI09814,Gaya Constituency,Gaya,Bihar,750000,0.0,0.0,recommended,180,2023-04-24,2023-10-21,,Rural Dev Dept,road,,False
KE10372,Kozhikode Constituency,Kozhikode,Kerala,300000,0.0,444172.01,recommended,545,2023-02-05,2024-08-03,,Zilla Parishad,irrigation,,False
WE10461,Kolkata Constituency,Kolkata,West Bengal,200000,100000.0,78012.41,sanctioned,365,2023-08-07,2024-08-06,,Zilla Parishad,irrigation,,False
AN10401,Krishna Constituency,Krishna,Andhra Pradesh,500000,500000.0,304273.19,ongoing,270,2023-05-14,2024-02-08,,Zilla Parishad,sanitation,87.3,False
AN10087,Visakhapatnam Constituency,Visakhapatnam,Andhra Pradesh,300000,150000.0,92359.11,stalled,545,2024-10-23,2026-04-21,,PWD,school,43.6,False
AN09688,Krishna Constituency,Krishna,Andhra Pradesh,750000,750000.0,362850.22,sanctioned,180,2023-10-01,2024-03-29,,PWD,sanitation,,False
AN09293,Guntur Constituency,Guntur,Andhra Pradesh,500000,500000.0,790594.07,sanctioned,365,2023-05-26,2024-05-25,,Rural Dev Dept,road,,False
BI10119,Muzaffarpur Constituency,Muzaffarpur,Bihar,200000,200000.0,101804.35,sanctioned,270,2023-07-02,2024-03-28,,Rural Dev Dept,electricity,,False
AN10101,Guntur Constituency,Guntur,Andhra Pradesh,750000,375000.0,310552.26,completed,180,2023-04-19,2023-10-16,2023-11-01,Jal Nigam,electricity,100.0,False
KA10027,Bengaluru Urban Constituency,Bengaluru Urban,Karnataka,2000000,2000000.0,801587.1,completed,180,2023-08-10,2024-02-06,2024-05-18,PWD,school,100.0,False
BI09822,Muzaffarpur Constituency,Muzaffarpur,Bihar,750000,750000.0,347756.19,stalled,365,2024-08-07,2025-08-07,,PWD,sanitation,25.4,False
TA09370,Chennai Constituency,Chennai,Tamil Nadu,300000,0.0,284367.34,completed,270,2024-01-30,2024-10-26,2025-04-20,PWD,electricity,100.0,True
KA10270,Mysuru Constituency,Mysuru,Karnataka,750000,375000.0,368470.69,ongoing,270,2024-10-27,2025-07-24,,Rural Dev Dept,community hall,64.4,False
UT10455,Varanasi Constituency,Varanasi,Uttar Pradesh,500000,250000.0,143441.76,completed,545,2024-02-15,2025-08-13,2025-09-22,Zilla Parishad,drinking water,100.0,False
RA09573,Jaipur Constituency,Jaipur,Rajasthan,1500000,750000.0,317717.66,sanctioned,545,2024-05-03,2025-10-30,,Rural Dev Dept,electricity,,False
KE10137,Kozhikode Constituency,Kozhikode,Kerala,200000,200000.0,104809.23,completed,365,2023-11-23,2024-11-22,2024-11-14,Rural Dev Dept,school,100.0,False
AN09349,Krishna Constituency,Krishna,Andhra Pradesh,300000,0.0,434880.98,sanctioned,180,2023-09-30,2024-03-28,,Rural Dev Dept,irrigation,,True
UT10141,Kanpur Nagar Constituency,Kanpur Nagar,Uttar Pradesh,2000000,2000000.0,1481937.99,completed,270,2023-11-13,2024-08-09,2024-12-06,Rural Dev Dept,drinking water,100.0,False
MA10025,Nagpur Constituency,Nagpur,Maharashtra,300000,300000.0,194097.06,ongoing,545,2023-01-25,2024-07-23,,Rural Dev Dept,electricity,63.2,False
BI09263,Muzaffarpur Constituency,Muzaffarpur,Bihar,500000,250000.0,857302.34,stalled,545,2023-12-07,2025-06-04,,Zilla Parishad,irrigation,28.4,False
RA09594,Jodhpur Constituency,Jodhpur,Rajasthan,750000,750000.0,1222155.55,ongoing,730,2023-08-11,2025-08-10,,Zilla Parishad,sanitation,35.8,False
TA09547,Madurai Constituency,Madurai,Tamil Nadu,1000000,1000000.0,1787858.91,completed,90,2024-03-10,2024-06-08,2024-09-22,Zilla Parishad,school,100.0,False
AN10308,Guntur Constituency,Guntur,Andhra Pradesh,300000,300000.0,196597.09,ongoing,90,2024-01-26,2024-04-25,,Jal Nigam,community hall,53.2,False
TA10066,Coimbatore Constituency,Coimbatore,Tamil Nadu,300000,0.0,0.0,recommended,90,2023-12-30,2024-03-29,,Rural Dev Dept,sanitation,,False
BI09350,Muzaffarpur Constituency,Muzaffarpur,Bihar,1000000,1000000.0,892078.88,completed,90,2024-05-23,2024-08-21,2024-11-12,PWD,road,100.0,False
TA09731,Madurai Constituency,Madurai,Tamil Nadu,300000,150000.0,483248.61,ongoing,90,2024-11-06,2025-02-04,,Jal Nigam,road,48.0,False
KA09678,Belagavi Constituency,Belagavi,Karnataka,750000,750000.0,314795.43,sanctioned,545,2024-04-27,2025-10-24,,Jal Nigam,irrigation,,False
AN10093,Krishna Constituency,Krishna,Andhra Pradesh,1000000,1000000.0,809204.15,stalled,545,2023-10-03,2025-03-31,,Jal Nigam,drinking water,78.4,False
KA09860,Bengaluru Urban Constituency,Bengaluru Urban,Karnataka,2000000,2000000.0,1639723.29,completed,180,2023-08-07,2024-02-03,2024-06-11,Jal Nigam,school,100.0,False
WE09674,Kolkata Constituency,Kolkata,West Bengal,500000,500000.0,723444.2,completed,365,2023-08-18,2024-08-17,2024-09-12,Zilla Parishad,community hall,100.0,False
BI10272,Muzaffarpur Constituency,Muzaffarpur,Bihar,200000,0.0,0.0,recommended,545,2024-01-12,2025-07-10,,Zilla Parishad,sanitation,,False
RA09195,Jodhpur Constituency,Jodhpur,Rajasthan,1000000,1000000.0,754937.7,ongoing,90,2024-10-09,2025-01-07,,Zilla Parishad,road,51.6,False
BI10467,Patna Constituency,Patna,Bihar,500000,500000.0,382151.52,completed,270,2023-01-11,2023-10-08,2023-10-12,Rural Dev Dept,sanitation,100.0,False
WE10363,Howrah Constituency,Howrah,West Bengal,2000000,2000000.0,1994527.97,sanctioned,545,2023-06-07,2024-12-03,,PWD,electricity,,False
KA09999,Belagavi Constituency,Belagavi,Karnataka,200000,200000.0,173499.65,sanctioned,270,2023-11-19,2024-08-15,,PWD,sanitation,,False
TA09819,Madurai Constituency,Madurai,Tamil Nadu,300000,300000.0,440314.09,completed,90,2023-07-17,2023-10-15,2023-12-21,Jal Nigam,drinking water,100.0,False
KA09890,Bengaluru Urban Constituency,Bengaluru Urban,Karnataka,750000,750000.0,740755.53,ongoing,270,2023-12-23,2024-09-18,,PWD,electricity,19.4,False
UT10356,Lucknow Constituency,Lucknow,Uttar Pradesh,300000,150000.0,123140.61,completed,545,2023-06-14,2024-12-10,2025-06-13,PWD,school,100.0,False
UT10011,Lucknow Constituency,Lucknow,Uttar Pradesh,1500000,750000.0,664628.2,sanctioned,545,2024-03-26,2025-09-22,,Zilla Parishad,school,,False
WE09767,Kolkata Constituency,Kolkata,West Bengal,1500000,1500000.0,2528209.75,stalled,270,2023-12-26,2024-09-21,,Rural Dev Dept,electricity,53.1,False
KE09411,Ernakulam Constituency,Ernakulam,Kerala,1500000,1500000.0,1172664.08,ongoing,365,2023-09-05,2024-09-04,,Rural Dev Dept,sanitation,42.8,False
KA09531,Belagavi Constituency,Belagavi,Karnataka,1000000,500000.0,485054.84,ongoing,730,2024-03-13,2026-03-13,,Jal Nigam,drinking water,90.3,False
MA09116,Pune Constituency,Pune,Maharashtra,2000000,2000000.0,3255795.17,stalled,365,2024-02-10,2025-02-09,,Zilla Parishad,electricity,40.6,False
WE09630,Howrah Constituency,Howrah,West Bengal,500000,0.0,0.0,recommended,730,2024-11-13,2026-11-13,,Zilla Parishad,irrigation,,False
RA09223,Jodhpur Constituency,Jodhpur,Rajasthan,2000000,0.0,718884.78,ongoing,270,2023-11-23,2024-08-19,,PWD,road,23.2,True
BI09006,Patna Constituency,Patna,Bihar,1500000,1500000.0,1202778.54,completed,365,2024-07-12,2025-07-12,2025-08-15,Rural Dev Dept,road,100.0,False
UT10099,Lucknow Constituency,Lucknow,Uttar Pradesh,2000000,0.0,2872676.42,recommended,90,2024-07-10,2024-10-08,,Rural Dev Dept,road,,False
AN10347,Guntur Constituency,Guntur,Andhra Pradesh,1000000,0.0,0.0,recommended,545,2024-02-01,2025-07-30,,Zilla Parishad,electricity,,False
TA10062,Coimbatore Constituency,Coimbatore,Tamil Nadu,750000,750000.0,1300835.25,completed,545,2023-12-05,2025-06-02,2025-07-23,PWD,road,100.0,False
UT09958,Kanpur Nagar Constituency,Kanpur Nagar,Uttar Pradesh,1500000,1500000.0,1319909.45,sanctioned,545,2023-10-01,2025-03-29,,Zilla Parishad,school,,False
UT10484,Kanpur Nagar Constituency,Kanpur Nagar,Uttar Pradesh,500000,0.0,0.0,recommended,730,2023-07-08,2025-07-07,,Zilla Parishad,electricity,,False
BI10290,Muzaffarpur Constituency,Muzaffarpur,Bihar,750000,0.0,0.0,recommended,730,2024-06-09,2026-06-09,,Zilla Parishad,sanitation,,False
MA09886,Nagpur Constituency,Nagpur,Maharashtra,500000,250000.0,230288.12,stalled,270,2023-05-16,2024-02-10,,Jal Nigam,community hall,37.5,False
TA09563,Madurai Constituency,Madurai,Tamil Nadu,1000000,1000000.0,427664.9,sanctioned,730,2024-05-30,2026-05-30,,PWD,drinking water,,False
UT10028,Lucknow Constituency,Lucknow,Uttar Pradesh,200000,200000.0,134988.48,ongoing,365,2023-01-14,2024-01-14,,Jal Nigam,electricity,36.6,False
TA09117,Coimbatore Constituency,Coimbatore,Tamil Nadu,750000,375000.0,352055.65,ongoing,730,2023-06-10,2025-06-09,,Jal Nigam,road,63.4,False
MA09583,Pune Constituency,Pune,Maharashtra,200000,200000.0,162434.21,ongoing,365,2023-09-06,2024-09-05,,Rural Dev Dept,road,83.7,False
KE09994,Kozhikode Constituency,Kozhikode,Kerala,200000,200000.0,116723.98,stalled,180,2023-10-26,2024-04-23,,PWD,drinking water,83.1,False
KE09513,Ernakulam Constituency,Ernakulam,Kerala,300000,300000.0,294462.93,stalled,365,2024-04-18,2025-04-18,,Zilla Parishad,electricity,56.1,False
UT10206,Varanasi Constituency,Varanasi,Uttar Pradesh,1500000,750000.0,509206.05,sanctioned,90,2024-08-15,2024-11-13,,PWD,drinking water,,False
AN10445,Guntur Constituency,Guntur,Andhra Pradesh,1000000,1000000.0,479204.33,completed,180,2023-10-23,2024-04-20,2024-05-09,Zilla Parishad,sanitation,100.0,False
KA10489,Bengaluru Urban Constituency,Bengaluru Urban,Karnataka,1500000,750000.0,681400.14,sanctioned,270,2024-03-22,2024-12-17,,PWD,sanitation,,False
WE10236,Kolkata Constituency,Kolkata,West Bengal,1000000,0.0,0.0,recommended,730,2024-03-06,2026-03-06,,Zilla Parishad,electricity,,False
KA09093,Mysuru Constituency,Mysuru,Karnataka,1500000,1500000.0,767966.49,ongoing,90,2023-07-19,2023-10-17,,Rural Dev Dept,electricity,49.1,False
UT09605,Varanasi Constituency,Varanasi,Uttar Pradesh,1000000,500000.0,1603457.77,ongoing,270,2023-12-29,2024-09-24,,Rural Dev Dept,irrigation,18.6,False
TA09408,Madurai Constituency,Madurai,Tamil Nadu,1000000,500000.0,356211.48,sanctioned,180,2024-05-04,2024-10-31,,Jal Nigam,drinking water,,False
UT09157,Varanasi Constituency,Varanasi,Uttar Pradesh,2000000,2000000.0,3140485.92,stalled,90,2024-03-10,2024-06-08,,Rural Dev Dept,sanitation,22.1,False
BI10067,Patna Constituency,Patna,Bihar,300000,0.0,0.0,recommended,270,2023-04-29,2024-01-24,,PWD,electricity,,False
KA09206,Bengaluru Urban Constituency,Bengaluru Urban,Karnataka,1500000,1500000.0,749063.67,ongoing,90,2024-04-27,2024-07-26,,PWD,drinking water,84.8,False
BI10497,Patna Constituency,Patna,Bihar,300000,300000.0,165733.51,completed,545,2024-05-28,2025-11-24,2026-01-08,Jal Nigam,sanitation,100.0,False
KA10117,Belagavi Constituency,Belagavi,Karnataka,750000,0.0,1147034.35,recommended,730,2023-07-20,2025-07-19,,Zilla Parishad,school,,False
WE10310,Kolkata Constituency,Kolkata,West Bengal,1000000,500000.0,1752257.66,sanctioned,90,2023-03-04,2023-06-02,,Rural Dev Dept,school,,False
RA09937,Jaipur Constituency,Jaipur,Rajasthan,750000,375000.0,258942.48,sanctioned,545,2024-09-23,2026-03-22,,Rural Dev Dept,community hall,,False
WE09756,Kolkata Constituency,Kolkata,West Bengal,300000,150000.0,111974.8,completed,270,2024-04-05,2024-12-31,2025-04-05,Jal Nigam,community hall,100.0,False
TA09954,Chennai Constituency,Chennai,Tamil Nadu,1500000,750000.0,568400.67,sanctioned,730,2023-07-21,2025-07-20,,Rural Dev Dept,drinking water,,False
WE09264,Kolkata Constituency,Kolkata,West Bengal,1000000,500000.0,406084.26,ongoing,545,2024-07-02,2025-12-29,,Zilla Parishad,drinking water,50.8,False
AN09859,Visakhapatnam Constituency,Visakhapatnam,Andhra Pradesh,200000,100000.0,97220.11,ongoing,90,2024-05-27,2024-08-25,,Zilla Parishad,sanitation,91.4,False
MA10120,Nagpur Constituency,Nagpur,Maharashtra,2000000,0.0,0.0,recommended,90,2024-08-17,2024-11-15,,Rural Dev Dept,electricity,,False
TA09612,Coimbatore Constituency,Coimbatore,Tamil Nadu,200000,100000.0,98534.56,completed,270,2024-06-05,2025-03-02,2025-09-10,Jal Nigam,community hall,100.0,False
TA10068,Coimbatore Constituency,Coimbatore,Tamil Nadu,1500000,1500000.0,1217839.84,completed,270,2024-10-18,2025-07-15,2026-01-05,Zilla Parishad,community hall,100.0,False
UT10080,Varanasi Constituency,Varanasi,Uttar Pradesh,750000,750000.0,453429.7,sanctioned,730,2023-05-25,2025-05-24,,PWD,electricity,,False
AN09436,Guntur Constituency,Guntur,Andhra Pradesh,1000000,1000000.0,608421.19,ongoing,270,2023-03-18,2023-12-13,,Rural Dev Dept,school,93.9,False
KA10202,Belagavi Constituency,Belagavi,Karnataka,1000000,1000000.0,906030.62,stalled,730,2023-12-07,2025-12-06,,Jal Nigam,school,93.6,False
KA10369,Mysuru Constituency,Mysuru,Karnataka,200000,200000.0,149227.87,stalled,365,2023-07-07,2024-07-06,,PWD,community hall,18.3,False
TA09775,Coimbatore Constituency,Coimbatore,Tamil Nadu,1000000,0.0,1639724.48,recommended,730,2024-03-30,2026-03-30,,Zilla Parishad,community hall,,False
KA10116,Bengaluru Urban Constituency,Bengaluru Urban,Karnataka,750000,750000.0,630124.65,sanctioned,730,2024-11-18,2026-11-18,,Zilla Parishad,community hall,,False
BI09186,Muzaffarpur Constituency,Muzaffarpur,Bihar,200000,200000.0,131386.55,sanctioned,90,2024-01-24,2024-04-23,,Zilla Parishad,irrigation,,False
WE09351,Howrah Constituency,Howrah,West Bengal,1500000,750000.0,404355.73,sanctioned,270,2023-02-01,2023-10-29,,Zilla Parishad,school,,False
BI10386,Gaya Constituency,Gaya,Bihar,2000000,0.0,0.0,recommended,730,2023-07-05,2025-07-04,,Jal Nigam,drinking water,,False
AN09255,Visakhapatnam Constituency,Visakhapatnam,Andhra Pradesh,1500000,1500000.0,881835.25,stalled,365,2024-09-09,2025-09-09,,Zilla Parishad,school,76.4,False
UT10198,Kanpur Nagar Constituency,Kanpur Nagar,Uttar Pradesh,300000,0.0,0.0,recommended,270,2024-11-04,2025-08-01,,Jal Nigam,drinking water,,False
MA09850,Pune Constituency,Pune,Maharashtra,1500000,750000.0,674108.6,completed,545,2023-12-01,2025-05-29,2025-12-07,Rural Dev Dept,irrigation,100.0,False
TA09823,Madurai Constituency,Madurai,Tamil Nadu,1500000,1500000.0,1233775.1,stalled,730,2023-12-16,2025-12-15,,Jal Nigam,sanitation,90.3,False
MA09703,Nagpur Constituency,Nagpur,Maharashtra,300000,300000.0,173616.92,completed,545,2024-03-01,2025-08-28,2025-09-16,Zilla Parishad,irrigation,100.0,False
TA09870,Coimbatore Constituency,Coimbatore,Tamil Nadu,300000,0.0,0.0,recommended,545,2024-08-28,2026-02-24,,Jal Nigam,road,,False
KE09510,Ernakulam Constituency,Ernakulam,Kerala,300000,150000.0,84697.66,sanctioned,365,2023-10-18,2024-10-17,,Jal Nigam,community hall,,False
BI09673,Gaya Constituency,Gaya,Bihar,1000000,0.0,756226.27,ongoing,180,2023-09-28,2024-03-26,,Jal Nigam,drinking water,39.5,True
RA09833,Jaipur Constituency,Jaipur,Rajasthan,200000,200000.0,304968.89,completed,90,2024-10-06,2025-01-04,2025-03-27,Rural Dev Dept,community hall,100.0,False
UT09035,Lucknow Constituency,Lucknow,Uttar Pradesh,1000000,1000000.0,597501.94,completed,365,2024-02-14,2025-02-13,2025-01-19,Zilla Parishad,sanitation,100.0,False
MA09661,Nagpur Constituency,Nagpur,Maharashtra,1500000,1500000.0,1044129.59,stalled,90,2024-06-04,2024-09-02,,PWD,drinking water,90.2,False
KA10048,Bengaluru Urban Constituency,Bengaluru Urban,Karnataka,750000,750000.0,597439.2,stalled,180,2023-12-26,2024-06-23,,Rural Dev Dept,electricity,68.2,False
BI09246,Muzaffarpur Constituency,Muzaffarpur,Bihar,200000,100000.0,271401.71,sanctioned,90,2023-03-07,2023-06-05,,PWD,community hall,,False
UT09899,Kanpur Nagar Constituency,Kanpur Nagar,Uttar Pradesh,1500000,0.0,0.0,recommended,180,2024-01-10,2024-07-08,,Zilla Parishad,drinking water,,False
BI10411,Muzaffarpur Constituency,Muzaffarpur,Bihar,1000000,0.0,0.0,recommended,270,2024-07-10,2025-04-06,,PWD,irrigation,,False
UT10435,Kanpur Nagar Constituency,Kanpur Nagar,Uttar Pradesh,500000,0.0,0.0,recommended,90,2024-11-19,2025-02-17,,Rural Dev Dept,road,,False
TA09987,Coimbatore Constituency,Coimbatore,Tamil Nadu,500000,500000.0,469235.92,sanctioned,730,2024-05-27,2026-05-27,,PWD,community hall,,False
MA09070,Pune Constituency,Pune,Maharashtra,1000000,1000000.0,418644.46,completed,180,2024-03-21,2024-09-17,2024-12-27,PWD,sanitation,100.0,False
WE09135,Howrah Constituency,Howrah,West Bengal,2000000,2000000.0,1872668.98,completed,270,2023-04-09,2024-01-04,2024-03-20,PWD,irrigation,100.0,False
BI09102,Gaya Constituency,Gaya,Bihar,2000000,2000000.0,1744094.64,stalled,365,2023-01-21,2024-01-21,,Zilla Parishad,drinking water,61.3,False
UT09234,Lucknow Constituency,Lucknow,Uttar Pradesh,200000,200000.0,164491.51,ongoing,90,2024-06-26,2024-09-24,,Jal Nigam,irrigation,40.5,False
KE09335,Ernakulam Constituency,Ernakulam,Kerala,2000000,0.0,2900387.19,recommended,90,2024-10-10,2025-01-08,,Rural Dev Dept,drinking water,,False
MA09232,Pune Constituency,Pune,Maharashtra,300000,150000.0,71125.24,stalled,545,2023-05-28,2024-11-23,,Rural Dev Dept,sanitation,27.3,False
KE10242,Ernakulam Constituency,Ernakulam,Kerala,750000,375000.0,950787.67,stalled,90,2023-12-06,2024-03-05,,Jal Nigam,school,14.8,False
RA09130,Jodhpur Constituency,Jodhpur,Rajasthan,1000000,1000000.0,1578875.16,ongoing,730,2023-02-17,2025-02-16,,PWD,electricity,70.5,False
MA10403,Pune Constituency,Pune,Maharashtra,200000,0.0,121223.99,completed,545,2024-11-06,2026-05-05,2026-07-10,Jal Nigam,drinking water,100.0,True
KA09470,Bengaluru Urban Constituency,Bengaluru Urban,Karnataka,300000,300000.0,260019.3,ongoing,730,2023-07-01,2025-06-30,,Jal Nigam,community hall,52.1,False
MA09926,Pune Constituency,Pune,Maharashtra,200000,100000.0,90614.39,ongoing,90,2023-10-19,2024-01-17,,Rural Dev Dept,drinking water,73.7,False
KA09040,Belagavi Constituency,Belagavi,Karnataka,200000,100000.0,90191.04,completed,90,2024-05-07,2024-08-05,2025-01-29,PWD,irrigation,100.0,False
AN10476,Guntur Constituency,Guntur,Andhra Pradesh,500000,500000.0,347872.17,sanctioned,90,2024-03-19,2024-06-17,,Zilla Parishad,school,,False
WE10243,Howrah Constituency,Howrah,West Bengal,500000,250000.0,110949.96,stalled,730,2023-08-30,2025-08-29,,Jal Nigam,drinking water,13.7,False
UT10470,Lucknow Constituency,Lucknow,Uttar Pradesh,300000,150000.0,117264.27,completed,365,2024-07-26,2025-07-26,2025-10-18,Zilla Parishad,community hall,100.0,False
KA10004,Bengaluru Urban Constituency,Bengaluru Urban,Karnataka,300000,300000.0,496423.86,stalled,545,2023-07-22,2025-01-17,,Jal Nigam,community hall,10.2,False
TA09863,Chennai Constituency,Chennai,Tamil Nadu,750000,375000.0,270101.17,completed,90,2023-03-09,2023-06-07,2023-06-13,Zilla Parishad,drinking water,100.0,False
AN09640,Krishna Constituency,Krishna,Andhra Pradesh,1000000,1000000.0,920132.81,stalled,365,2023-01-19,2024-01-19,,Jal Nigam,electricity,10.1,False
RA10090,Jodhpur Constituency,Jodhpur,Rajasthan,500000,0.0,0.0,recommended,730,2024-06-10,2026-06-10,,Zilla Parishad,electricity,,False
BI09224,Patna Constituency,Patna,Bihar,300000,150000.0,137307.92,ongoing,730,2023-12-14,2025-12-13,,Jal Nigam,sanitation,62.9,False
WE10303,Kolkata Constituency,Kolkata,West Bengal,2000000,0.0,0.0,recommended,365,2023-08-21,2024-08-20,,Jal Nigam,electricity,,False
RA09302,Jaipur Constituency,Jaipur,Rajasthan,2000000,2000000.0,1826778.18,completed,90,2024-04-25,2024-07-24,2024-12-06,Rural Dev Dept,road,100.0,False
UT10053,Kanpur Nagar Constituency,Kanpur Nagar,Uttar Pradesh,500000,500000.0,658358.23,stalled,270,2023-05-22,2024-02-16,,PWD,community hall,93.5,False
BI09964,Patna Constituency,Patna,Bihar,750000,0.0,0.0,recommended,270,2024-05-02,2025-01-27,,Zilla Parishad,school,,False
UT09591,Varanasi Constituency,Varanasi,Uttar Pradesh,750000,750000.0,316524.48,stalled,90,2023-09-22,2023-12-21,,Rural Dev Dept,electricity,44.2,False
WE09156,Kolkata Constituency,Kolkata,West Bengal,1000000,500000.0,302900.74,sanctioned,180,2023-06-02,2023-11-29,,Zilla Parishad,road,,False
TA09588,Madurai Constituency,Madurai,Tamil Nadu,1000000,1000000.0,634264.89,sanctioned,90,2023-10-04,2024-01-02,,Zilla Parishad,community hall,,False
BI09239,Patna Constituency,Patna,Bihar,300000,300000.0,258247.03,stalled,180,2023-06-14,2023-12-11,,Zilla Parishad,irrigation,33.7,False
RA09428,Jaipur Constituency,Jaipur,Rajasthan,500000,500000.0,239494.78,ongoing,730,2023-07-22,2025-07-21,,PWD,community hall,43.2,False
KA10218,Mysuru Constituency,Mysuru,Karnataka,200000,100000.0,73856.78,stalled,90,2024-12-01,2025-03-01,,PWD,sanitation,75.4,False
MA09844,Pune Constituency,Pune,Maharashtra,200000,200000.0,111065.78,stalled,180,2023-10-16,2024-04-13,,Rural Dev Dept,school,25.1,False
KA09865,Bengaluru Urban Constituency,Bengaluru Urban,Karnataka,200000,100000.0,76768.67,stalled,365,2023-08-25,2024-08-24,,Rural Dev Dept,sanitation,28.8,False
KA10150,Mysuru Constituency,Mysuru,Karnataka,200000,200000.0,140428.91,stalled,730,2024-07-06,2026-07-06,,Zilla Parishad,drinking water,11.7,False
BI09083,Patna Constituency,Patna,Bihar,300000,300000.0,274342.87,completed,90,2024-01-04,2024-04-03,2024-06-12,Rural Dev Dept,community hall,100.0,False
BI10200,Patna Constituency,Patna,Bihar,1500000,1500000.0,1482677.47,stalled,270,2023-12-02,2024-08-28,,Jal Nigam,irrigation,35.6,False
MA10228,Pune Constituency,Pune,Maharashtra,300000,150000.0,405924.79,ongoing,270,2023-09-28,2024-06-24,,Jal Nigam,electricity,19.6,False
KA10212,Belagavi Constituency,Belagavi,Karnataka,300000,150000.0,137153.54,stalled,90,2023-04-29,2023-07-28,,Rural Dev Dept,school,26.9,False
UT09386,Varanasi Constituency,Varanasi,Uttar Pradesh,200000,0.0,0.0,recommended,365,2023-11-14,2024-11-13,,Rural Dev Dept,irrigation,,False
MA09501,Nagpur Constituency,Nagpur,Maharashtra,1000000,1000000.0,616223.81,ongoing,365,2024-11-25,2025-11-25,,Zilla Parishad,electricity,22.2,False
BI09410,Patna Constituency,Patna,Bihar,1500000,1500000.0,2308459.0,completed,90,2023-03-03,2023-06-01,2023-12-03,PWD,drinking water,100.0,False
TA09803,Coimbatore Constituency,Coimbatore,Tamil Nadu,300000,300000.0,224989.93,stalled,730,2023-03-17,2025-03-16,,Zilla Parishad,sanitation,17.1,False
KA10129,Bengaluru Urban Constituency,Bengaluru Urban,Karnataka,200000,100000.0,93321.25,stalled,90,2024-11-08,2025-02-06,,Zilla Parishad,drinking water,63.2,False
WE09422,Kolkata Constituency,Kolkata,West Bengal,1500000,1500000.0,883658.37,stalled,365,2023-03-11,2024-03-10,,PWD,school,31.3,False
MA10182,Nagpur Constituency,Nagpur,Maharashtra,1500000,0.0,336276.93,stalled,730,2023-12-30,2025-12-29,,Jal Nigam,sanitation,73.4,True
KE09043,Kozhikode Constituency,Kozhikode,Kerala,750000,750000.0,592894.18,sanctioned,730,2023-11-30,2025-11-29,,Zilla Parishad,drinking water,,False
RA09750,Jaipur Constituency,Jaipur,Rajasthan,200000,200000.0,321731.92,ongoing,90,2024-06-24,2024-09-22,,Rural Dev Dept,sanitation,16.5,False
MA10189,Pune Constituency,Pune,Maharashtra,200000,200000.0,134987.71,stalled,730,2023-07-18,2025-07-17,,Jal Nigam,drinking water,21.4,False
RA09828,Jodhpur Constituency,Jodhpur,Rajasthan,1000000,1000000.0,954147.32,completed,270,2024-03-06,2024-12-01,2024-12-31,Jal Nigam,drinking water,100.0,False
AN10368,Visakhapatnam Constituency,Visakhapatnam,Andhra Pradesh,2000000,2000000.0,1853997.96,ongoing,270,2024-10-08,2025-07-05,,Rural Dev Dept,electricity,90.6,False
UT09133,Kanpur Nagar Constituency,Kanpur Nagar,Uttar Pradesh,750000,750000.0,585768.19,ongoing,730,2023-09-11,2025-09-10,,Zilla Parishad,irrigation,74.4,False
AN09871,Guntur Constituency,Guntur,Andhra Pradesh,500000,0.0,0.0,recommended,90,2023-04-13,2023-07-12,,Zilla Parishad,community hall,,True
RA09632,Jaipur Constituency,Jaipur,Rajasthan,300000,0.0,0.0,recommended,545,2024-04-30,2025-10-27,,Jal Nigam,sanitation,,False
MA10040,Nagpur Constituency,Nagpur,Maharashtra,2000000,2000000.0,1804388.86,stalled,365,2023-02-12,2024-02-12,,Zilla Parishad,school,75.5,False
UT09855,Kanpur Nagar Constituency,Kanpur Nagar,Uttar Pradesh,200000,0.0,267185.54,recommended,545,2024-09-03,2026-03-02,,PWD,drinking water,,False
RA09527,Jaipur Constituency,Jaipur,Rajasthan,750000,0.0,0.0,recommended,545,2024-10-20,2026-04-18,,Zilla Parishad,drinking water,,False
AN10487,Visakhapatnam Constituency,Visakhapatnam,Andhra Pradesh,1500000,750000.0,441519.7,completed,180,2023-01-21,2023-07-20,2023-12-22,Jal Nigam,electricity,100.0,False
BI10281,Patna Constituency,Patna,Bihar,300000,300000.0,297307.36,ongoing,545,2024-06-08,2025-12-05,,Zilla Parishad,road,50.4,False
AN09123,Guntur Constituency,Guntur,Andhra Pradesh,200000,200000.0,182337.59,sanctioned,180,2023-06-21,2023-12-18,,Rural Dev Dept,school,,False
AN10431,Visakhapatnam Constituency,Visakhapatnam,Andhra Pradesh,1500000,750000.0,691828.21,completed,270,2024-01-02,2024-09-28,2025-04-04,Rural Dev Dept,irrigation,100.0,False
KA09228,Belagavi Constituency,Belagavi,Karnataka,200000,0.0,0.0,recommended,270,2024-06-08,2025-03-05,,Jal Nigam,school,,False
MA10293,Nagpur Constituency,Nagpur,Maharashtra,750000,750000.0,576159.04,stalled,90,2024-04-27,2024-07-26,,Zilla Parishad,community hall,90.2,False
MA09615,Pune Constituency,Pune,Maharashtra,200000,200000.0,129164.68,stalled,90,2023-04-18,2023-07-17,,Rural Dev Dept,community hall,66.2,False
RA09794,Jaipur Constituency,Jaipur,Rajasthan,2000000,2000000.0,1567130.27,sanctioned,270,2024-10-25,2025-07-22,,Jal Nigam,sanitation,,False
WE10261,Howrah Constituency,Howrah,West Bengal,300000,300000.0,237231.16,sanctioned,730,2024-04-29,2026-04-29,,Zilla Parishad,electricity,,False
AN10143,Visakhapatnam Constituency,Visakhapatnam,Andhra Pradesh,750000,0.0,0.0,recommended,90,2024-08-08,2024-11-06,,Jal Nigam,drinking water,,False
BI09852,Patna Constituency,Patna,Bihar,750000,750000.0,579069.43,completed,545,2024-03-04,2025-08-31,2025-11-25,PWD,road,100.0,False
KE10220,Ernakulam Constituency,Ernakulam,Kerala,1000000,1000000.0,954187.66,ongoing,730,2023-01-13,2025-01-12,,Zilla Parishad,road,52.5,False
KE09997,Kozhikode Constituency,Kozhikode,Kerala,1000000,1000000.0,570951.83,stalled,545,2023-10-06,2025-04-03,,Jal Nigam,drinking water,12.6,False
WE10191,Kolkata Constituency,Kolkata,West Bengal,500000,0.0,698059.97,recommended,545,2023-08-27,2025-02-22,,Zilla Parishad,irrigation,,False
UT09356,Varanasi Constituency,Varanasi,Uttar Pradesh,1000000,1000000.0,857265.59,sanctioned,730,2024-06-09,2026-06-09,,PWD,irrigation,,False
KA09085,Bengaluru Urban Constituency,Bengaluru Urban,Karnataka,300000,300000.0,227143.65,sanctioned,365,2023-03-08,2024-03-07,,Zilla Parishad,irrigation,,False
UT09508,Lucknow Constituency,Lucknow,Uttar Pradesh,300000,150000.0,411909.93,stalled,365,2023-01-23,2024-01-23,,PWD,sanitation,66.3,False
RA09684,Jaipur Constituency,Jaipur,Rajasthan,200000,200000.0,161366.38,completed,90,2023-08-12,2023-11-10,2024-04-19,Jal Nigam,irrigation,100.0,False
AN09205,Krishna Constituency,Krishna,Andhra Pradesh,750000,750000.0,307712.85,completed,180,2024-08-29,2025-02-25,2025-04-05,PWD,road,100.0,False
UT10047,Varanasi Constituency,Varanasi,Uttar Pradesh,750000,750000.0,586309.59,ongoing,730,2023-11-21,2025-11-20,,Zilla Parishad,sanitation,86.6,False
TA09609,Chennai Constituency,Chennai,Tamil Nadu,2000000,1000000.0,910884.86,completed,545,2023-08-02,2025-01-28,2025-03-05,Zilla Parishad,community hall,100.0,False
KE10210,Kozhikode Constituency,Kozhikode,Kerala,500000,0.0,0.0,recommended,270,2023-08-31,2024-05-27,,Jal Nigam,sanitation,,False
UT09821,Lucknow Constituency,Lucknow,Uttar Pradesh,1000000,1000000.0,741603.36,completed,730,2024-07-26,2026-07-26,2026-08-09,Rural Dev Dept,sanitation,100.0,False
TA09301,Coimbatore Constituency,Coimbatore,Tamil Nadu,1500000,1500000.0,1807406.58,sanctioned,270,2023-07-11,2024-04-06,,Zilla Parishad,road,,False
BI09981,Patna Constituency,Patna,Bihar,200000,100000.0,61044.4,sanctioned,180,2023-02-06,2023-08-05,,PWD,road,,False
TA09578,Madurai Constituency,Madurai,Tamil Nadu,1500000,1500000.0,697164.46,sanctioned,90,2024-08-26,2024-11-24,,Zilla Parishad,community hall,,False
BI09924,Gaya Constituency,Gaya,Bihar,1000000,0.0,0.0,recommended,730,2023-06-19,2025-06-18,,Zilla Parishad,road,,False
MA09829,Nagpur Constituency,Nagpur,Maharashtra,500000,0.0,0.0,recommended,180,2024-04-17,2024-10-14,,Rural Dev Dept,sanitation,,False
KA09946,Mysuru Constituency,Mysuru,Karnataka,1500000,0.0,0.0,recommended,365,2024-05-10,2025-05-10,,Jal Nigam,drinking water,,False
KA09765,Bengaluru Urban Constituency,Bengaluru Urban,Karnataka,750000,750000.0,419986.01,stalled,180,2024-08-30,2025-02-26,,Zilla Parishad,sanitation,45.2,False
TA09868,Madurai Constituency,Madurai,Tamil Nadu,500000,250000.0,181529.07,ongoing,365,2023-10-20,2024-10-19,,Jal Nigam,drinking water,29.8,False
UT09426,Varanasi Constituency,Varanasi,Uttar Pradesh,1000000,1000000.0,590107.28,stalled,365,2023-06-28,2024-06-27,,Zilla Parishad,road,39.8,False
UT10478,Lucknow Constituency,Lucknow,Uttar Pradesh,200000,200000.0,150560.03,completed,365,2023-12-30,2024-12-29,2025-03-13,Rural Dev Dept,road,100.0,False
MA10168,Pune Constituency,Pune,Maharashtra,750000,375000.0,169042.68,ongoing,545,2023-04-20,2024-10-16,,PWD,road,24.1,False
AN09947,Guntur Constituency,Guntur,Andhra Pradesh,200000,200000.0,91607.94,sanctioned,90,2024-11-20,2025-02-18,,Zilla Parishad,road,,False
WE10126,Kolkata Constituency,Kolkata,West Bengal,200000,0.0,0.0,recommended,730,2023-03-21,2025-03-20,,Jal Nigam,electricity,,False
BI09695,Gaya Constituency,Gaya,Bihar,1500000,1500000.0,1913623.82,ongoing,545,2024-03-27,2025-09-23,,PWD,road,64.9,False
MA09502,Nagpur Constituency,Nagpur,Maharashtra,300000,150000.0,88451.5,sanctioned,180,2023-03-25,2023-09-21,,Zilla Parishad,road,,False
AN10123,Visakhapatnam Constituency,Visakhapatnam,Andhra Pradesh,300000,300000.0,250103.15,completed,270,2023-01-24,2023-10-21,2023-09-22,PWD,school,100.0,False
RA10171,Jodhpur Constituency,Jodhpur,Rajasthan,1500000,0.0,0.0,recommended,90,2023-01-16,2023-04-16,,Jal Nigam,irrigation,,False
AN09007,Krishna Constituency,Krishna,Andhra Pradesh,300000,300000.0,155970.76,stalled,545,2024-05-16,2025-11-12,,Rural Dev Dept,school,68.9,False
UT09379,Kanpur Nagar Constituency,Kanpur Nagar,Uttar Pradesh,2000000,2000000.0,929101.4,sanctioned,545,2023-07-03,2024-12-29,,Rural Dev Dept,sanitation,,False
TA10131,Coimbatore Constituency,Coimbatore,Tamil Nadu,300000,300000.0,471036.84,stalled,730,2023-01-15,2025-01-14,,Jal Nigam,sanitation,55.2,False
RA10288,Jaipur Constituency,Jaipur,Rajasthan,1000000,500000.0,443215.65,completed,180,2023-06-05,2023-12-02,2024-01-27,Rural Dev Dept,road,100.0,False
MA09708,Nagpur Constituency,Nagpur,Maharashtra,1500000,1500000.0,2677259.12,ongoing,90,2023-11-16,2024-02-14,,Rural Dev Dept,drinking water,68.0,False
MA09793,Nagpur Constituency,Nagpur,Maharashtra,1000000,1000000.0,1727352.13,sanctioned,180,2023-06-02,2023-11-29,,Jal Nigam,electricity,,False
RA09480,Jaipur Constituency,Jaipur,Rajasthan,1000000,1000000.0,732979.19,stalled,180,2024-01-25,2024-07-23,,Jal Nigam,community hall,15.5,False
UT09401,Kanpur Nagar Constituency,Kanpur Nagar,Uttar Pradesh,1500000,0.0,0.0,recommended,180,2024-01-24,2024-07-22,,Jal Nigam,community hall,,False
WE10486,Kolkata Constituency,Kolkata,West Bengal,750000,750000.0,632585.46,sanctioned,545,2024-08-15,2026-02-11,,Zilla Parishad,road,,False
WE09709,Howrah Constituency,Howrah,West Bengal,2000000,0.0,0.0,recommended,545,2024-02-25,2025-08-23,,Zilla Parishad,road,,True
KE10346,Ernakulam Constituency,Ernakulam,Kerala,500000,500000.0,833979.25,sanctioned,730,2023-06-27,2025-06-26,,Zilla Parishad,community hall,,False
TA10104,Chennai Constituency,Chennai,Tamil Nadu,300000,150000.0,530242.31,stalled,270,2023-04-15,2024-01-10,,Jal Nigam,irrigation,22.8,False
UT09655,Lucknow Constituency,Lucknow,Uttar Pradesh,1000000,1000000.0,1383375.4,stalled,270,2023-04-29,2024-01-24,,Zilla Parishad,community hall,22.4,False
RA09216,Jodhpur Constituency,Jodhpur,Rajasthan,1500000,1500000.0,765030.33,stalled,90,2024-02-27,2024-05-27,,Jal Nigam,electricity,54.5,False
UT09287,Lucknow Constituency,Lucknow,Uttar Pradesh,200000,200000.0,136993.69,completed,90,2024-03-31,2024-06-29,2024-10-18,PWD,drinking water,100.0,False
RA10348,Jodhpur Constituency,Jodhpur,Rajasthan,750000,375000.0,330678.56,completed,90,2023-09-05,2023-12-04,2024-04-11,Rural Dev Dept,community hall,100.0,False
TA10176,Chennai Constituency,Chennai,Tamil Nadu,1000000,0.0,1414680.36,recommended,180,2023-06-28,2023-12-25,,PWD,drinking water,,False
RA09874,Jodhpur Constituency,Jodhpur,Rajasthan,750000,0.0,0.0,recommended,90,2023-05-12,2023-08-10,,Jal Nigam,sanitation,,True
WE10135,Kolkata Constituency,Kolkata,West Bengal,750000,750000.0,373814.74,sanctioned,545,2023-09-11,2025-03-09,,Jal Nigam,school,,False
BI09857,Gaya Constituency,Gaya,Bihar,750000,375000.0,319817.41,ongoing,90,2024-05-21,2024-08-19,,Rural Dev Dept,drinking water,26.1,False
WE09637,Kolkata Constituency,Kolkata,West Bengal,1500000,750000.0,2629300.34,sanctioned,545,2024-04-18,2025-10-15,,PWD,community hall,,False
KA09949,Bengaluru Urban Constituency,Bengaluru Urban,Karnataka,1000000,0.0,0.0,recommended,545,2023-07-20,2025-01-15,,PWD,road,,False
AN09404,Guntur Constituency,Guntur,Andhra Pradesh,750000,0.0,1163399.16,recommended,365,2024-08-24,2025-08-24,,Jal Nigam,drinking water,,False
RA10069,Jodhpur Constituency,Jodhpur,Rajasthan,2000000,1000000.0,454953.97,stalled,545,2024-10-30,2026-04-28,,Rural Dev Dept,road,47.7,False
AN09471,Krishna Constituency,Krishna,Andhra Pradesh,1500000,1500000.0,616611.99,sanctioned,545,2024-05-02,2025-10-29,,Jal Nigam,electricity,,False
RA09041,Jodhpur Constituency,Jodhpur,Rajasthan,1500000,1500000.0,1154769.04,stalled,545,2023-11-02,2025-04-30,,Zilla Parishad,electricity,82.5,False
UT09849,Kanpur Nagar Constituency,Kanpur Nagar,Uttar Pradesh,1500000,1500000.0,736969.23,sanctioned,730,2023-11-13,2025-11-12,,Rural Dev Dept,irrigation,,False
KA09407,Bengaluru Urban Constituency,Bengaluru Urban,Karnataka,750000,375000.0,174547.66,ongoing,270,2023-09-19,2024-06-15,,PWD,road,88.9,False
MA10490,Pune Constituency,Pune,Maharashtra,1000000,1000000.0,612768.01,completed,270,2024-09-28,2025-06-25,2025-07-27,PWD,irrigation,100.0,False
TA10382,Madurai Constituency,Madurai,Tamil Nadu,2000000,0.0,0.0,recommended,180,2023-02-10,2023-08-09,,PWD,road,,False
KA09590,Bengaluru Urban Constituency,Bengaluru Urban,Karnataka,300000,300000.0,399592.37,stalled,730,2023-06-24,2025-06-23,,Jal Nigam,sanitation,23.2,False
BI09639,Gaya Constituency,Gaya,Bihar,300000,300000.0,187616.06,completed,180,2024-09-03,2025-03-02,2025-06-22,PWD,sanitation,100.0,False
BI09153,Gaya Constituency,Gaya,Bihar,750000,375000.0,349173.4,ongoing,90,2024-11-25,2025-02-23,,PWD,drinking water,43.0,False
UT10442,Varanasi Constituency,Varanasi,Uttar Pradesh,300000,300000.0,508282.86,completed,270,2024-01-09,2024-10-05,2025-03-06,Jal Nigam,road,100.0,False
UT09795,Lucknow Constituency,Lucknow,Uttar Pradesh,1000000,1000000.0,591836.78,sanctioned,180,2024-07-11,2025-01-07,,PWD,road,,False
RA09492,Jaipur Constituency,Jaipur,Rajasthan,750000,750000.0,1223220.03,completed,365,2024-03-23,2025-03-23,2025-03-01,Zilla Parishad,road,100.0,False
UT09449,Varanasi Constituency,Varanasi,Uttar Pradesh,750000,750000.0,591314.25,stalled,270,2023-06-04,2024-02-29,,Rural Dev Dept,road,48.2,False
UT09804,Kanpur Nagar Constituency,Kanpur Nagar,Uttar Pradesh,300000,150000.0,133966.47,sanctioned,730,2023-09-25,2025-09-24,,Rural Dev Dept,school,,False
TA10353,Coimbatore Constituency,Coimbatore,Tamil Nadu,300000,300000.0,290938.83,completed,545,2024-07-25,2026-01-21,2026-04-13,Jal Nigam,electricity,100.0,False
UT10321,Kanpur Nagar Constituency,Kanpur Nagar,Uttar Pradesh,300000,300000.0,200960.94,sanctioned,270,2023-06-06,2024-03-02,,Jal Nigam,road,,False
MA10374,Pune Constituency,Pune,Maharashtra,2000000,0.0,0.0,recommended,545,2024-06-01,2025-11-28,,PWD,sanitation,,False
KA09722,Bengaluru Urban Constituency,Bengaluru Urban,Karnataka,2000000,2000000.0,1069019.62,stalled,545,2023-11-06,2025-05-04,,PWD,school,31.1,False
RA09518,Jodhpur Constituency,Jodhpur,Rajasthan,1500000,750000.0,532040.09,sanctioned,365,2024-05-22,2025-05-22,,Rural Dev Dept,community hall,,False
RA09453,Jodhpur Constituency,Jodhpur,Rajasthan,300000,300000.0,182321.13,ongoing,730,2024-11-10,2026-11-10,,PWD,school,25.0,False
BI10342,Patna Constituency,Patna,Bihar,500000,0.0,0.0,recommended,270,2023-06-16,2024-03-12,,PWD,road,,False
MA09103,Pune Constituency,Pune,Maharashtra,200000,200000.0,94760.52,sanctioned,730,2023-04-14,2025-04-13,,Rural Dev Dept,sanitation,,False
BI10091,Gaya Constituency,Gaya,Bihar,1000000,1000000.0,1651790.57,stalled,180,2024-07-27,2025-01-23,,Rural Dev Dept,electricity,41.2,False
TA10475,Chennai Constituency,Chennai,Tamil Nadu,1000000,0.0,0.0,recommended,180,2024-06-13,2024-12-10,,Zilla Parishad,sanitation,,False
RA09380,Jodhpur Constituency,Jodhpur,Rajasthan,300000,150000.0,73911.78,stalled,270,2023-08-04,2024-04-30,,PWD,school,13.1,False
TA10046,Coimbatore Constituency,Coimbatore,Tamil Nadu,750000,750000.0,1036532.17,sanctioned,270,2023-08-19,2024-05-15,,Jal Nigam,school,,False
TA10108,Coimbatore Constituency,Coimbatore,Tamil Nadu,1000000,1000000.0,675928.7,ongoing,365,2024-10-12,2025-10-12,,Jal Nigam,electricity,20.9,False
WE09930,Kolkata Constituency,Kolkata,West Bengal,300000,0.0,0.0,recommended,365,2023-09-19,2024-09-18,,PWD,sanitation,,False
MA09702,Pune Constituency,Pune,Maharashtra,1000000,1000000.0,599320.42,stalled,180,2023-12-27,2024-06-24,,Jal Nigam,road,72.9,False
MA09711,Nagpur Constituency,Nagpur,Maharashtra,200000,200000.0,91000.13,sanctioned,90,2024-01-20,2024-04-19,,PWD,school,,False
BI09566,Patna Constituency,Patna,Bihar,750000,750000.0,554013.95,stalled,270,2024-06-26,2025-03-23,,Zilla Parishad,drinking water,30.7,False
BI09279,Gaya Constituency,Gaya,Bihar,2000000,2000000.0,1719843.64,completed,270,2023-04-30,2024-01-25,2024-06-12,Zilla Parishad,electricity,100.0,False
MA09628,Pune Constituency,Pune,Maharashtra,500000,250000.0,211783.0,completed,180,2024-09-20,2025-03-19,2025-08-17,Rural Dev Dept,sanitation,100.0,False
UT10106,Varanasi Constituency,Varanasi,Uttar Pradesh,1000000,500000.0,348699.88,ongoing,90,2023-10-17,2024-01-15,,PWD,irrigation,63.4,False
KA10463,Belagavi Constituency,Belagavi,Karnataka,750000,375000.0,261018.27,completed,90,2023-02-18,2023-05-19,2023-10-17,Rural Dev Dept,sanitation,100.0,False
WE09122,Howrah Constituency,Howrah,West Bengal,1500000,1500000.0,1253409.17,stalled,365,2024-08-10,2025-08-10,,Jal Nigam,irrigation,94.6,False
RA10409,Jaipur Constituency,Jaipur,Rajasthan,1000000,1000000.0,505101.65,sanctioned,545,2024-01-04,2025-07-02,,Jal Nigam,irrigation,,False
MA09929,Pune Constituency,Pune,Maharashtra,1500000,0.0,0.0,recommended,180,2023-01-01,2023-06-30,,Rural Dev Dept,community hall,,False
BI09908,Patna Constituency,Patna,Bihar,500000,0.0,0.0,recommended,270,2023-04-30,2024-01-25,,PWD,electricity,,False
AN10244,Guntur Constituency,Guntur,Andhra Pradesh,300000,0.0,0.0,recommended,270,2024-11-01,2025-07-29,,Rural Dev Dept,road,,False
RA09432,Jaipur Constituency,Jaipur,Rajasthan,750000,750000.0,1336928.54,ongoing,545,2024-10-24,2026-04-22,,Jal Nigam,electricity,47.9,False
TA09285,Coimbatore Constituency,Coimbatore,Tamil Nadu,200000,200000.0,127702.38,completed,365,2024-01-12,2025-01-11,2025-05-25,Rural Dev Dept,school,100.0,False
KE10366,Kozhikode Constituency,Kozhikode,Kerala,2000000,0.0,2505141.33,recommended,90,2023-07-20,2023-10-18,,Jal Nigam,drinking water,,False
UT10316,Kanpur Nagar Constituency,Kanpur Nagar,Uttar Pradesh,500000,250000.0,141907.53,completed,545,2023-11-16,2025-05-14,2025-07-12,Rural Dev Dept,electricity,100.0,False
UT10412,Kanpur Nagar Constituency,Kanpur Nagar,Uttar Pradesh,300000,150000.0,127148.32,stalled,90,2023-08-02,2023-10-31,,Jal Nigam,community hall,32.7,False
UT09611,Lucknow Constituency,Lucknow,Uttar Pradesh,1000000,0.0,0.0,recommended,90,2023-01-30,2023-04-30,,Zilla Parishad,community hall,,False
MA09927,Nagpur Constituency,Nagpur,Maharashtra,200000,200000.0,319254.46,completed,730,2023-10-19,2025-10-18,2025-09-20,PWD,sanitation,100.0,False
AN09755,Krishna Constituency,Krishna,Andhra Pradesh,750000,750000.0,545741.6,stalled,180,2023-08-20,2024-02-16,,PWD,school,48.8,False
BI09125,Muzaffarpur Constituency,Muzaffarpur,Bihar,1500000,750000.0,501456.0,sanctioned,365,2024-04-30,2025-04-30,,Rural Dev Dept,school,,False
KE09400,Ernakulam Constituency,Ernakulam,Kerala,1500000,1500000.0,910436.02,sanctioned,270,2023-09-04,2024-05-31,,Zilla Parishad,sanitation,,False
UT09465,Kanpur Nagar Constituency,Kanpur Nagar,Uttar Pradesh,1000000,1000000.0,733809.15,completed,545,2023-02-03,2024-08-01,2024-11-21,Jal Nigam,community hall,100.0,False
WE09714,Howrah Constituency,Howrah,West Bengal,500000,500000.0,234870.59,completed,270,2023-01-07,2023-10-04,2023-09-07,Jal Nigam,school,100.0,False
MA09087,Pune Constituency,Pune,Maharashtra,500000,0.0,287326.43,ongoing,180,2023-02-18,2023-08-17,,Rural Dev Dept,road,47.0,True
BI09009,Patna Constituency,Patna,Bihar,300000,150000.0,464515.2,completed,365,2023-01-15,2024-01-15,2024-01-08,Rural Dev Dept,drinking water,100.0,False
KA10492,Belagavi Constituency,Belagavi,Karnataka,1500000,0.0,0.0,recommended,180,2024-06-16,2024-12-13,,Rural Dev Dept,electricity,,False
WE10299,Howrah Constituency,Howrah,West Bengal,500000,500000.0,480926.02,ongoing,180,2023-10-11,2024-04-08,,Rural Dev Dept,school,42.8,False
KE09188,Kozhikode Constituency,Kozhikode,Kerala,300000,300000.0,219430.8,ongoing,90,2023-07-27,2023-10-25,,Rural Dev Dept,electricity,20.4,False
TA10238,Coimbatore Constituency,Coimbatore,Tamil Nadu,2000000,1000000.0,434386.96,stalled,545,2024-03-26,2025-09-22,,Zilla Parishad,sanitation,94.3,False
TA09321,Chennai Constituency,Chennai,Tamil Nadu,300000,300000.0,298668.2,stalled,270,2024-11-04,2025-08-01,,Jal Nigam,irrigation,92.1,False
KE09626,Ernakulam Constituency,Ernakulam,Kerala,1500000,1500000.0,758538.19,stalled,90,2023-02-01,2023-05-02,,Zilla Parishad,school,91.2,False
BI10454,Muzaffarpur Constituency,Muzaffarpur,Bihar,2000000,1000000.0,721556.44,ongoing,270,2023-01-22,2023-10-19,,Jal Nigam,irrigation,85.7,False
MA09371,Nagpur Constituency,Nagpur,Maharashtra,300000,150000.0,129831.7,ongoing,545,2023-04-29,2024-10-25,,Zilla Parishad,electricity,92.8,False
KE09450,Ernakulam Constituency,Ernakulam,Kerala,500000,0.0,227241.05,ongoing,730,2024-08-21,2026-08-21,,Jal Nigam,road,91.9,True
RA09840,Jodhpur Constituency,Jodhpur,Rajasthan,300000,300000.0,511378.31,stalled,730,2024-11-16,2026-11-16,,Rural Dev Dept,drinking water,75.2,False
KE09243,Kozhikode Constituency,Kozhikode,Kerala,300000,150000.0,82323.76,sanctioned,365,2024-03-14,2025-03-14,,Jal Nigam,electricity,,False
AN09856,Guntur Constituency,Guntur,Andhra Pradesh,1000000,1000000.0,554274.69,completed,270,2024-11-14,2025-08-11,2025-10-22,Jal Nigam,road,100.0,False
AN10495,Krishna Constituency,Krishna,Andhra Pradesh,200000,0.0,0.0,recommended,730,2024-09-22,2026-09-22,,Jal Nigam,school,,True
UT09533,Lucknow Constituency,Lucknow,Uttar Pradesh,1000000,500000.0,339422.9,sanctioned,180,2023-12-04,2024-06-01,,Jal Nigam,sanitation,,False
TA09392,Madurai Constituency,Madurai,Tamil Nadu,300000,300000.0,522913.38,stalled,545,2024-03-26,2025-09-22,,Zilla Parishad,drinking water,81.9,False
UT10230,Kanpur Nagar Constituency,Kanpur Nagar,Uttar Pradesh,2000000,2000000.0,1139845.19,sanctioned,365,2023-11-11,2024-11-10,,Zilla Parishad,sanitation,,False
AN10415,Krishna Constituency,Krishna,Andhra Pradesh,300000,300000.0,299791.28,sanctioned,545,2024-07-21,2026-01-17,,Rural Dev Dept,school,,False
AN09288,Visakhapatnam Constituency,Visakhapatnam,Andhra Pradesh,1000000,500000.0,1738298.42,completed,90,2023-07-18,2023-10-16,2023-11-24,Jal Nigam,sanitation,100.0,False
AN10144,Krishna Constituency,Krishna,Andhra Pradesh,200000,0.0,0.0,recommended,730,2024-07-19,2026-07-19,,Zilla Parishad,road,,False
BI09621,Gaya Constituency,Gaya,Bihar,1000000,1000000.0,754304.26,completed,180,2024-05-13,2024-11-09,2025-05-07,Rural Dev Dept,school,100.0,False
KA10395,Mysuru Constituency,Mysuru,Karnataka,300000,0.0,185997.07,sanctioned,365,2024-01-04,2025-01-03,,Jal Nigam,irrigation,,True
WE09419,Kolkata Constituency,Kolkata,West Bengal,200000,100000.0,259642.14,ongoing,90,2024-01-07,2024-04-06,,Zilla Parishad,electricity,38.6,False
AN09002,Guntur Constituency,Guntur,Andhra Pradesh,1000000,0.0,0.0,recommended,90,2023-10-22,2024-01-20,,Rural Dev Dept,electricity,,False
BI10268,Patna Constituency,Patna,Bihar,1000000,0.0,445836.55,ongoing,180,2024-04-22,2024-10-19,,PWD,sanitation,51.8,True
BI10262,Gaya Constituency,Gaya,Bihar,1500000,1500000.0,1179717.52,sanctioned,545,2023-03-23,2024-09-18,,PWD,community hall,,False
TA09100,Chennai Constituency,Chennai,Tamil Nadu,300000,0.0,82079.47,ongoing,90,2023-01-06,2023-04-06,,Rural Dev Dept,drinking water,30.4,True
KA09026,Mysuru Constituency,Mysuru,Karnataka,1000000,1000000.0,782206.84,ongoing,180,2024-01-19,2024-07-17,,PWD,school,56.6,False
AN10283,Guntur Constituency,Guntur,Andhra Pradesh,300000,150000.0,146549.26,ongoing,365,2023-10-23,2024-10-22,,PWD,sanitation,18.3,False
TA09414,Chennai Constituency,Chennai,Tamil Nadu,500000,500000.0,464143.85,stalled,365,2023-01-07,2024-01-07,,Jal Nigam,electricity,20.3,False
UT09996,Varanasi Constituency,Varanasi,Uttar Pradesh,500000,250000.0,689240.2,ongoing,180,2024-03-15,2024-09-11,,Rural Dev Dept,community hall,42.2,False
UT09412,Lucknow Constituency,Lucknow,Uttar Pradesh,200000,0.0,0.0,recommended,90,2023-10-11,2024-01-09,,Jal Nigam,community hall,,False
RA09431,Jaipur Constituency,Jaipur,Rajasthan,750000,750000.0,563159.57,stalled,730,2024-05-11,2026-05-11,,Zilla Parishad,school,79.2,False
MA09340,Pune Constituency,Pune,Maharashtra,200000,0.0,261677.19,recommended,730,2024-08-03,2026-08-03,,Rural Dev Dept,irrigation,,False
KA09516,Belagavi Constituency,Belagavi,Karnataka,500000,0.0,0.0,recommended,270,2023-12-17,2024-09-12,,Rural Dev Dept,road,,False
KA09170,Bengaluru Urban Constituency,Bengaluru Urban,Karnataka,300000,0.0,0.0,recommended,365,2024-11-14,2025-11-14,,Zilla Parishad,electricity,,False
UT09770,Kanpur Nagar Constituency,Kanpur Nagar,Uttar Pradesh,300000,150000.0,487120.82,ongoing,545,2024-09-08,2026-03-07,,PWD,sanitation,59.4,False
TA10003,Madurai Constituency,Madurai,Tamil Nadu,1000000,0.0,0.0,recommended,545,2024-11-26,2026-05-25,,Rural Dev Dept,electricity,,False
KA09291,Bengaluru Urban Constituency,Bengaluru Urban,Karnataka,1500000,1500000.0,1027352.86,completed,365,2024-04-24,2025-04-24,2025-05-28,Jal Nigam,sanitation,100.0,False
KA09299,Mysuru Constituency,Mysuru,Karnataka,300000,300000.0,143638.89,stalled,365,2024-09-11,2025-09-11,,Rural Dev Dept,drinking water,58.6,False
BI10229,Muzaffarpur Constituency,Muzaffarpur,Bihar,200000,200000.0,298271.98,stalled,545,2023-07-11,2025-01-06,,Rural Dev Dept,school,72.3,False
WE09413,Kolkata Constituency,Kolkata,West Bengal,200000,0.0,0.0,recommended,90,2024-10-12,2025-01-10,,Zilla Parishad,electricity,,False
TA09282,Coimbatore Constituency,Coimbatore,Tamil Nadu,1000000,500000.0,217753.36,completed,90,2023-05-13,2023-08-11,2024-02-12,Jal Nigam,sanitation,100.0,False
UT09172,Varanasi Constituency,Varanasi,Uttar Pradesh,1500000,1500000.0,715867.06,completed,90,2024-03-26,2024-06-24,2024-08-12,Zilla Parishad,sanitation,100.0,False
RA10138,Jodhpur Constituency,Jodhpur,Rajasthan,500000,0.0,0.0,recommended,545,2023-06-13,2024-12-09,,Zilla Parishad,sanitation,,False
KE09280,Kozhikode Constituency,Kozhikode,Kerala,2000000,2000000.0,953010.39,ongoing,180,2023-11-13,2024-05-11,,Jal Nigam,sanitation,79.0,False
BI10267,Muzaffarpur Constituency,Muzaffarpur,Bihar,2000000,1000000.0,838096.44,ongoing,545,2023-02-10,2024-08-08,,PWD,community hall,30.4,False
UT09961,Varanasi Constituency,Varanasi,Uttar Pradesh,200000,200000.0,241032.03,stalled,365,2024-03-19,2025-03-19,,Rural Dev Dept,school,87.2,False
BI09851,Muzaffarpur Constituency,Muzaffarpur,Bihar,300000,150000.0,72132.52,completed,90,2024-04-19,2024-07-18,2024-10-01,Jal Nigam,electricity,100.0,False
AN10365,Visakhapatnam Constituency,Visakhapatnam,Andhra Pradesh,1500000,0.0,2220984.89,recommended,545,2024-09-24,2026-03-23,,Zilla Parishad,community hall,,False
UT09089,Kanpur Nagar Constituency,Kanpur Nagar,Uttar Pradesh,300000,300000.0,263569.27,stalled,545,2024-10-11,2026-04-09,,PWD,irrigation,55.7,False
UT10357,Kanpur Nagar Constituency,Kanpur Nagar,Uttar Pradesh,500000,500000.0,376256.5,stalled,545,2024-08-14,2026-02-10,,PWD,road,46.3,False
AN09348,Guntur Constituency,Guntur,Andhra Pradesh,500000,500000.0,285346.37,stalled,270,2023-01-17,2023-10-14,,Jal Nigam,drinking water,34.3,False
KA09273,Bengaluru Urban Constituency,Bengaluru Urban,Karnataka,750000,375000.0,914896.9,ongoing,730,2023-01-04,2025-01-03,,Rural Dev Dept,road,61.1,False
RA09062,Jaipur Constituency,Jaipur,Rajasthan,1500000,1500000.0,1078125.78,stalled,545,2023-07-03,2024-12-29,,Zilla Parishad,community hall,92.7,False
UT09687,Kanpur Nagar Constituency,Kanpur Nagar,Uttar Pradesh,300000,0.0,0.0,recommended,270,2023-06-25,2024-03-21,,PWD,electricity,,False
RA09991,Jodhpur Constituency,Jodhpur,Rajasthan,2000000,2000000.0,1793819.75,stalled,730,2024-01-24,2026-01-23,,Zilla Parishad,electricity,54.7,False
AN09361,Guntur Constituency,Guntur,Andhra Pradesh,750000,0.0,0.0,recommended,365,2023-10-02,2024-10-01,,Rural Dev Dept,electricity,,False
AN10306,Guntur Constituency,Guntur,Andhra Pradesh,200000,0.0,325993.34,completed,270,2024-01-27,2024-10-23,2025-04-03,PWD,electricity,100.0,True
TA09110,Coimbatore Constituency,Coimbatore,Tamil Nadu,200000,0.0,0.0,recommended,180,2023-05-12,2023-11-08,,Zilla Parishad,sanitation,,False
UT09095,Varanasi Constituency,Varanasi,Uttar Pradesh,750000,0.0,924821.47,recommended,90,2023-10-14,2024-01-12,,Rural Dev Dept,road,,False
TA09715,Madurai Constituency,Madurai,Tamil Nadu,1000000,1000000.0,560079.85,completed,730,2024-07-12,2026-07-12,2026-08-23,Jal Nigam,school,100.0,False
WE10451,Howrah Constituency,Howrah,West Bengal,2000000,1000000.0,672369.14,completed,545,2023-06-07,2024-12-03,2024-12-09,Rural Dev Dept,sanitation,100.0,False
UT09989,Lucknow Constituency,Lucknow,Uttar Pradesh,750000,750000.0,553575.12,stalled,730,2023-08-24,2025-08-23,,Rural Dev Dept,electricity,46.8,False
BI09267,Patna Constituency,Patna,Bihar,1500000,750000.0,666121.61,completed,270,2024-07-11,2025-04-07,2025-05-21,PWD,community hall,100.0,False
AN09303,Guntur Constituency,Guntur,Andhra Pradesh,1500000,1500000.0,803913.62,stalled,545,2023-07-03,2024-12-29,,Rural Dev Dept,road,56.7,False
MA10383,Nagpur Constituency,Nagpur,Maharashtra,300000,300000.0,154738.9,stalled,90,2023-12-19,2024-03-18,,Jal Nigam,irrigation,70.1,False
UT09068,Lucknow Constituency,Lucknow,Uttar Pradesh,2000000,1000000.0,897638.89,completed,730,2024-10-06,2026-10-06,2027-04-19,Jal Nigam,community hall,100.0,False
UT09701,Lucknow Constituency,Lucknow,Uttar Pradesh,500000,500000.0,220304.88,ongoing,365,2024-01-14,2025-01-13,,Rural Dev Dept,electricity,39.2,False
TA09441,Coimbatore Constituency,Coimbatore,Tamil Nadu,500000,0.0,796622.12,recommended,365,2023-03-11,2024-03-10,,Rural Dev Dept,irrigation,,False
AN09052,Guntur Constituency,Guntur,Andhra Pradesh,300000,150000.0,75135.76,ongoing,90,2023-04-18,2023-07-17,,Rural Dev Dept,irrigation,83.1,False
WE09333,Kolkata Constituency,Kolkata,West Bengal,1000000,500000.0,231564.45,ongoing,180,2023-05-16,2023-11-12,,PWD,school,32.2,False
BI09769,Gaya Constituency,Gaya,Bihar,1000000,1000000.0,515303.86,completed,180,2023-06-18,2023-12-15,2023-12-28,Zilla Parishad,community hall,100.0,False
UT10089,Lucknow Constituency,Lucknow,Uttar Pradesh,500000,500000.0,428290.23,ongoing,545,2023-08-11,2025-02-06,,PWD,electricity,67.3,False
KA10499,Belagavi Constituency,Belagavi,Karnataka,2000000,2000000.0,833547.4,completed,365,2023-05-10,2024-05-09,2024-06-20,Zilla Parishad,drinking water,100.0,False
TA09193,Coimbatore Constituency,Coimbatore,Tamil Nadu,300000,0.0,393268.25,recommended,365,2023-04-24,2024-04-23,,Rural Dev Dept,school,,False
WE09242,Howrah Constituency,Howrah,West Bengal,200000,200000.0,144602.48,stalled,270,2023-09-14,2024-06-10,,Rural Dev Dept,road,30.1,False
TA10251,Chennai Constituency,Chennai,Tamil Nadu,300000,150000.0,97012.48,completed,730,2023-04-03,2025-04-02,2025-05-25,Jal Nigam,school,100.0,False
UT09593,Kanpur Nagar Constituency,Kanpur Nagar,Uttar Pradesh,500000,250000.0,240203.0,sanctioned,180,2023-06-06,2023-12-03,,PWD,drinking water,,False
KE10313,Ernakulam Constituency,Ernakulam,Kerala,750000,750000.0,1031061.53,ongoing,180,2024-09-10,2025-03-09,,PWD,irrigation,70.7,False
MA10056,Nagpur Constituency,Nagpur,Maharashtra,1000000,500000.0,228619.27,stalled,180,2024-05-21,2024-11-17,,Jal Nigam,irrigation,27.4,False
AN09984,Visakhapatnam Constituency,Visakhapatnam,Andhra Pradesh,1500000,0.0,0.0,recommended,730,2024-10-12,2026-10-12,,PWD,irrigation,,False
RA09336,Jodhpur Constituency,Jodhpur,Rajasthan,300000,300000.0,207159.63,completed,270,2023-01-25,2023-10-22,2023-12-31,Jal Nigam,school,100.0,False
AN09572,Visakhapatnam Constituency,Visakhapatnam,Andhra Pradesh,500000,500000.0,202181.19,ongoing,730,2024-08-02,2026-08-02,,Zilla Parishad,school,12.0,False
KA10026,Bengaluru Urban Constituency,Bengaluru Urban,Karnataka,200000,100000.0,70814.69,sanctioned,90,2024-07-27,2024-10-25,,Jal Nigam,school,,False
UT09079,Varanasi Constituency,Varanasi,Uttar Pradesh,750000,750000.0,998227.43,ongoing,270,2023-09-21,2024-06-17,,PWD,school,16.6,False
KE09473,Kozhikode Constituency,Kozhikode,Kerala,2000000,0.0,3095415.42,recommended,365,2024-08-02,2025-08-02,,Jal Nigam,community hall,,False
KA09935,Bengaluru Urban Constituency,Bengaluru Urban,Karnataka,500000,500000.0,283978.47,ongoing,545,2023-06-15,2024-12-11,,PWD,community hall,89.7,False
MA09341,Nagpur Constituency,Nagpur,Maharashtra,750000,0.0,0.0,recommended,365,2023-01-14,2024-01-14,,Zilla Parishad,school,,False
BI09922,Patna Constituency,Patna,Bihar,1500000,750000.0,324293.02,ongoing,90,2023-02-04,2023-05-05,,Zilla Parishad,road,31.2,False
WE10151,Howrah Constituency,Howrah,West Bengal,300000,150000.0,104545.23,completed,180,2023-01-04,2023-07-03,2023-10-19,Zilla Parishad,school,100.0,False
WE09667,Kolkata Constituency,Kolkata,West Bengal,750000,0.0,0.0,recommended,90,2024-03-29,2024-06-27,,PWD,community hall,,False
TA09889,Madurai Constituency,Madurai,Tamil Nadu,200000,200000.0,181770.99,completed,180,2024-10-24,2025-04-22,2025-06-18,Rural Dev Dept,drinking water,100.0,False
WE10187,Howrah Constituency,Howrah,West Bengal,1000000,1000000.0,630576.37,stalled,180,2024-03-27,2024-09-23,,Rural Dev Dept,electricity,19.7,False
MA10397,Nagpur Constituency,Nagpur,Maharashtra,500000,500000.0,207719.49,completed,365,2023-10-03,2024-10-02,2024-12-21,Zilla Parishad,irrigation,100.0,False
KA10070,Bengaluru Urban Constituency,Bengaluru Urban,Karnataka,500000,250000.0,147917.99,completed,730,2024-08-07,2026-08-07,2026-09-24,Rural Dev Dept,drinking water,100.0,False
KA09813,Belagavi Constituency,Belagavi,Karnataka,500000,0.0,747484.66,recommended,730,2023-07-27,2025-07-26,,Rural Dev Dept,sanitation,,False
UT09190,Lucknow Constituency,Lucknow,Uttar Pradesh,1500000,750000.0,355074.33,stalled,270,2023-11-05,2024-08-01,,PWD,electricity,33.6,False
BI10179,Muzaffarpur Constituency,Muzaffarpur,Bihar,300000,300000.0,515545.97,stalled,545,2024-03-21,2025-09-17,,Zilla Parishad,community hall,80.3,False
RA10488,Jaipur Constituency,Jaipur,Rajasthan,1500000,750000.0,576253.74,stalled,180,2023-04-04,2023-10-01,,Zilla Parishad,sanitation,35.3,False
WE10359,Howrah Constituency,Howrah,West Bengal,200000,0.0,257903.5,recommended,730,2023-08-24,2025-08-23,,Rural Dev Dept,road,,False
TA09892,Coimbatore Constituency,Coimbatore,Tamil Nadu,200000,0.0,0.0,recommended,365,2023-04-15,2024-04-14,,Rural Dev Dept,drinking water,,False
KE09692,Kozhikode Constituency,Kozhikode,Kerala,1500000,750000.0,397136.43,sanctioned,270,2024-08-17,2025-05-14,,Rural Dev Dept,school,,False
UT10459,Kanpur Nagar Constituency,Kanpur Nagar,Uttar Pradesh,500000,500000.0,287169.26,completed,730,2023-04-19,2025-04-18,2025-10-05,Rural Dev Dept,irrigation,100.0,False
BI09943,Patna Constituency,Patna,Bihar,2000000,1000000.0,696379.73,sanctioned,730,2024-08-27,2026-08-27,,Jal Nigam,community hall,,False
UT09315,Varanasi Constituency,Varanasi,Uttar Pradesh,750000,0.0,516371.57,completed,180,2023-05-09,2023-11-05,2024-05-12,Zilla Parishad,electricity,100.0,True
UT10297,Lucknow Constituency,Lucknow,Uttar Pradesh,300000,300000.0,248620.66,ongoing,545,2023-02-26,2024-08-24,,PWD,community hall,37.8,False
WE09977,Howrah Constituency,Howrah,West Bengal,500000,0.0,0.0,recommended,180,2023-10-01,2024-03-29,,Jal Nigam,school,,False
UT09619,Kanpur Nagar Constituency,Kanpur Nagar,Uttar Pradesh,200000,100000.0,87760.35,stalled,545,2023-02-11,2024-08-09,,Zilla Parishad,road,94.7,False
KA10304,Belagavi Constituency,Belagavi,Karnataka,2000000,2000000.0,1841208.09,stalled,365,2024-01-16,2025-01-15,,Jal Nigam,drinking water,70.3,False
AN09976,Krishna Constituency,Krishna,Andhra Pradesh,2000000,2000000.0,1814000.99,completed,545,2024-10-31,2026-04-29,2026-09-07,Rural Dev Dept,irrigation,100.0,False
TA09141,Chennai Constituency,Chennai,Tamil Nadu,2000000,0.0,0.0,recommended,545,2023-03-03,2024-08-29,,Rural Dev Dept,irrigation,,False
WE09320,Kolkata Constituency,Kolkata,West Bengal,1000000,0.0,1295049.72,recommended,730,2023-02-05,2025-02-04,,Rural Dev Dept,electricity,,False
TA09690,Coimbatore Constituency,Coimbatore,Tamil Nadu,1500000,0.0,0.0,recommended,545,2023-05-17,2024-11-12,,Rural Dev Dept,community hall,,False
KA09798,Belagavi Constituency,Belagavi,Karnataka,1000000,1000000.0,1328003.33,ongoing,90,2024-11-02,2025-01-31,,PWD,community hall,43.4,False
KE09861,Kozhikode Constituency,Kozhikode,Kerala,200000,200000.0,108693.37,sanctioned,365,2024-01-10,2025-01-09,,Zilla Parishad,sanitation,,False
RA09877,Jodhpur Constituency,Jodhpur,Rajasthan,1000000,0.0,0.0,recommended,365,2024-05-20,2025-05-20,,PWD,electricity,,False
RA09120,Jaipur Constituency,Jaipur,Rajasthan,500000,0.0,0.0,recommended,180,2024-04-15,2024-10-12,,PWD,sanitation,,False
RA10450,Jodhpur Constituency,Jodhpur,Rajasthan,750000,0.0,0.0,recommended,90,2023-11-07,2024-02-05,,PWD,drinking water,,False
TA10072,Chennai Constituency,Chennai,Tamil Nadu,2000000,1000000.0,745437.78,sanctioned,545,2023-12-24,2025-06-21,,Zilla Parishad,irrigation,,False
KE09025,Ernakulam Constituency,Ernakulam,Kerala,2000000,0.0,0.0,recommended,730,2023-09-06,2025-09-05,,Rural Dev Dept,electricity,,False
TA09579,Chennai Constituency,Chennai,Tamil Nadu,1000000,500000.0,429398.07,completed,730,2024-10-28,2026-10-28,2027-04-20,Jal Nigam,irrigation,100.0,False
RA09491,Jaipur Constituency,Jaipur,Rajasthan,1500000,750000.0,310509.91,stalled,270,2023-02-11,2023-11-08,,Jal Nigam,community hall,46.6,False
BI09416,Muzaffarpur Constituency,Muzaffarpur,Bihar,300000,150000.0,115470.78,ongoing,365,2024-11-27,2025-11-27,,Jal Nigam,electricity,52.1,False
KA09610,Belagavi Constituency,Belagavi,Karnataka,300000,0.0,0.0,recommended,180,2024-03-24,2024-09-20,,Rural Dev Dept,irrigation,,False
TA09972,Chennai Constituency,Chennai,Tamil Nadu,200000,0.0,0.0,recommended,90,2023-12-22,2024-03-21,,Zilla Parishad,drinking water,,False
BI09236,Muzaffarpur Constituency,Muzaffarpur,Bihar,1000000,1000000.0,715506.99,sanctioned,730,2024-05-16,2026-05-16,,Rural Dev Dept,electricity,,False
UT09180,Varanasi Constituency,Varanasi,Uttar Pradesh,300000,150000.0,116600.84,sanctioned,730,2023-12-17,2025-12-16,,Rural Dev Dept,drinking water,,False
UT10190,Varanasi Constituency,Varanasi,Uttar Pradesh,1000000,1000000.0,428273.99,completed,270,2023-09-01,2024-05-28,2024-05-09,Rural Dev Dept,road,100.0,False
KA09988,Mysuru Constituency,Mysuru,Karnataka,1500000,0.0,0.0,recommended,730,2024-03-27,2026-03-27,,Jal Nigam,road,,False
BI09644,Gaya Constituency,Gaya,Bihar,750000,0.0,0.0,recommended,90,2023-06-04,2023-09-02,,Rural Dev Dept,road,,False
MA10341,Nagpur Constituency,Nagpur,Maharashtra,200000,100000.0,48898.61,completed,545,2024-07-24,2026-01-20,2026-03-14,Zilla Parishad,road,100.0,False
KA09086,Belagavi Constituency,Belagavi,Karnataka,750000,0.0,0.0,recommended,270,2023-06-05,2024-03-01,,Jal Nigam,road,,False
KE09312,Kozhikode Constituency,Kozhikode,Kerala,1000000,500000.0,492370.33,ongoing,270,2023-09-19,2024-06-15,,Zilla Parishad,drinking water,14.6,False
KE10071,Kozhikode Constituency,Kozhikode,Kerala,2000000,0.0,0.0,recommended,545,2023-02-13,2024-08-11,,Jal Nigam,drinking water,,False
KE09608,Ernakulam Constituency,Ernakulam,Kerala,1000000,0.0,0.0,recommended,365,2024-06-22,2025-06-22,,Jal Nigam,sanitation,,False
TA10408,Madurai Constituency,Madurai,Tamil Nadu,2000000,2000000.0,1211288.44,completed,180,2023-05-18,2023-11-14,2024-02-04,Zilla Parishad,irrigation,100.0,False
KA09928,Belagavi Constituency,Belagavi,Karnataka,200000,200000.0,326990.93,ongoing,545,2023-12-28,2025-06-25,,Jal Nigam,drinking water,74.4,False
KE09096,Ernakulam Constituency,Ernakulam,Kerala,500000,500000.0,495174.27,sanctioned,270,2024-05-07,2025-02-01,,PWD,drinking water,,False
UT09081,Kanpur Nagar Constituency,Kanpur Nagar,Uttar Pradesh,1000000,0.0,1583744.85,completed,90,2024-02-29,2024-05-29,2024-07-17,Jal Nigam,irrigation,100.0,True
BI09257,Gaya Constituency,Gaya,Bihar,1500000,1500000.0,737070.99,completed,730,2023-11-04,2025-11-03,2026-01-12,Rural Dev Dept,road,100.0,False
RA09265,Jaipur Constituency,Jaipur,Rajasthan,300000,0.0,0.0,recommended,90,2023-06-07,2023-09-05,,Zilla Parishad,road,,False
UT10249,Kanpur Nagar Constituency,Kanpur Nagar,Uttar Pradesh,1000000,1000000.0,663546.09,ongoing,730,2023-02-23,2025-02-22,,PWD,community hall,80.2,False
UT09253,Lucknow Constituency,Lucknow,Uttar Pradesh,750000,750000.0,560319.96,ongoing,180,2023-07-27,2024-01-23,,Jal Nigam,drinking water,71.2,False
AN09258,Guntur Constituency,Guntur,Andhra Pradesh,1000000,500000.0,1391693.11,stalled,545,2023-09-08,2025-03-06,,Rural Dev Dept,school,58.6,False
KA09955,Mysuru Constituency,Mysuru,Karnataka,500000,500000.0,337168.94,ongoing,365,2023-10-20,2024-10-19,,PWD,community hall,24.7,False
KA09598,Belagavi Constituency,Belagavi,Karnataka,1500000,1500000.0,843814.98,ongoing,545,2024-03-16,2025-09-12,,PWD,drinking water,52.9,False
MA09221,Nagpur Constituency,Nagpur,Maharashtra,750000,0.0,0.0,recommended,365,2023-03-22,2024-03-21,,Rural Dev Dept,school,,False
KA09178,Mysuru Constituency,Mysuru,Karnataka,750000,375000.0,259787.93,ongoing,270,2024-09-04,2025-06-01,,Rural Dev Dept,community hall,80.9,False
BI10195,Patna Constituency,Patna,Bihar,750000,750000.0,652797.94,ongoing,730,2024-02-02,2026-02-01,,PWD,community hall,59.0,False
KE09788,Kozhikode Constituency,Kozhikode,Kerala,1500000,0.0,0.0,recommended,90,2024-01-18,2024-04-17,,Zilla Parishad,electricity,,False
RA09905,Jodhpur Constituency,Jodhpur,Rajasthan,1000000,500000.0,205131.14,completed,545,2024-11-05,2026-05-04,2026-10-15,Jal Nigam,road,100.0,False
KA10082,Belagavi Constituency,Belagavi,Karnataka,1000000,500000.0,422684.56,ongoing,90,2023-01-29,2023-04-29,,Zilla Parishad,community hall,11.6,False
KA10078,Belagavi Constituency,Belagavi,Karnataka,2000000,2000000.0,1278161.18,completed,180,2023-12-01,2024-05-29,2024-06-20,Zilla Parishad,drinking water,100.0,False
KA10054,Mysuru Constituency,Mysuru,Karnataka,2000000,1000000.0,869985.23,ongoing,90,2023-01-03,2023-04-03,,Zilla Parishad,sanitation,35.9,False
RA09146,Jodhpur Constituency,Jodhpur,Rajasthan,500000,0.0,770036.94,recommended,180,2023-05-23,2023-11-19,,Rural Dev Dept,community hall,,False
AN10315,Guntur Constituency,Guntur,Andhra Pradesh,500000,250000.0,112052.2,ongoing,365,2023-04-29,2024-04-28,,Rural Dev Dept,electricity,29.5,False
BI09575,Gaya Constituency,Gaya,Bihar,500000,500000.0,271621.92,sanctioned,90,2023-06-10,2023-09-08,,Zilla Parishad,community hall,,False
BI09218,Patna Constituency,Patna,Bihar,750000,750000.0,530084.51,sanctioned,270,2024-08-02,2025-04-29,,PWD,drinking water,,False
MA09782,Pune Constituency,Pune,Maharashtra,500000,500000.0,362202.96,sanctioned,180,2023-03-08,2023-09-04,,Rural Dev Dept,drinking water,,False
UT09751,Varanasi Constituency,Varanasi,Uttar Pradesh,500000,250000.0,188858.18,ongoing,730,2023-12-03,2025-12-02,,Zilla Parishad,community hall,68.7,False
UT09181,Lucknow Constituency,Lucknow,Uttar Pradesh,300000,150000.0,96487.66,stalled,365,2023-06-09,2024-06-08,,Jal Nigam,drinking water,56.3,False
KA09433,Belagavi Constituency,Belagavi,Karnataka,2000000,1000000.0,3566335.73,stalled,730,2023-02-08,2025-02-07,,Zilla Parishad,electricity,60.8,False
BI10332,Muzaffarpur Constituency,Muzaffarpur,Bihar,300000,150000.0,432384.52,sanctioned,180,2024-04-04,2024-10-01,,Rural Dev Dept,school,,False
KE10044,Kozhikode Constituency,Kozhikode,Kerala,2000000,2000000.0,824004.2,sanctioned,270,2024-01-05,2024-10-01,,PWD,school,,False
TA09749,Chennai Constituency,Chennai,Tamil Nadu,1500000,0.0,2010304.92,recommended,180,2024-04-04,2024-10-01,,Jal Nigam,drinking water,,False
BI09151,Muzaffarpur Constituency,Muzaffarpur,Bihar,500000,250000.0,186466.73,sanctioned,270,2023-08-05,2024-05-01,,Rural Dev Dept,electricity,,False
KA09137,Bengaluru Urban Constituency,Bengaluru Urban,Karnataka,500000,0.0,0.0,recommended,730,2023-12-19,2025-12-18,,Jal Nigam,irrigation,,False
BI09374,Patna Constituency,Patna,Bihar,2000000,1000000.0,976969.21,ongoing,180,2024-03-08,2024-09-04,,Zilla Parishad,road,68.2,False
RA09699,Jaipur Constituency,Jaipur,Rajasthan,1000000,1000000.0,553853.26,stalled,730,2023-07-26,2025-07-25,,PWD,community hall,13.7,False
KA09725,Bengaluru Urban Constituency,Bengaluru Urban,Karnataka,500000,250000.0,234542.19,ongoing,730,2023-07-06,2025-07-05,,PWD,electricity,33.1,False
BI09197,Gaya Constituency,Gaya,Bihar,200000,0.0,0.0,recommended,180,2024-10-19,2025-04-17,,PWD,school,,False
UT09584,Kanpur Nagar Constituency,Kanpur Nagar,Uttar Pradesh,500000,0.0,0.0,recommended,90,2023-01-07,2023-04-07,,Zilla Parishad,school,,False
RA09144,Jodhpur Constituency,Jodhpur,Rajasthan,500000,500000.0,424414.89,ongoing,270,2024-02-26,2024-11-22,,Jal Nigam,sanitation,40.6,False
KE10241,Ernakulam Constituency,Ernakulam,Kerala,500000,500000.0,249792.7,sanctioned,270,2023-09-29,2024-06-25,,PWD,irrigation,,False
WE09963,Howrah Constituency,Howrah,West Bengal,500000,0.0,490749.76,sanctioned,180,2023-02-27,2023-08-26,,Zilla Parishad,community hall,,True
KA10349,Mysuru Constituency,Mysuru,Karnataka,2000000,2000000.0,1193799.27,sanctioned,730,2023-01-16,2025-01-15,,Jal Nigam,school,,False
TA10421,Coimbatore Constituency,Coimbatore,Tamil Nadu,500000,0.0,0.0,recommended,180,2024-07-02,2024-12-29,,Rural Dev Dept,school,,False
RA09792,Jaipur Constituency,Jaipur,Rajasthan,1000000,1000000.0,710418.43,stalled,270,2024-02-28,2024-11-24,,PWD,electricity,44.4,False
RA09138,Jaipur Constituency,Jaipur,Rajasthan,1000000,0.0,0.0,recommended,730,2023-11-11,2025-11-10,,Jal Nigam,school,,False
BI10019,Muzaffarpur Constituency,Muzaffarpur,Bihar,2000000,1000000.0,434969.53,ongoing,180,2023-12-09,2024-06-06,,PWD,road,31.2,False
AN10098,Visakhapatnam Constituency,Visakhapatnam,Andhra Pradesh,750000,750000.0,662138.71,sanctioned,730,2023-11-02,2025-11-01,,Zilla Parishad,school,,False
RA09911,Jodhpur Constituency,Jodhpur,Rajasthan,750000,750000.0,387783.69,stalled,90,2023-11-21,2024-02-19,,Jal Nigam,irrigation,81.8,False
AN09275,Visakhapatnam Constituency,Visakhapatnam,Andhra Pradesh,500000,500000.0,243591.56,ongoing,270,2023-06-18,2024-03-14,,PWD,electricity,85.7,False
TA09003,Chennai Constituency,Chennai,Tamil Nadu,1500000,1500000.0,2284258.25,stalled,90,2023-12-15,2024-03-14,,Rural Dev Dept,school,34.4,False
BI09909,Gaya Constituency,Gaya,Bihar,1500000,1500000.0,644777.95,stalled,180,2023-01-26,2023-07-25,,Rural Dev Dept,community hall,34.3,False
AN09354,Visakhapatnam Constituency,Visakhapatnam,Andhra Pradesh,2000000,2000000.0,2604974.77,ongoing,270,2024-07-29,2025-04-25,,Jal Nigam,road,62.5,False
KA09635,Mysuru Constituency,Mysuru,Karnataka,1000000,1000000.0,578381.15,completed,180,2024-11-23,2025-05-22,2025-04-23,PWD,community hall,100.0,False
KA10232,Mysuru Constituency,Mysuru,Karnataka,750000,750000.0,705527.95,stalled,270,2023-12-19,2024-09-14,,Rural Dev Dept,irrigation,48.1,False
BI09662,Muzaffarpur Constituency,Muzaffarpur,Bihar,1000000,500000.0,468063.51,stalled,730,2023-07-18,2025-07-17,,PWD,school,29.3,False
RA09567,Jodhpur Constituency,Jodhpur,Rajasthan,2000000,2000000.0,1284891.93,stalled,270,2023-03-13,2023-12-08,,Zilla Parishad,sanitation,30.6,False
BI09953,Muzaffarpur Constituency,Muzaffarpur,Bihar,1500000,0.0,764656.57,ongoing,180,2023-02-25,2023-08-24,,PWD,sanitation,56.6,True
UT09903,Varanasi Constituency,Varanasi,Uttar Pradesh,750000,750000.0,354550.52,completed,365,2023-05-15,2024-05-14,2024-04-23,Zilla Parishad,sanitation,100.0,False
RA10325,Jaipur Constituency,Jaipur,Rajasthan,200000,200000.0,97228.5,ongoing,365,2024-03-08,2025-03-08,,PWD,irrigation,50.1,False
AN09383,Visakhapatnam Constituency,Visakhapatnam,Andhra Pradesh,1000000,0.0,0.0,recommended,730,2023-03-05,2025-03-04,,Rural Dev Dept,irrigation,,False
WE09917,Kolkata Constituency,Kolkata,West Bengal,1000000,1000000.0,622543.2,ongoing,730,2024-03-01,2026-03-01,,PWD,electricity,48.6,False
BI09596,Muzaffarpur Constituency,Muzaffarpur,Bihar,200000,200000.0,91370.97,ongoing,180,2023-08-20,2024-02-16,,PWD,road,11.1,False
AN09587,Guntur Constituency,Guntur,Andhra Pradesh,500000,0.0,0.0,recommended,270,2024-09-18,2025-06-15,,PWD,community hall,,False
TA09429,Coimbatore Constituency,Coimbatore,Tamil Nadu,1500000,1500000.0,638315.71,sanctioned,365,2024-11-10,2025-11-10,,Zilla Parishad,community hall,,False
TA09564,Chennai Constituency,Chennai,Tamil Nadu,1500000,0.0,0.0,recommended,365,2024-11-06,2025-11-06,,Rural Dev Dept,drinking water,,False
KE10021,Ernakulam Constituency,Ernakulam,Kerala,500000,500000.0,229295.01,completed,180,2023-12-19,2024-06-16,2024-09-04,Rural Dev Dept,road,100.0,False
KA10095,Mysuru Constituency,Mysuru,Karnataka,2000000,1000000.0,634745.03,completed,545,2024-09-04,2026-03-03,2026-02-18,Rural Dev Dept,irrigation,100.0,False
KA09440,Belagavi Constituency,Belagavi,Karnataka,750000,750000.0,360493.87,sanctioned,730,2023-08-03,2025-08-02,,Rural Dev Dept,community hall,,False
UT09029,Lucknow Constituency,Lucknow,Uttar Pradesh,500000,500000.0,256609.15,stalled,270,2023-05-18,2024-02-12,,Zilla Parishad,irrigation,73.5,False
TA09126,Coimbatore Constituency,Coimbatore,Tamil Nadu,1500000,1500000.0,2115836.86,stalled,365,2024-03-25,2025-03-25,,Jal Nigam,irrigation,24.6,False
UT09196,Lucknow Constituency,Lucknow,Uttar Pradesh,2000000,0.0,3028473.79,recommended,270,2024-08-27,2025-05-24,,Jal Nigam,school,,False
UT09398,Lucknow Constituency,Lucknow,Uttar Pradesh,500000,500000.0,428464.06,completed,180,2024-04-24,2024-10-21,2025-03-29,Jal Nigam,school,100.0,False
KE10305,Ernakulam Constituency,Ernakulam,Kerala,500000,0.0,779168.1,recommended,365,2023-03-16,2024-03-15,,Jal Nigam,community hall,,False
KA10139,Belagavi Constituency,Belagavi,Karnataka,2000000,0.0,0.0,recommended,545,2023-04-16,2024-10-12,,Rural Dev Dept,irrigation,,False
RA09322,Jodhpur Constituency,Jodhpur,Rajasthan,1500000,1500000.0,1177432.56,ongoing,730,2024-03-10,2026-03-10,,Zilla Parishad,electricity,71.3,False
BI10260,Gaya Constituency,Gaya,Bihar,1000000,0.0,0.0,recommended,180,2023-07-13,2024-01-09,,Rural Dev Dept,electricity,,False
AN09774,Guntur Constituency,Guntur,Andhra Pradesh,500000,500000.0,324917.18,ongoing,545,2023-04-18,2024-10-14,,Jal Nigam,drinking water,39.6,False
BI09124,Muzaffarpur Constituency,Muzaffarpur,Bihar,750000,375000.0,332484.7,stalled,90,2024-01-24,2024-04-23,,Rural Dev Dept,drinking water,33.5,False
BI10163,Muzaffarpur Constituency,Muzaffarpur,Bihar,500000,500000.0,223496.25,stalled,90,2023-04-06,2023-07-05,,Jal Nigam,community hall,39.5,False
AN10010,Visakhapatnam Constituency,Visakhapatnam,Andhra Pradesh,300000,150000.0,125097.66,stalled,270,2023-09-05,2024-06-01,,Jal Nigam,drinking water,68.1,False
AN09762,Visakhapatnam Constituency,Visakhapatnam,Andhra Pradesh,1500000,1500000.0,921242.14,completed,545,2023-08-09,2025-02-04,2025-06-03,PWD,school,100.0,False
BI10140,Patna Constituency,Patna,Bihar,300000,0.0,217086.76,ongoing,180,2024-03-15,2024-09-11,,Rural Dev Dept,drinking water,15.3,True
WE10471,Kolkata Constituency,Kolkata,West Bengal,1000000,0.0,0.0,recommended,545,2023-03-15,2024-09-10,,Jal Nigam,road,,False
TA09268,Coimbatore Constituency,Coimbatore,Tamil Nadu,300000,150000.0,108517.48,ongoing,270,2023-01-31,2023-10-28,,PWD,road,30.1,False
RA09474,Jodhpur Constituency,Jodhpur,Rajasthan,750000,375000.0,326955.37,sanctioned,270,2024-08-28,2025-05-25,,Jal Nigam,school,,False
UT09210,Kanpur Nagar Constituency,Kanpur Nagar,Uttar Pradesh,750000,0.0,0.0,recommended,730,2023-08-01,2025-07-31,,Zilla Parishad,irrigation,,True
RA09065,Jaipur Constituency,Jaipur,Rajasthan,1000000,0.0,0.0,recommended,180,2023-08-07,2024-02-03,,PWD,drinking water,,False
UT09448,Kanpur Nagar Constituency,Kanpur Nagar,Uttar Pradesh,200000,0.0,0.0,recommended,180,2024-10-08,2025-04-06,,Jal Nigam,drinking water,,False
RA09919,Jodhpur Constituency,Jodhpur,Rajasthan,1000000,500000.0,399416.19,sanctioned,270,2024-06-24,2025-03-21,,Jal Nigam,school,,False
UT09806,Lucknow Constituency,Lucknow,Uttar Pradesh,1500000,750000.0,695092.49,completed,90,2023-03-02,2023-05-31,2023-06-03,Rural Dev Dept,electricity,100.0,False
KE10324,Ernakulam Constituency,Ernakulam,Kerala,2000000,2000000.0,1632192.18,stalled,270,2024-06-10,2025-03-07,,Rural Dev Dept,road,51.2,False
KA09558,Bengaluru Urban Constituency,Bengaluru Urban,Karnataka,300000,0.0,0.0,recommended,545,2023-02-24,2024-08-22,,PWD,sanitation,,False
KE10271,Kozhikode Constituency,Kozhikode,Kerala,750000,750000.0,509868.77,ongoing,90,2023-07-11,2023-10-09,,Rural Dev Dept,school,48.2,False
TA09334,Coimbatore Constituency,Coimbatore,Tamil Nadu,300000,300000.0,168103.93,completed,365,2023-01-25,2024-01-25,2023-12-26,PWD,electricity,100.0,False
BI09497,Patna Constituency,Patna,Bihar,1000000,1000000.0,430518.86,sanctioned,180,2024-04-24,2024-10-21,,Jal Nigam,road,,False
RA10074,Jodhpur Constituency,Jodhpur,Rajasthan,500000,0.0,0.0,recommended,90,2023-01-25,2023-04-25,,Rural Dev Dept,sanitation,,False
AN09214,Visakhapatnam Constituency,Visakhapatnam,Andhra Pradesh,500000,500000.0,449242.61,ongoing,365,2023-04-11,2024-04-10,,Rural Dev Dept,irrigation,28.6,False
MA10015,Pune Constituency,Pune,Maharashtra,1000000,0.0,0.0,recommended,365,2024-07-08,2025-07-08,,Jal Nigam,sanitation,,False
AN09739,Visakhapatnam Constituency,Visakhapatnam,Andhra Pradesh,300000,0.0,0.0,recommended,545,2023-07-29,2025-01-24,,Rural Dev Dept,road,,False
KE09522,Ernakulam Constituency,Ernakulam,Kerala,1500000,750000.0,694217.96,ongoing,365,2023-11-27,2024-11-26,,Zilla Parishad,drinking water,31.8,False
KA09042,Belagavi Constituency,Belagavi,Karnataka,2000000,2000000.0,3131226.03,stalled,365,2024-10-07,2025-10-07,,Rural Dev Dept,electricity,28.3,False
TA10246,Chennai Constituency,Chennai,Tamil Nadu,1500000,1500000.0,731951.47,sanctioned,180,2024-10-25,2025-04-23,,Zilla Parishad,drinking water,,False
BI10022,Muzaffarpur Constituency,Muzaffarpur,Bihar,300000,150000.0,60491.66,completed,730,2024-06-20,2026-06-20,2026-07-05,Jal Nigam,drinking water,100.0,False
WE09191,Kolkata Constituency,Kolkata,West Bengal,2000000,2000000.0,1475811.6,sanctioned,270,2024-04-06,2025-01-01,,PWD,community hall,,False
AN09796,Krishna Constituency,Krishna,Andhra Pradesh,1000000,1000000.0,1226930.92,ongoing,365,2023-02-21,2024-02-21,,PWD,community hall,87.9,False
WE10255,Howrah Constituency,Howrah,West Bengal,1000000,0.0,0.0,recommended,730,2023-02-13,2025-02-12,,PWD,road,,False
AN09595,Krishna Constituency,Krishna,Andhra Pradesh,2000000,0.0,910267.56,stalled,365,2023-04-20,2024-04-19,,Zilla Parishad,irrigation,66.7,True
RA09231,Jodhpur Constituency,Jodhpur,Rajasthan,1500000,1500000.0,1312974.12,stalled,365,2023-02-06,2024-02-06,,Rural Dev Dept,road,32.5,False
BI09164,Gaya Constituency,Gaya,Bihar,750000,0.0,0.0,recommended,270,2024-07-29,2025-04-25,,Zilla Parishad,electricity,,False
KA09307,Belagavi Constituency,Belagavi,Karnataka,750000,0.0,570168.08,sanctioned,365,2023-01-30,2024-01-30,,Zilla Parishad,drinking water,,True
TA09551,Madurai Constituency,Madurai,Tamil Nadu,500000,0.0,0.0,recommended,545,2024-08-06,2026-02-02,,PWD,electricity,,False
MA09906,Pune Constituency,Pune,Maharashtra,750000,750000.0,721390.02,sanctioned,365,2024-01-30,2025-01-29,,PWD,road,,False
KA09013,Bengaluru Urban Constituency,Bengaluru Urban,Karnataka,1500000,750000.0,321684.36,sanctioned,730,2024-07-11,2026-07-11,,Zilla Parishad,electricity,,False
TA09004,Coimbatore Constituency,Coimbatore,Tamil Nadu,750000,0.0,0.0,recommended,365,2024-08-22,2025-08-22,,Rural Dev Dept,electricity,,False
WE10273,Howrah Constituency,Howrah,West Bengal,1500000,0.0,2599451.01,recommended,90,2024-09-14,2024-12-13,,Zilla Parishad,sanitation,,False
KA09742,Bengaluru Urban Constituency,Bengaluru Urban,Karnataka,1500000,1500000.0,2038001.05,completed,90,2024-03-14,2024-06-12,2024-08-14,PWD,irrigation,100.0,False
BI09150,Gaya Constituency,Gaya,Bihar,2000000,2000000.0,1674008.3,stalled,365,2023-04-28,2024-04-27,,Zilla Parishad,community hall,33.0,False
AN09396,Visakhapatnam Constituency,Visakhapatnam,Andhra Pradesh,1000000,500000.0,437818.1,ongoing,365,2024-11-28,2025-11-28,,Rural Dev Dept,community hall,48.2,False
UT09143,Kanpur Nagar Constituency,Kanpur Nagar,Uttar Pradesh,1500000,1500000.0,2237688.12,completed,730,2024-03-30,2026-03-30,2026-07-14,Jal Nigam,community hall,100.0,False
BI09660,Gaya Constituency,Gaya,Bihar,1500000,1500000.0,1098811.57,sanctioned,730,2023-06-26,2025-06-25,,Zilla Parishad,community hall,,False
TA09142,Chennai Constituency,Chennai,Tamil Nadu,750000,375000.0,351700.53,ongoing,180,2023-05-31,2023-11-27,,Zilla Parishad,irrigation,11.1,False
UT09269,Kanpur Nagar Constituency,Kanpur Nagar,Uttar Pradesh,1000000,500000.0,1227436.68,stalled,180,2023-10-21,2024-04-18,,Jal Nigam,electricity,84.3,False
KA09088,Belagavi Constituency,Belagavi,Karnataka,750000,750000.0,576998.68,stalled,730,2023-12-09,2025-12-08,,Rural Dev Dept,electricity,13.6,False
BI10055,Patna Constituency,Patna,Bihar,750000,750000.0,659106.03,completed,180,2024-01-25,2024-07-23,2024-06-30,PWD,irrigation,100.0,False
AN10436,Guntur Constituency,Guntur,Andhra Pradesh,500000,0.0,797374.17,stalled,270,2023-01-28,2023-10-25,,Rural Dev Dept,sanitation,82.2,True
AN09132,Guntur Constituency,Guntur,Andhra Pradesh,200000,0.0,0.0,recommended,90,2024-08-12,2024-11-10,,Rural Dev Dept,road,,False
TA09580,Madurai Constituency,Madurai,Tamil Nadu,500000,500000.0,231521.1,sanctioned,365,2023-07-08,2024-07-07,,Zilla Parishad,electricity,,False
AN09838,Guntur Constituency,Guntur,Andhra Pradesh,750000,375000.0,265604.42,ongoing,90,2023-10-11,2024-01-09,,Zilla Parishad,road,54.7,False
KA10331,Belagavi Constituency,Belagavi,Karnataka,1000000,500000.0,484241.22,stalled,270,2024-07-29,2025-04-25,,Zilla Parishad,sanitation,52.9,False
RA09373,Jaipur Constituency,Jaipur,Rajasthan,1000000,0.0,0.0,recommended,180,2024-06-23,2024-12-20,,Zilla Parishad,drinking water,,False
BI10277,Gaya Constituency,Gaya,Bihar,750000,0.0,0.0,recommended,270,2023-08-10,2024-05-06,,Zilla Parishad,electricity,,False
BI09031,Gaya Constituency,Gaya,Bihar,1000000,500000.0,345369.44,stalled,180,2023-04-19,2023-10-16,,PWD,community hall,84.3,False
MA10049,Pune Constituency,Pune,Maharashtra,1000000,1000000.0,740937.82,stalled,270,2023-02-17,2023-11-14,,Zilla Parishad,school,41.3,False
KA10447,Mysuru Constituency,Mysuru,Karnataka,2000000,1000000.0,424064.17,completed,365,2023-08-22,2024-08-21,2024-12-02,PWD,sanitation,100.0,False
KA10465,Bengaluru Urban Constituency,Bengaluru Urban,Karnataka,200000,100000.0,61180.87,completed,90,2023-04-08,2023-07-07,2023-07-07,Zilla Parishad,school,100.0,False
RA10156,Jodhpur Constituency,Jodhpur,Rajasthan,2000000,1000000.0,3231619.3,sanctioned,730,2023-12-01,2025-11-30,,Rural Dev Dept,electricity,,False
BI09001,Patna Constituency,Patna,Bihar,500000,500000.0,468442.14,stalled,730,2023-04-16,2025-04-15,,Jal Nigam,drinking water,62.8,False
UT09328,Kanpur Nagar Constituency,Kanpur Nagar,Uttar Pradesh,500000,500000.0,235237.47,stalled,730,2023-08-10,2025-08-09,,Zilla Parishad,school,78.4,False
BI09706,Patna Constituency,Patna,Bihar,500000,500000.0,465699.47,ongoing,730,2024-11-10,2026-11-10,,Rural Dev Dept,road,29.0,False
BI10458,Gaya Constituency,Gaya,Bihar,2000000,2000000.0,1309661.46,stalled,90,2023-01-04,2023-04-04,,PWD,electricity,36.3,False
AN10410,Visakhapatnam Constituency,Visakhapatnam,Andhra Pradesh,1500000,1500000.0,2290285.95,ongoing,730,2024-04-06,2026-04-06,,Rural Dev Dept,sanitation,31.7,False
WE09723,Kolkata Constituency,Kolkata,West Bengal,750000,750000.0,1007372.4,completed,730,2023-08-13,2025-08-12,2026-01-18,Jal Nigam,road,100.0,False
MA10128,Nagpur Constituency,Nagpur,Maharashtra,200000,200000.0,163740.4,completed,270,2024-09-28,2025-06-25,2025-12-29,Jal Nigam,electricity,100.0,False
UT10134,Kanpur Nagar Constituency,Kanpur Nagar,Uttar Pradesh,2000000,1000000.0,870664.76,stalled,730,2024-08-15,2026-08-15,,Rural Dev Dept,road,90.5,False
UT10058,Kanpur Nagar Constituency,Kanpur Nagar,Uttar Pradesh,300000,300000.0,198377.08,ongoing,545,2023-04-22,2024-10-18,,PWD,electricity,32.4,False
BI09832,Patna Constituency,Patna,Bihar,1500000,1500000.0,991044.7,ongoing,730,2024-04-09,2026-04-09,,PWD,sanitation,40.6,False
WE09241,Kolkata Constituency,Kolkata,West Bengal,200000,200000.0,171629.03,completed,180,2023-01-19,2023-07-18,2023-08-22,Rural Dev Dept,sanitation,100.0,False
BI09697,Gaya Constituency,Gaya,Bihar,200000,0.0,128073.33,sanctioned,270,2023-06-27,2024-03-23,,Zilla Parishad,road,,True
RA10466,Jodhpur Constituency,Jodhpur,Rajasthan,200000,200000.0,147413.84,ongoing,270,2024-11-05,2025-08-02,,Jal Nigam,sanitation,94.9,False
AN09511,Krishna Constituency,Krishna,Andhra Pradesh,300000,300000.0,124044.89,completed,270,2023-08-17,2024-05-13,2024-06-17,Zilla Parishad,community hall,100.0,False
TA09184,Madurai Constituency,Madurai,Tamil Nadu,500000,500000.0,670835.95,ongoing,365,2023-03-25,2024-03-24,,PWD,irrigation,76.4,False
TA09881,Coimbatore Constituency,Coimbatore,Tamil Nadu,750000,750000.0,361401.02,ongoing,545,2023-08-25,2025-02-20,,Rural Dev Dept,community hall,74.3,False
UT09494,Kanpur Nagar Constituency,Kanpur Nagar,Uttar Pradesh,750000,375000.0,196156.45,ongoing,730,2023-11-05,2025-11-04,,PWD,sanitation,59.6,False
KE09576,Ernakulam Constituency,Ernakulam,Kerala,500000,0.0,0.0,recommended,90,2024-04-16,2024-07-15,,Rural Dev Dept,drinking water,,True
BI09179,Muzaffarpur Constituency,Muzaffarpur,Bihar,200000,200000.0,167412.89,completed,90,2024-04-07,2024-07-06,2024-10-25,Rural Dev Dept,irrigation,100.0,False
WE09327,Howrah Constituency,Howrah,West Bengal,1500000,1500000.0,843180.06,sanctioned,365,2024-11-01,2025-11-01,,Zilla Parishad,drinking water,,False
TA09476,Coimbatore Constituency,Coimbatore,Tamil Nadu,200000,200000.0,187588.38,sanctioned,365,2024-04-14,2025-04-14,,Jal Nigam,road,,False
MA09685,Pune Constituency,Pune,Maharashtra,1500000,0.0,665303.42,ongoing,270,2023-06-18,2024-03-14,,Rural Dev Dept,electricity,55.8,True
TA09836,Chennai Constituency,Chennai,Tamil Nadu,500000,500000.0,464642.66,completed,90,2024-01-17,2024-04-16,2024-05-04,Rural Dev Dept,road,100.0,False
BI09230,Muzaffarpur Constituency,Muzaffarpur,Bihar,750000,0.0,0.0,recommended,545,2023-05-30,2024-11-25,,Jal Nigam,electricity,,False
WE09834,Kolkata Constituency,Kolkata,West Bengal,1500000,750000.0,425284.32,stalled,180,2024-04-24,2024-10-21,,PWD,school,58.2,False
TA09482,Chennai Constituency,Chennai,Tamil Nadu,200000,200000.0,117515.84,completed,545,2024-11-22,2026-05-21,2026-07-01,PWD,sanitation,100.0,False
AN09248,Guntur Constituency,Guntur,Andhra Pradesh,500000,0.0,0.0,recommended,90,2024-01-27,2024-04-26,,Zilla Parishad,drinking water,,False
UT09679,Kanpur Nagar Constituency,Kanpur Nagar,Uttar Pradesh,1000000,500000.0,397270.08,ongoing,365,2023-11-18,2024-11-17,,PWD,irrigation,94.1,False
WE10018,Kolkata Constituency,Kolkata,West Bengal,500000,250000.0,158947.87,sanctioned,90,2024-09-04,2024-12-03,,Rural Dev Dept,community hall,,False
AN10407,Guntur Constituency,Guntur,Andhra Pradesh,1000000,1000000.0,841135.22,sanctioned,545,2024-07-22,2026-01-18,,Jal Nigam,school,,False
MA09030,Nagpur Constituency,Nagpur,Maharashtra,200000,0.0,186463.09,sanctioned,545,2023-05-29,2024-11-24,,Zilla Parishad,community hall,,True
AN09734,Visakhapatnam Constituency,Visakhapatnam,Andhra Pradesh,750000,375000.0,288685.72,completed,180,2024-01-18,2024-07-16,2024-09-12,Rural Dev Dept,community hall,100.0,False
BI10282,Patna Constituency,Patna,Bihar,300000,0.0,0.0,recommended,730,2024-04-15,2026-04-15,,PWD,school,,False
BI09198,Gaya Constituency,Gaya,Bihar,500000,500000.0,269316.81,stalled,365,2023-01-24,2024-01-24,,PWD,community hall,38.0,False
KA09478,Bengaluru Urban Constituency,Bengaluru Urban,Karnataka,500000,0.0,377142.43,ongoing,90,2023-09-28,2023-12-27,,Zilla Parishad,electricity,35.5,True
UT09472,Kanpur Nagar Constituency,Kanpur Nagar,Uttar Pradesh,500000,250000.0,111985.35,sanctioned,545,2024-01-01,2025-06-29,,PWD,school,,False
KA10180,Belagavi Constituency,Belagavi,Karnataka,500000,0.0,0.0,recommended,545,2023-12-10,2025-06-07,,Jal Nigam,sanitation,,False
KA10118,Mysuru Constituency,Mysuru,Karnataka,1500000,750000.0,655407.23,completed,270,2023-06-22,2024-03-18,2024-03-08,Zilla Parishad,irrigation,100.0,False
UT09880,Kanpur Nagar Constituency,Kanpur Nagar,Uttar Pradesh,300000,300000.0,238997.29,sanctioned,180,2023-07-26,2024-01-22,,Zilla Parishad,electricity,,False
MA09740,Pune Constituency,Pune,Maharashtra,1000000,500000.0,203848.98,completed,730,2023-12-12,2025-12-11,2026-03-29,Zilla Parishad,drinking water,100.0,False
KA10433,Bengaluru Urban Constituency,Bengaluru Urban,Karnataka,2000000,2000000.0,1281593.41,sanctioned,545,2024-07-21,2026-01-17,,PWD,irrigation,,False
MA09883,Pune Constituency,Pune,Maharashtra,500000,500000.0,343061.73,completed,180,2023-05-22,2023-11-18,2023-11-14,PWD,irrigation,100.0,False
AN09500,Krishna Constituency,Krishna,Andhra Pradesh,750000,750000.0,680083.21,ongoing,365,2024-04-05,2025-04-05,,Rural Dev Dept,electricity,35.3,False
AN09274,Visakhapatnam Constituency,Visakhapatnam,Andhra Pradesh,300000,300000.0,124263.85,stalled,270,2023-03-13,2023-12-08,,PWD,electricity,64.4,False
TA10130,Chennai Constituency,Chennai,Tamil Nadu,200000,200000.0,108246.88,completed,270,2023-01-18,2023-10-15,2023-10-07,PWD,electricity,100.0,False
UT10063,Varanasi Constituency,Varanasi,Uttar Pradesh,1500000,1500000.0,773848.06,ongoing,90,2023-05-01,2023-07-30,,Jal Nigam,electricity,55.9,False
MA10194,Nagpur Constituency,Nagpur,Maharashtra,750000,750000.0,1301042.48,completed,180,2024-11-10,2025-05-09,2025-08-12,Jal Nigam,irrigation,100.0,False
KE10165,Ernakulam Constituency,Ernakulam,Kerala,1500000,1500000.0,1241996.2,stalled,365,2024-06-04,2025-06-04,,Zilla Parishad,electricity,74.7,False
KA10107,Belagavi Constituency,Belagavi,Karnataka,1000000,1000000.0,932117.63,stalled,545,2023-06-28,2024-12-24,,Zilla Parishad,community hall,61.5,False
UT09973,Varanasi Constituency,Varanasi,Uttar Pradesh,300000,150000.0,76327.3,stalled,545,2023-08-11,2025-02-06,,Rural Dev Dept,road,24.4,False
AN09311,Krishna Constituency,Krishna,Andhra Pradesh,500000,0.0,0.0,recommended,180,2024-02-22,2024-08-20,,PWD,school,,False
WE10322,Howrah Constituency,Howrah,West Bengal,2000000,1000000.0,471443.61,completed,180,2023-05-11,2023-11-07,2024-03-22,Rural Dev Dept,community hall,100.0,False
MA09467,Pune Constituency,Pune,Maharashtra,1500000,0.0,2521978.88,recommended,545,2024-02-11,2025-08-09,,Zilla Parishad,community hall,,False
UT09402,Kanpur Nagar Constituency,Kanpur Nagar,Uttar Pradesh,2000000,0.0,0.0,recommended,180,2024-07-19,2025-01-15,,Zilla Parishad,drinking water,,False
WE09651,Kolkata Constituency,Kolkata,West Bengal,200000,200000.0,197028.01,ongoing,365,2024-09-12,2025-09-12,,Zilla Parishad,community hall,45.6,False
TA09761,Coimbatore Constituency,Coimbatore,Tamil Nadu,1000000,0.0,0.0,recommended,270,2023-01-11,2023-10-08,,Jal Nigam,drinking water,,False
TA09203,Madurai Constituency,Madurai,Tamil Nadu,1500000,1500000.0,2308934.01,completed,545,2024-01-04,2025-07-02,2025-11-09,Rural Dev Dept,electricity,100.0,False
MA09459,Nagpur Constituency,Nagpur,Maharashtra,500000,500000.0,372794.79,completed,730,2023-10-18,2025-10-17,2025-12-15,Rural Dev Dept,electricity,100.0,False
TA09879,Chennai Constituency,Chennai,Tamil Nadu,1500000,1500000.0,762416.18,ongoing,90,2024-05-27,2024-08-25,,Rural Dev Dept,community hall,22.2,False
UT09451,Varanasi Constituency,Varanasi,Uttar Pradesh,2000000,0.0,0.0,recommended,545,2023-08-08,2025-02-03,,Jal Nigam,electricity,,False
AN09589,Visakhapatnam Constituency,Visakhapatnam,Andhra Pradesh,500000,250000.0,103461.57,ongoing,180,2024-03-09,2024-09-05,,Rural Dev Dept,electricity,76.8,False
AN09681,Visakhapatnam Constituency,Visakhapatnam,Andhra Pradesh,200000,200000.0,156897.22,ongoing,180,2024-09-13,2025-03-12,,PWD,irrigation,56.6,False
AN09163,Visakhapatnam Constituency,Visakhapatnam,Andhra Pradesh,500000,250000.0,122522.04,sanctioned,270,2023-04-15,2024-01-10,,Rural Dev Dept,irrigation,,False
KE10172,Ernakulam Constituency,Ernakulam,Kerala,1000000,0.0,0.0,recommended,180,2023-11-13,2024-05-11,,Rural Dev Dept,electricity,,False
MA09405,Nagpur Constituency,Nagpur,Maharashtra,750000,750000.0,576184.4,stalled,545,2023-06-10,2024-12-06,,PWD,road,33.2,False
RA10153,Jodhpur Constituency,Jodhpur,Rajasthan,500000,500000.0,433166.53,completed,270,2024-04-23,2025-01-18,2025-06-27,Zilla Parishad,road,100.0,False
KA09895,Belagavi Constituency,Belagavi,Karnataka,200000,200000.0,127364.4,completed,730,2023-08-20,2025-08-19,2026-03-06,Zilla Parishad,school,100.0,False
RA09463,Jodhpur Constituency,Jodhpur,Rajasthan,750000,750000.0,1294412.79,stalled,545,2023-04-04,2024-09-30,,Jal Nigam,community hall,82.3,False
RA09166,Jaipur Constituency,Jaipur,Rajasthan,750000,750000.0,722338.43,completed,270,2023-10-02,2024-06-28,2024-09-20,PWD,drinking water,100.0,False
AN10038,Visakhapatnam Constituency,Visakhapatnam,Andhra Pradesh,2000000,1000000.0,857071.77,sanctioned,545,2024-06-04,2025-12-01,,Rural Dev Dept,school,,False
KE09716,Kozhikode Constituency,Kozhikode,Kerala,750000,750000.0,1160326.87,completed,90,2023-07-31,2023-10-29,2023-12-27,Zilla Parishad,school,100.0,False
UT09783,Varanasi Constituency,Varanasi,Uttar Pradesh,1500000,750000.0,564657.52,stalled,365,2023-08-31,2024-08-30,,Zilla Parishad,school,67.2,False
WE09603,Howrah Constituency,Howrah,West Bengal,2000000,2000000.0,3438877.84,ongoing,365,2024-09-07,2025-09-07,,Rural Dev Dept,community hall,86.7,False
RA10086,Jaipur Constituency,Jaipur,Rajasthan,1000000,0.0,0.0,recommended,365,2024-12-01,2025-12-01,,Zilla Parishad,electricity,,False
KA09624,Bengaluru Urban Constituency,Bengaluru Urban,Karnataka,1000000,500000.0,278318.66,completed,180,2023-05-24,2023-11-20,2023-11-08,PWD,road,100.0,False
WE09932,Howrah Constituency,Howrah,West Bengal,200000,200000.0,121325.44,stalled,365,2023-02-20,2024-02-20,,PWD,sanitation,79.7,False
AN09266,Guntur Constituency,Guntur,Andhra Pradesh,2000000,2000000.0,1829198.85,sanctioned,365,2024-05-27,2025-05-27,,PWD,irrigation,,False
RA09464,Jaipur Constituency,Jaipur,Rajasthan,1500000,1500000.0,1456249.97,sanctioned,365,2023-11-17,2024-11-16,,PWD,drinking water,,False
KE09211,Kozhikode Constituency,Kozhikode,Kerala,1000000,1000000.0,587943.26,completed,90,2023-08-30,2023-11-28,2023-11-24,Rural Dev Dept,school,100.0,False
AN09910,Krishna Constituency,Krishna,Andhra Pradesh,750000,750000.0,417497.13,completed,90,2023-10-10,2024-01-08,2024-07-11,Jal Nigam,school,100.0,False
UT09629,Varanasi Constituency,Varanasi,Uttar Pradesh,1000000,0.0,0.0,recommended,270,2024-07-03,2025-03-30,,PWD,electricity,,False
KA10196,Bengaluru Urban Constituency,Bengaluru Urban,Karnataka,200000,0.0,355723.7,sanctioned,545,2023-07-08,2025-01-03,,Rural Dev Dept,road,,True
MA10446,Pune Constituency,Pune,Maharashtra,2000000,0.0,3428812.05,recommended,180,2023-11-05,2024-05-03,,Jal Nigam,irrigation,,False
TA09985,Madurai Constituency,Madurai,Tamil Nadu,200000,200000.0,142459.25,stalled,180,2023-08-20,2024-02-16,,PWD,electricity,10.6,False
AN10160,Krishna Constituency,Krishna,Andhra Pradesh,1000000,1000000.0,627769.58,completed,270,2023-02-20,2023-11-17,2024-01-23,Rural Dev Dept,electricity,100.0,False
UT09192,Varanasi Constituency,Varanasi,Uttar Pradesh,500000,250000.0,216820.39,sanctioned,730,2023-04-15,2025-04-14,,Rural Dev Dept,sanitation,,False
TA10225,Madurai Constituency,Madurai,Tamil Nadu,1000000,1000000.0,431917.88,completed,545,2023-07-14,2025-01-09,2025-01-06,Jal Nigam,community hall,100.0,False
KE09601,Kozhikode Constituency,Kozhikode,Kerala,750000,375000.0,355202.46,ongoing,365,2024-03-08,2025-03-08,,Zilla Parishad,road,31.1,False
TA09664,Madurai Constituency,Madurai,Tamil Nadu,750000,750000.0,736728.04,ongoing,545,2024-08-02,2026-01-29,,Rural Dev Dept,irrigation,84.5,False
UT10360,Lucknow Constituency,Lucknow,Uttar Pradesh,1500000,1500000.0,995942.67,completed,180,2024-05-07,2024-11-03,2024-11-16,Rural Dev Dept,sanitation,100.0,False
KA09785,Bengaluru Urban Constituency,Bengaluru Urban,Karnataka,300000,150000.0,84454.13,stalled,365,2023-08-07,2024-08-06,,Rural Dev Dept,drinking water,83.0,False
KE09390,Ernakulam Constituency,Ernakulam,Kerala,500000,0.0,0.0,recommended,365,2024-06-18,2025-06-18,,Zilla Parishad,drinking water,,False
KA09683,Bengaluru Urban Constituency,Bengaluru Urban,Karnataka,300000,150000.0,60336.88,ongoing,545,2023-11-06,2025-05-04,,Zilla Parishad,sanitation,17.6,False
AN09534,Visakhapatnam Constituency,Visakhapatnam,Andhra Pradesh,1000000,1000000.0,607580.49,ongoing,730,2024-06-05,2026-06-05,,Rural Dev Dept,community hall,20.2,False
MA10358,Pune Constituency,Pune,Maharashtra,500000,0.0,721149.51,recommended,90,2024-02-27,2024-05-27,,Rural Dev Dept,sanitation,,False
KE09281,Ernakulam Constituency,Ernakulam,Kerala,750000,750000.0,707119.48,stalled,365,2023-12-18,2024-12-17,,PWD,community hall,70.6,False
WE09625,Howrah Constituency,Howrah,West Bengal,300000,0.0,375170.33,recommended,270,2023-06-27,2024-03-23,,PWD,school,,False
TA09524,Coimbatore Constituency,Coimbatore,Tamil Nadu,2000000,0.0,0.0,recommended,270,2024-10-24,2025-07-21,,Jal Nigam,road,,False
UT10188,Varanasi Constituency,Varanasi,Uttar Pradesh,300000,150000.0,79699.35,sanctioned,730,2023-06-16,2025-06-15,,PWD,electricity,,False
BI10311,Patna Constituency,Patna,Bihar,200000,0.0,0.0,recommended,180,2024-11-30,2025-05-29,,Rural Dev Dept,community hall,,False
UT09131,Kanpur Nagar Constituency,Kanpur Nagar,Uttar Pradesh,750000,0.0,1220280.83,recommended,270,2024-11-29,2025-08-26,,Jal Nigam,road,,False
TA09633,Madurai Constituency,Madurai,Tamil Nadu,1000000,0.0,1380115.01,recommended,180,2023-10-25,2024-04-22,,PWD,electricity,,False
RA10088,Jaipur Constituency,Jaipur,Rajasthan,200000,200000.0,144653.14,completed,90,2024-03-30,2024-06-28,2024-11-04,PWD,school,100.0,False
WE09271,Howrah Constituency,Howrah,West Bengal,750000,0.0,0.0,recommended,180,2024-07-10,2025-01-06,,Rural Dev Dept,road,,False
AN10007,Guntur Constituency,Guntur,Andhra Pradesh,2000000,1000000.0,505146.51,ongoing,545,2024-07-03,2025-12-30,,Rural Dev Dept,school,69.3,False
KE09530,Kozhikode Constituency,Kozhikode,Kerala,1000000,0.0,649018.66,ongoing,365,2024-01-20,2025-01-19,,Rural Dev Dept,electricity,94.5,True
AN09599,Krishna Constituency,Krishna,Andhra Pradesh,2000000,2000000.0,827471.79,completed,90,2023-12-17,2024-03-16,2024-05-04,PWD,electricity,100.0,False
BI09343,Muzaffarpur Constituency,Muzaffarpur,Bihar,1000000,1000000.0,852966.44,ongoing,90,2023-09-29,2023-12-28,,PWD,electricity,75.9,False
AN09862,Krishna Constituency,Krishna,Andhra Pradesh,1500000,1500000.0,705134.2,sanctioned,270,2024-02-03,2024-10-30,,Zilla Parishad,electricity,,False
UT09245,Kanpur Nagar Constituency,Kanpur Nagar,Uttar Pradesh,300000,0.0,0.0,recommended,365,2023-04-08,2024-04-07,,Jal Nigam,road,,False
WE10146,Kolkata Constituency,Kolkata,West Bengal,1000000,500000.0,332914.05,stalled,180,2023-05-27,2023-11-23,,Rural Dev Dept,community hall,50.8,False
WE09686,Kolkata Constituency,Kolkata,West Bengal,2000000,2000000.0,1681500.88,ongoing,365,2024-04-03,2025-04-03,,Rural Dev Dept,community hall,34.3,False
UT10417,Kanpur Nagar Constituency,Kanpur Nagar,Uttar Pradesh,2000000,2000000.0,1679006.63,sanctioned,180,2024-08-05,2025-02-01,,Jal Nigam,community hall,,False
UT09647,Varanasi Constituency,Varanasi,Uttar Pradesh,500000,250000.0,173995.52,ongoing,730,2023-07-29,2025-07-28,,Jal Nigam,drinking water,67.6,False
BI10427,Muzaffarpur Constituency,Muzaffarpur,Bihar,750000,750000.0,1258419.63,completed,270,2024-02-11,2024-11-07,2024-12-25,Rural Dev Dept,electricity,100.0,False
MA10083,Nagpur Constituency,Nagpur,Maharashtra,200000,200000.0,154827.91,sanctioned,270,2023-04-27,2024-01-22,,Jal Nigam,electricity,,False
RA09654,Jaipur Constituency,Jaipur,Rajasthan,1500000,750000.0,677807.35,ongoing,365,2024-05-06,2025-05-06,,Rural Dev Dept,electricity,56.3,False
BI09941,Patna Constituency,Patna,Bihar,300000,300000.0,232874.4,ongoing,270,2023-01-30,2023-10-27,,Zilla Parishad,school,78.6,False
BI10042,Patna Constituency,Patna,Bihar,1500000,1500000.0,1487558.98,stalled,270,2024-04-22,2025-01-17,,PWD,community hall,17.5,False
UT09094,Lucknow Constituency,Lucknow,Uttar Pradesh,1500000,0.0,0.0,recommended,730,2023-02-17,2025-02-16,,Jal Nigam,irrigation,,False
BI09747,Gaya Constituency,Gaya,Bihar,1000000,1000000.0,612656.45,sanctioned,270,2024-08-30,2025-05-27,,Jal Nigam,irrigation,,False
AN10428,Guntur Constituency,Guntur,Andhra Pradesh,750000,750000.0,1140147.45,stalled,270,2024-01-04,2024-09-30,,PWD,school,91.7,False
KE09720,Ernakulam Constituency,Ernakulam,Kerala,1000000,500000.0,278433.68,stalled,270,2024-07-04,2025-03-31,,PWD,irrigation,26.2,False
AN09571,Guntur Constituency,Guntur,Andhra Pradesh,1500000,750000.0,643963.3,ongoing,730,2024-04-25,2026-04-25,,Rural Dev Dept,irrigation,45.4,False
KA10318,Mysuru Constituency,Mysuru,Karnataka,300000,150000.0,99255.99,sanctioned,180,2024-11-20,2025-05-19,,PWD,road,,False
KE10203,Kozhikode Constituency,Kozhikode,Kerala,1000000,500000.0,330899.09,sanctioned,180,2023-03-31,2023-09-27,,Rural Dev Dept,sanitation,,False
KE09800,Ernakulam Constituency,Ernakulam,Kerala,500000,250000.0,231852.74,ongoing,90,2023-12-04,2024-03-03,,PWD,irrigation,94.2,False
RA09360,Jodhpur Constituency,Jodhpur,Rajasthan,500000,0.0,0.0,recommended,545,2023-07-25,2025-01-20,,Zilla Parishad,community hall,,True
KE09045,Kozhikode Constituency,Kozhikode,Kerala,200000,200000.0,138769.08,sanctioned,180,2024-02-28,2024-08-26,,Jal Nigam,drinking water,,False
RA09378,Jaipur Constituency,Jaipur,Rajasthan,500000,0.0,0.0,recommended,365,2023-11-23,2024-11-22,,PWD,drinking water,,False
TA09372,Coimbatore Constituency,Coimbatore,Tamil Nadu,2000000,2000000.0,1993293.9,ongoing,270,2023-02-04,2023-11-01,,Rural Dev Dept,school,65.0,False
WE09652,Kolkata Constituency,Kolkata,West Bengal,1500000,750000.0,719115.85,ongoing,545,2024-02-13,2025-08-11,,Zilla Parishad,electricity,65.1,False
UT09406,Lucknow Constituency,Lucknow,Uttar Pradesh,300000,300000.0,145484.58,sanctioned,730,2023-10-23,2025-10-22,,Jal Nigam,irrigation,,False
AN09493,Visakhapatnam Constituency,Visakhapatnam,Andhra Pradesh,1500000,1500000.0,1024230.15,completed,180,2024-02-17,2024-08-15,2024-07-30,Zilla Parishad,electricity,100.0,False
KE10424,Kozhikode Constituency,Kozhikode,Kerala,2000000,2000000.0,1608886.9,sanctioned,545,2024-01-22,2025-07-20,,Rural Dev Dept,sanitation,,False
KA09727,Belagavi Constituency,Belagavi,Karnataka,750000,375000.0,239925.94,ongoing,730,2023-03-01,2025-02-28,,PWD,school,69.2,False
AN10034,Guntur Constituency,Guntur,Andhra Pradesh,1000000,0.0,0.0,recommended,90,2023-01-19,2023-04-19,,Jal Nigam,drinking water,,False
BI09342,Muzaffarpur Constituency,Muzaffarpur,Bihar,300000,150000.0,94573.94,ongoing,730,2024-11-24,2026-11-24,,Rural Dev Dept,irrigation,41.8,False
AN09310,Guntur Constituency,Guntur,Andhra Pradesh,1500000,1500000.0,1077837.48,stalled,270,2024-11-27,2025-08-24,,Jal Nigam,irrigation,19.9,False
KA09970,Belagavi Constituency,Belagavi,Karnataka,1000000,1000000.0,576665.68,sanctioned,180,2024-04-23,2024-10-20,,Jal Nigam,sanitation,,False
UT09869,Kanpur Nagar Constituency,Kanpur Nagar,Uttar Pradesh,1500000,0.0,0.0,recommended,545,2023-10-01,2025-03-29,,PWD,drinking water,,False
WE09766,Kolkata Constituency,Kolkata,West Bengal,300000,300000.0,286230.81,stalled,365,2024-09-05,2025-09-05,,PWD,drinking water,68.7,False
MA09854,Nagpur Constituency,Nagpur,Maharashtra,1000000,1000000.0,556308.59,ongoing,730,2023-06-21,2025-06-20,,Jal Nigam,sanitation,31.1,False
KA10354,Belagavi Constituency,Belagavi,Karnataka,300000,0.0,112637.8,completed,730,2023-08-03,2025-08-02,2025-11-09,Zilla Parishad,community hall,100.0,True
MA10183,Pune Constituency,Pune,Maharashtra,300000,300000.0,290622.02,stalled,90,2023-02-21,2023-05-22,,Zilla Parishad,irrigation,46.2,False
RA09779,Jodhpur Constituency,Jodhpur,Rajasthan,200000,0.0,73741.6,stalled,730,2023-11-25,2025-11-24,,PWD,community hall,50.4,True
MA10253,Pune Constituency,Pune,Maharashtra,2000000,1000000.0,437436.67,stalled,180,2023-09-17,2024-03-15,,PWD,irrigation,65.1,False
RA09538,Jaipur Constituency,Jaipur,Rajasthan,1000000,1000000.0,532237.17,ongoing,365,2023-10-17,2024-10-16,,Zilla Parishad,drinking water,84.6,False
KA10460,Bengaluru Urban Constituency,Bengaluru Urban,Karnataka,1500000,750000.0,389069.9,ongoing,180,2023-04-03,2023-09-30,,Zilla Parishad,school,70.9,False
KE09251,Ernakulam Constituency,Ernakulam,Kerala,750000,750000.0,743061.8,ongoing,365,2023-05-13,2024-05-12,,Rural Dev Dept,community hall,50.6,False
BI09377,Gaya Constituency,Gaya,Bihar,200000,200000.0,192166.17,stalled,730,2023-09-24,2025-09-23,,PWD,sanitation,17.8,False
KE09397,Kozhikode Constituency,Kozhikode,Kerala,2000000,1000000.0,504004.61,ongoing,270,2024-11-05,2025-08-02,,Rural Dev Dept,electricity,72.1,False
KE09344,Kozhikode Constituency,Kozhikode,Kerala,500000,250000.0,205812.6,sanctioned,545,2024-04-21,2025-10-18,,Zilla Parishad,road,,False
MA09817,Nagpur Constituency,Nagpur,Maharashtra,2000000,2000000.0,2631693.36,ongoing,730,2023-09-19,2025-09-18,,Rural Dev Dept,drinking water,13.3,False
MA09294,Pune Constituency,Pune,Maharashtra,1500000,0.0,0.0,recommended,270,2023-07-26,2024-04-21,,PWD,irrigation,,False
WE10464,Howrah Constituency,Howrah,West Bengal,200000,200000.0,172670.27,sanctioned,730,2023-10-25,2025-10-24,,Zilla Parishad,sanitation,,False
TA09169,Chennai Constituency,Chennai,Tamil Nadu,200000,0.0,54097.82,stalled,90,2024-06-02,2024-08-31,,PWD,school,18.4,True
KA09352,Mysuru Constituency,Mysuru,Karnataka,1500000,1500000.0,820026.8,stalled,545,2024-05-01,2025-10-28,,PWD,school,87.0,False
MA09051,Nagpur Constituency,Nagpur,Maharashtra,2000000,1000000.0,3108250.2,stalled,270,2023-10-31,2024-07-27,,Jal Nigam,community hall,16.0,False
TA10227,Chennai Constituency,Chennai,Tamil Nadu,750000,0.0,0.0,recommended,730,2024-07-25,2026-07-25,,Jal Nigam,school,,False
TA09532,Madurai Constituency,Madurai,Tamil Nadu,750000,750000.0,681112.02,stalled,90,2023-07-01,2023-09-29,,PWD,irrigation,88.6,False
TA10065,Madurai Constituency,Madurai,Tamil Nadu,200000,200000.0,131228.3,sanctioned,270,2023-04-08,2024-01-03,,Zilla Parishad,school,,False
AN10300,Krishna Constituency,Krishna,Andhra Pradesh,200000,200000.0,141928.93,sanctioned,90,2023-05-01,2023-07-30,,Jal Nigam,community hall,,False
KA09069,Mysuru Constituency,Mysuru,Karnataka,200000,200000.0,123704.74,completed,365,2024-02-01,2025-01-31,2025-06-09,Zilla Parishad,drinking water,100.0,False
TA09957,Chennai Constituency,Chennai,Tamil Nadu,300000,150000.0,126175.69,ongoing,365,2024-08-04,2025-08-04,,PWD,drinking water,79.9,False
TA10105,Madurai Constituency,Madurai,Tamil Nadu,500000,500000.0,363347.36,completed,270,2024-03-15,2024-12-10,2025-01-12,Rural Dev Dept,sanitation,100.0,False
TA09427,Chennai Constituency,Chennai,Tamil Nadu,2000000,0.0,0.0,recommended,365,2023-06-01,2024-05-31,,Jal Nigam,electricity,,False
KA10390,Mysuru Constituency,Mysuru,Karnataka,1500000,750000.0,550685.81,sanctioned,180,2023-07-21,2024-01-17,,Rural Dev Dept,school,,False
RA09606,Jodhpur Constituency,Jodhpur,Rajasthan,2000000,2000000.0,835688.54,stalled,730,2023-03-06,2025-03-05,,PWD,road,49.7,False
AN09618,Krishna Constituency,Krishna,Andhra Pradesh,200000,200000.0,154291.48,stalled,180,2023-01-24,2023-07-23,,Rural Dev Dept,sanitation,24.9,False
MA10285,Pune Constituency,Pune,Maharashtra,300000,0.0,0.0,recommended,365,2024-04-10,2025-04-10,,Jal Nigam,sanitation,,False
UT09332,Varanasi Constituency,Varanasi,Uttar Pradesh,500000,0.0,0.0,recommended,365,2023-09-17,2024-09-16,,Zilla Parishad,sanitation,,False
KE09016,Ernakulam Constituency,Ernakulam,Kerala,300000,0.0,0.0,recommended,270,2023-06-10,2024-03-06,,Zilla Parishad,community hall,,False
KA10452,Bengaluru Urban Constituency,Bengaluru Urban,Karnataka,500000,250000.0,238516.88,completed,90,2023-08-27,2023-11-25,2024-03-18,Rural Dev Dept,sanitation,100.0,False
TA10084,Madurai Constituency,Madurai,Tamil Nadu,300000,0.0,0.0,recommended,90,2024-01-28,2024-04-27,,PWD,school,,False
TA10096,Madurai Constituency,Madurai,Tamil Nadu,750000,0.0,0.0,recommended,90,2024-09-09,2024-12-08,,Jal Nigam,school,,False
KA10389,Bengaluru Urban Constituency,Bengaluru Urban,Karnataka,300000,0.0,0.0,recommended,180,2023-11-14,2024-05-12,,Jal Nigam,road,,False
AN09447,Krishna Constituency,Krishna,Andhra Pradesh,300000,150000.0,519045.0,sanctioned,90,2023-11-10,2024-02-08,,Rural Dev Dept,school,,False
MA10221,Pune Constituency,Pune,Maharashtra,300000,300000.0,155811.7,ongoing,545,2023-03-14,2024-09-09,,Zilla Parishad,irrigation,60.4,False
KA09056,Bengaluru Urban Constituency,Bengaluru Urban,Karnataka,200000,100000.0,45073.13,ongoing,545,2023-09-30,2025-03-28,,PWD,school,24.2,False
AN09213,Krishna Constituency,Krishna,Andhra Pradesh,1000000,500000.0,493035.37,ongoing,730,2023-03-13,2025-03-12,,Jal Nigam,drinking water,11.0,False
AN10441,Krishna Constituency,Krishna,Andhra Pradesh,1000000,0.0,1694021.37,recommended,270,2024-07-05,2025-04-01,,PWD,electricity,,False
TA09748,Coimbatore Constituency,Coimbatore,Tamil Nadu,1500000,750000.0,580140.62,ongoing,365,2024-04-17,2025-04-17,,PWD,drinking water,36.0,False
UT09757,Lucknow Constituency,Lucknow,Uttar Pradesh,300000,150000.0,96227.12,stalled,365,2024-02-28,2025-02-27,,PWD,drinking water,19.8,False
MA10081,Pune Constituency,Pune,Maharashtra,1500000,750000.0,426629.14,sanctioned,180,2023-05-26,2023-11-22,,Jal Nigam,school,,False
MA09330,Nagpur Constituency,Nagpur,Maharashtra,500000,500000.0,345005.99,stalled,90,2024-11-02,2025-01-31,,PWD,sanitation,92.6,False
KA10477,Mysuru Constituency,Mysuru,Karnataka,500000,250000.0,165130.65,completed,270,2024-02-22,2024-11-18,2024-11-11,PWD,sanitation,100.0,False
TA09297,Madurai Constituency,Madurai,Tamil Nadu,750000,750000.0,465721.12,completed,270,2023-07-07,2024-04-02,2024-09-22,Jal Nigam,sanitation,100.0,False
KE09012,Ernakulam Constituency,Ernakulam,Kerala,500000,500000.0,441481.58,completed,90,2024-05-24,2024-08-22,2024-11-19,Jal Nigam,road,100.0,False
KA09797,Bengaluru Urban Constituency,Bengaluru Urban,Karnataka,300000,150000.0,131077.25,completed,270,2023-07-20,2024-04-15,2024-09-16,Zilla Parishad,drinking water,100.0,False
RA09391,Jaipur Constituency,Jaipur,Rajasthan,1500000,750000.0,327361.41,sanctioned,730,2023-06-17,2025-06-16,,Zilla Parishad,drinking water,,False
TA09552,Madurai Constituency,Madurai,Tamil Nadu,300000,300000.0,134142.54,completed,545,2023-06-12,2024-12-08,2024-11-29,Zilla Parishad,school,100.0,False
UT10344,Varanasi Constituency,Varanasi,Uttar Pradesh,1000000,1000000.0,1295269.89,completed,90,2024-01-27,2024-04-26,2024-05-13,PWD,sanitation,100.0,False
AN09888,Krishna Constituency,Krishna,Andhra Pradesh,200000,100000.0,47948.54,sanctioned,180,2023-10-20,2024-04-17,,Zilla Parishad,school,,False
UT09121,Varanasi Constituency,Varanasi,Uttar Pradesh,750000,750000.0,1227029.85,stalled,365,2023-12-29,2024-12-28,,Zilla Parishad,road,56.4,False
RA10399,Jaipur Constituency,Jaipur,Rajasthan,300000,300000.0,120089.95,ongoing,180,2023-09-29,2024-03-27,,PWD,electricity,17.3,False
UT09666,Lucknow Constituency,Lucknow,Uttar Pradesh,300000,300000.0,250395.48,stalled,365,2024-05-29,2025-05-29,,PWD,electricity,17.2,False
KA10132,Mysuru Constituency,Mysuru,Karnataka,300000,150000.0,147207.52,completed,730,2023-12-21,2025-12-20,2026-06-25,Jal Nigam,community hall,100.0,False
MA09226,Pune Constituency,Pune,Maharashtra,1000000,500000.0,284167.28,ongoing,90,2023-01-23,2023-04-23,,Jal Nigam,road,37.7,False
WE09176,Kolkata Constituency,Kolkata,West Bengal,300000,300000.0,227551.01,completed,270,2024-01-03,2024-09-29,2024-09-08,Jal Nigam,road,100.0,False
TA09207,Chennai Constituency,Chennai,Tamil Nadu,2000000,2000000.0,980512.59,sanctioned,270,2023-10-25,2024-07-21,,Zilla Parishad,road,,False
UT09129,Varanasi Constituency,Varanasi,Uttar Pradesh,300000,150000.0,88310.67,completed,730,2024-03-13,2026-03-13,2026-09-27,Jal Nigam,school,100.0,False
UT09326,Kanpur Nagar Constituency,Kanpur Nagar,Uttar Pradesh,200000,0.0,0.0,recommended,90,2024-03-07,2024-06-05,,Zilla Parishad,school,,True
KE10335,Ernakulam Constituency,Ernakulam,Kerala,500000,500000.0,421350.81,sanctioned,730,2024-03-22,2026-03-22,,Rural Dev Dept,irrigation,,False
RA09915,Jodhpur Constituency,Jodhpur,Rajasthan,2000000,0.0,0.0,recommended,180,2024-09-05,2025-03-04,,Rural Dev Dept,electricity,,False
WE09244,Kolkata Constituency,Kolkata,West Bengal,500000,0.0,0.0,recommended,270,2023-03-22,2023-12-17,,Jal Nigam,drinking water,,False
MA09152,Pune Constituency,Pune,Maharashtra,500000,250000.0,125397.53,ongoing,270,2024-07-03,2025-03-30,,Rural Dev Dept,irrigation,65.3,False
TA09520,Coimbatore Constituency,Coimbatore,Tamil Nadu,1000000,0.0,0.0,recommended,545,2024-09-29,2026-03-28,,Jal Nigam,sanitation,,False
AN10039,Krishna Constituency,Krishna,Andhra Pradesh,1000000,1000000.0,645255.65,sanctioned,545,2023-01-02,2024-06-30,,Rural Dev Dept,road,,False
WE10213,Kolkata Constituency,Kolkata,West Bengal,300000,300000.0,128166.84,ongoing,730,2023-10-14,2025-10-13,,Jal Nigam,community hall,68.8,False
KA09523,Mysuru Constituency,Mysuru,Karnataka,750000,0.0,1326471.86,recommended,365,2023-09-07,2024-09-06,,Rural Dev Dept,drinking water,,False
UT09442,Lucknow Constituency,Lucknow,Uttar Pradesh,500000,0.0,0.0,recommended,180,2024-07-06,2025-01-02,,Jal Nigam,sanitation,,False
TA09759,Madurai Constituency,Madurai,Tamil Nadu,1000000,500000.0,338861.68,stalled,180,2023-08-16,2024-02-12,,Zilla Parishad,community hall,49.8,False
KE10175,Ernakulam Constituency,Ernakulam,Kerala,1000000,1000000.0,526860.73,sanctioned,270,2023-07-17,2024-04-12,,Zilla Parishad,road,,False
WE10280,Howrah Constituency,Howrah,West Bengal,2000000,2000000.0,1623747.25,ongoing,365,2024-06-15,2025-06-15,,Jal Nigam,irrigation,48.8,False
UT10215,Varanasi Constituency,Varanasi,Uttar Pradesh,2000000,2000000.0,1706065.82,ongoing,180,2024-06-21,2024-12-18,,Zilla Parishad,irrigation,93.3,False
TA10035,Madurai Constituency,Madurai,Tamil Nadu,200000,200000.0,95113.21,completed,365,2023-01-05,2024-01-05,2023-12-19,PWD,school,100.0,False
MA09921,Nagpur Constituency,Nagpur,Maharashtra,750000,0.0,0.0,recommended,180,2023-08-29,2024-02-25,,Jal Nigam,irrigation,,False
BI10301,Muzaffarpur Constituency,Muzaffarpur,Bihar,200000,200000.0,101543.98,ongoing,730,2023-05-08,2025-05-07,,Zilla Parishad,community hall,39.7,False
AN10111,Krishna Constituency,Krishna,Andhra Pradesh,500000,500000.0,263387.97,completed,365,2023-04-16,2024-04-15,2024-04-12,Rural Dev Dept,community hall,100.0,False
MA10239,Nagpur Constituency,Nagpur,Maharashtra,1500000,1500000.0,1043853.39,completed,180,2023-08-19,2024-02-15,2024-01-22,Zilla Parishad,school,100.0,False
KE09292,Kozhikode Constituency,Kozhikode,Kerala,200000,200000.0,98275.53,sanctioned,545,2024-11-06,2026-05-05,,Rural Dev Dept,drinking water,,False
AN09468,Guntur Constituency,Guntur,Andhra Pradesh,200000,0.0,69082.37,completed,90,2023-12-19,2024-03-18,2024-05-23,Rural Dev Dept,drinking water,100.0,True
KE09445,Ernakulam Constituency,Ernakulam,Kerala,200000,100000.0,51788.61,sanctioned,270,2023-04-21,2024-01-16,,PWD,community hall,,False
WE09353,Kolkata Constituency,Kolkata,West Bengal,750000,375000.0,221477.78,ongoing,90,2023-05-11,2023-08-09,,Jal Nigam,school,86.3,False
WE09940,Howrah Constituency,Howrah,West Bengal,200000,200000.0,140603.48,ongoing,365,2023-02-26,2024-02-26,,PWD,road,74.0,False
UT10201,Kanpur Nagar Constituency,Kanpur Nagar,Uttar Pradesh,200000,200000.0,113664.7,ongoing,270,2024-09-21,2025-06-18,,Zilla Parishad,irrigation,54.2,False
BI09801,Gaya Constituency,Gaya,Bihar,1000000,1000000.0,745252.88,sanctioned,90,2024-09-30,2024-12-29,,PWD,road,,False
TA09202,Madurai Constituency,Madurai,Tamil Nadu,1000000,1000000.0,1428266.49,ongoing,180,2024-02-08,2024-08-06,,Rural Dev Dept,irrigation,43.4,False
KA09477,Bengaluru Urban Constituency,Bengaluru Urban,Karnataka,2000000,2000000.0,890498.54,ongoing,90,2024-08-08,2024-11-06,,Jal Nigam,electricity,56.8,False
UT09403,Kanpur Nagar Constituency,Kanpur Nagar,Uttar Pradesh,750000,375000.0,247956.52,ongoing,180,2024-02-26,2024-08-24,,Zilla Parishad,community hall,65.8,False
AN09745,Visakhapatnam Constituency,Visakhapatnam,Andhra Pradesh,1500000,750000.0,720094.74,ongoing,270,2024-09-08,2025-06-05,,PWD,irrigation,38.9,False
UT09308,Varanasi Constituency,Varanasi,Uttar Pradesh,1500000,750000.0,340560.69,stalled,365,2023-11-27,2024-11-26,,Rural Dev Dept,electricity,76.3,False
AN09818,Visakhapatnam Constituency,Visakhapatnam,Andhra Pradesh,1500000,0.0,0.0,recommended,90,2024-08-11,2024-11-09,,Zilla Parishad,school,,False
KA09364,Mysuru Constituency,Mysuru,Karnataka,1000000,0.0,1388730.65,recommended,730,2023-03-31,2025-03-30,,PWD,road,,False
KA10377,Bengaluru Urban Constituency,Bengaluru Urban,Karnataka,500000,500000.0,268555.24,ongoing,545,2024-07-31,2026-01-27,,Jal Nigam,drinking water,47.7,False
WE10224,Kolkata Constituency,Kolkata,West Bengal,1500000,0.0,0.0,recommended,90,2023-09-16,2023-12-15,,Jal Nigam,drinking water,,False
WE10061,Kolkata Constituency,Kolkata,West Bengal,500000,500000.0,465009.09,sanctioned,180,2023-10-08,2024-04-05,,Zilla Parishad,irrigation,,False
TA09514,Chennai Constituency,Chennai,Tamil Nadu,200000,200000.0,111057.25,ongoing,270,2023-08-30,2024-05-26,,Zilla Parishad,road,52.4,False
KE09693,Ernakulam Constituency,Ernakulam,Kerala,200000,200000.0,128971.52,completed,180,2023-02-24,2023-08-23,2024-02-29,Rural Dev Dept,irrigation,100.0,False
MA09650,Nagpur Constituency,Nagpur,Maharashtra,1500000,750000.0,665456.55,ongoing,90,2023-02-27,2023-05-28,,Rural Dev Dept,electricity,17.4,False
KE10208,Ernakulam Constituency,Ernakulam,Kerala,2000000,0.0,0.0,recommended,90,2023-01-03,2023-04-03,,Jal Nigam,school,,False
KE09456,Ernakulam Constituency,Ernakulam,Kerala,300000,150000.0,84579.02,sanctioned,730,2023-06-02,2025-06-01,,Jal Nigam,community hall,,False
BI10193,Patna Constituency,Patna,Bihar,1000000,0.0,0.0,recommended,180,2024-11-03,2025-05-02,,Jal Nigam,irrigation,,False
AN09586,Guntur Constituency,Guntur,Andhra Pradesh,300000,300000.0,130548.69,ongoing,90,2024-11-27,2025-02-25,,Zilla Parishad,irrigation,90.3,False
RA10339,Jodhpur Constituency,Jodhpur,Rajasthan,2000000,0.0,0.0,recommended,730,2023-11-20,2025-11-19,,Jal Nigam,electricity,,False
WE09802,Howrah Constituency,Howrah,West Bengal,300000,150000.0,99365.86,stalled,365,2023-08-26,2024-08-25,,Zilla Parishad,road,70.1,False
AN10333,Guntur Constituency,Guntur,Andhra Pradesh,750000,750000.0,534411.62,sanctioned,270,2023-10-30,2024-07-26,,Zilla Parishad,community hall,,False
KE09763,Ernakulam Constituency,Ernakulam,Kerala,1500000,1500000.0,950379.44,ongoing,730,2023-03-08,2025-03-07,,PWD,irrigation,79.5,False
KE09707,Ernakulam Constituency,Ernakulam,Kerala,750000,0.0,0.0,recommended,545,2023-11-30,2025-05-28,,Rural Dev Dept,school,,False
UT09108,Lucknow Constituency,Lucknow,Uttar Pradesh,200000,100000.0,252629.69,ongoing,365,2024-07-02,2025-07-02,,Zilla Parishad,irrigation,29.6,False
BI09053,Gaya Constituency,Gaya,Bihar,500000,250000.0,135764.75,completed,270,2024-04-24,2025-01-19,2025-06-14,Jal Nigam,community hall,100.0,False
UT09916,Varanasi Constituency,Varanasi,Uttar Pradesh,1000000,1000000.0,742584.7,stalled,180,2024-05-13,2024-11-09,,Rural Dev Dept,community hall,65.1,False
AN09145,Krishna Constituency,Krishna,Andhra Pradesh,1000000,1000000.0,441777.1,stalled,365,2024-05-29,2025-05-29,,Zilla Parishad,sanitation,85.9,False
KE10482,Ernakulam Constituency,Ernakulam,Kerala,2000000,0.0,0.0,recommended,270,2023-01-16,2023-10-13,,Jal Nigam,community hall,,False
TA10006,Madurai Constituency,Madurai,Tamil Nadu,300000,300000.0,378724.27,ongoing,365,2023-01-18,2024-01-18,,Zilla Parishad,sanitation,91.9,False
WE09259,Howrah Constituency,Howrah,West Bengal,200000,200000.0,355272.33,ongoing,730,2024-01-18,2026-01-17,,Jal Nigam,electricity,27.1,False
WE10426,Kolkata Constituency,Kolkata,West Bengal,2000000,1000000.0,3435908.34,ongoing,270,2023-09-11,2024-06-07,,PWD,irrigation,43.4,False
UT10371,Varanasi Constituency,Varanasi,Uttar Pradesh,300000,0.0,113653.2,completed,270,2023-06-23,2024-03-19,2024-08-15,PWD,school,100.0,True
AN09939,Visakhapatnam Constituency,Visakhapatnam,Andhra Pradesh,1000000,0.0,315507.49,sanctioned,270,2024-07-27,2025-04-23,,PWD,community hall,,True
AN09217,Visakhapatnam Constituency,Visakhapatnam,Andhra Pradesh,300000,150000.0,82333.66,ongoing,730,2023-11-13,2025-11-12,,Jal Nigam,school,77.8,False
KA09185,Belagavi Constituency,Belagavi,Karnataka,500000,250000.0,765988.31,sanctioned,90,2024-02-15,2024-05-15,,PWD,road,,False
RA09638,Jaipur Constituency,Jaipur,Rajasthan,200000,100000.0,311198.04,completed,730,2023-06-25,2025-06-24,2026-01-05,Zilla Parishad,electricity,100.0,False
MA10181,Nagpur Constituency,Nagpur,Maharashtra,300000,150000.0,60667.53,ongoing,365,2024-07-29,2025-07-29,,Zilla Parishad,road,67.4,False
RA10327,Jodhpur Constituency,Jodhpur,Rajasthan,300000,300000.0,288485.93,ongoing,180,2023-12-12,2024-06-09,,Rural Dev Dept,electricity,54.3,False
TA09298,Chennai Constituency,Chennai,Tamil Nadu,2000000,2000000.0,1746683.79,sanctioned,730,2023-04-10,2025-04-09,,Jal Nigam,school,,False
KA09712,Belagavi Constituency,Belagavi,Karnataka,300000,300000.0,175587.23,sanctioned,365,2024-01-22,2025-01-21,,Rural Dev Dept,electricity,,False
KE09597,Kozhikode Constituency,Kozhikode,Kerala,2000000,1000000.0,713179.74,sanctioned,365,2024-10-14,2025-10-14,,Jal Nigam,road,,False
BI09951,Muzaffarpur Constituency,Muzaffarpur,Bihar,300000,0.0,119922.76,sanctioned,730,2023-03-23,2025-03-22,,PWD,school,,True
WE10474,Howrah Constituency,Howrah,West Bengal,750000,0.0,0.0,recommended,365,2023-07-20,2024-07-19,,PWD,irrigation,,True
UT09237,Varanasi Constituency,Varanasi,Uttar Pradesh,500000,500000.0,760667.83,stalled,730,2024-03-15,2026-03-15,,Zilla Parishad,drinking water,65.1,False
AN09512,Krishna Constituency,Krishna,Andhra Pradesh,1500000,750000.0,689481.86,sanctioned,365,2023-10-11,2024-10-10,,Rural Dev Dept,electricity,,False
WE09894,Howrah Constituency,Howrah,West Bengal,1000000,0.0,0.0,recommended,180,2023-03-29,2023-09-25,,Rural Dev Dept,school,,False
KA10388,Bengaluru Urban Constituency,Bengaluru Urban,Karnataka,2000000,1000000.0,703538.72,completed,365,2023-09-04,2024-09-03,2024-12-09,Rural Dev Dept,road,100.0,False
AN09417,Visakhapatnam Constituency,Visakhapatnam,Andhra Pradesh,300000,150000.0,144628.84,sanctioned,545,2024-03-21,2025-09-17,,PWD,community hall,,False
UT09900,Lucknow Constituency,Lucknow,Uttar Pradesh,750000,750000.0,621222.14,ongoing,90,2024-10-20,2025-01-18,,PWD,sanitation,83.3,False
KE10309,Kozhikode Constituency,Kozhikode,Kerala,2000000,2000000.0,1220923.62,stalled,270,2024-10-09,2025-07-06,,Jal Nigam,school,67.5,False
BI09487,Patna Constituency,Patna,Bihar,2000000,0.0,0.0,recommended,90,2024-08-30,2024-11-28,,Rural Dev Dept,electricity,,False
TA09023,Madurai Constituency,Madurai,Tamil Nadu,1500000,750000.0,2445540.08,sanctioned,180,2024-07-09,2025-01-05,,Jal Nigam,sanitation,,False
WE09786,Howrah Constituency,Howrah,West Bengal,200000,200000.0,147689.28,completed,365,2024-02-20,2025-02-19,2025-08-13,Jal Nigam,sanitation,100.0,False
RA10029,Jaipur Constituency,Jaipur,Rajasthan,1500000,0.0,0.0,recommended,730,2023-09-26,2025-09-25,,Rural Dev Dept,irrigation,,False
KA09385,Belagavi Constituency,Belagavi,Karnataka,1500000,1500000.0,852836.18,ongoing,180,2023-08-14,2024-02-10,,Rural Dev Dept,electricity,59.1,False
BI09643,Muzaffarpur Constituency,Muzaffarpur,Bihar,1000000,1000000.0,491962.24,completed,545,2023-11-16,2025-05-14,2025-05-11,Zilla Parishad,school,100.0,False
RA09067,Jaipur Constituency,Jaipur,Rajasthan,2000000,2000000.0,950043.05,sanctioned,180,2024-03-16,2024-09-12,,Rural Dev Dept,community hall,,False
KE09778,Kozhikode Constituency,Kozhikode,Kerala,750000,375000.0,298212.94,stalled,270,2023-09-23,2024-06-19,,Zilla Parishad,drinking water,18.1,False
KE09057,Kozhikode Constituency,Kozhikode,Kerala,750000,750000.0,736960.16,stalled,90,2023-07-14,2023-10-12,,PWD,sanitation,14.0,False
WE10392,Kolkata Constituency,Kolkata,West Bengal,300000,150000.0,68913.63,ongoing,545,2023-05-08,2024-11-03,,Rural Dev Dept,school,26.1,False
BI09458,Muzaffarpur Constituency,Muzaffarpur,Bihar,500000,500000.0,254392.15,ongoing,90,2023-04-05,2023-07-04,,Jal Nigam,irrigation,85.2,False
BI10269,Gaya Constituency,Gaya,Bihar,300000,300000.0,228867.56,completed,365,2023-02-09,2024-02-09,2024-05-22,PWD,sanitation,100.0,False
UT09358,Kanpur Nagar Constituency,Kanpur Nagar,Uttar Pradesh,750000,750000.0,301074.64,completed,545,2024-06-09,2025-12-06,2026-02-28,Jal Nigam,drinking water,100.0,False
AN10005,Krishna Constituency,Krishna,Andhra Pradesh,750000,375000.0,266693.84,ongoing,730,2024-06-05,2026-06-05,,PWD,school,89.3,False
KA10008,Belagavi Constituency,Belagavi,Karnataka,300000,300000.0,392092.44,completed,365,2023-07-26,2024-07-25,2024-12-21,Rural Dev Dept,community hall,100.0,False
MA10219,Pune Constituency,Pune,Maharashtra,2000000,1000000.0,876379.08,completed,365,2024-07-27,2025-07-27,2026-01-01,Rural Dev Dept,drinking water,100.0,False
AN09645,Krishna Constituency,Krishna,Andhra Pradesh,1500000,0.0,0.0,recommended,545,2023-09-13,2025-03-11,,Zilla Parishad,drinking water,,False
MA10124,Pune Constituency,Pune,Maharashtra,500000,500000.0,295826.27,stalled,270,2023-01-03,2023-09-30,,Rural Dev Dept,school,29.4,False
KE09841,Ernakulam Constituency,Ernakulam,Kerala,2000000,2000000.0,3112394.02,ongoing,545,2023-11-28,2025-05-26,,Zilla Parishad,irrigation,64.0,False
AN10276,Guntur Constituency,Guntur,Andhra Pradesh,500000,500000.0,279539.9,completed,365,2023-03-16,2024-03-15,2024-09-15,Jal Nigam,irrigation,100.0,False
UT10045,Varanasi Constituency,Varanasi,Uttar Pradesh,1000000,1000000.0,641269.24,stalled,365,2024-11-24,2025-11-24,,Jal Nigam,irrigation,86.0,False
TA10449,Coimbatore Constituency,Coimbatore,Tamil Nadu,1000000,1000000.0,616031.9,ongoing,180,2023-11-12,2024-05-10,,Zilla Parishad,school,77.8,False
TA10481,Madurai Constituency,Madurai,Tamil Nadu,750000,375000.0,950102.28,stalled,545,2023-07-06,2025-01-01,,Jal Nigam,irrigation,14.6,False
AN09485,Krishna Constituency,Krishna,Andhra Pradesh,750000,750000.0,504753.22,stalled,545,2023-11-01,2025-04-29,,Zilla Parishad,community hall,51.9,False
BI10157,Muzaffarpur Constituency,Muzaffarpur,Bihar,500000,500000.0,400603.84,ongoing,545,2024-03-03,2025-08-30,,Rural Dev Dept,school,60.2,False
RA10385,Jodhpur Constituency,Jodhpur,Rajasthan,1000000,0.0,437892.65,stalled,545,2024-11-15,2026-05-14,,Rural Dev Dept,electricity,43.3,True
KA09657,Mysuru Constituency,Mysuru,Karnataka,300000,300000.0,471045.48,stalled,365,2023-10-06,2024-10-05,,Zilla Parishad,road,12.9,False
BI09489,Patna Constituency,Patna,Bihar,1500000,0.0,1238082.13,stalled,90,2023-05-24,2023-08-22,,Rural Dev Dept,drinking water,90.4,True
AN10148,Guntur Constituency,Guntur,Andhra Pradesh,1500000,1500000.0,1361722.26,ongoing,365,2024-08-06,2025-08-06,,PWD,electricity,35.9,False
RA09249,Jodhpur Constituency,Jodhpur,Rajasthan,500000,0.0,0.0,recommended,90,2024-04-25,2024-07-24,,Jal Nigam,community hall,,False
BI09504,Gaya Constituency,Gaya,Bihar,300000,150000.0,369282.43,sanctioned,365,2023-10-06,2024-10-05,,Rural Dev Dept,irrigation,,False
WE09283,Kolkata Constituency,Kolkata,West Bengal,750000,750000.0,585706.18,ongoing,730,2024-01-29,2026-01-28,,PWD,irrigation,12.2,False
AN10414,Visakhapatnam Constituency,Visakhapatnam,Andhra Pradesh,1500000,1500000.0,1447689.85,completed,180,2024-09-10,2025-03-09,2025-03-31,Rural Dev Dept,community hall,100.0,False
WE09395,Kolkata Constituency,Kolkata,West Bengal,200000,100000.0,74426.75,stalled,545,2024-06-07,2025-12-04,,Rural Dev Dept,road,17.0,False
MA09885,Pune Constituency,Pune,Maharashtra,1500000,750000.0,2648031.16,completed,180,2024-07-02,2024-12-29,2025-01-15,Zilla Parishad,electricity,100.0,False
BI09901,Gaya Constituency,Gaya,Bihar,200000,200000.0,152983.33,ongoing,270,2023-04-20,2024-01-15,,Rural Dev Dept,school,60.7,False
BI09698,Patna Constituency,Patna,Bihar,1000000,1000000.0,670366.62,sanctioned,730,2024-01-05,2026-01-04,,Jal Nigam,community hall,,False
WE09967,Howrah Constituency,Howrah,West Bengal,750000,750000.0,700744.68,completed,545,2024-01-12,2025-07-10,2025-09-06,Zilla Parishad,sanitation,100.0,False
AN10416,Krishna Constituency,Krishna,Andhra Pradesh,750000,0.0,1228424.27,recommended,270,2023-07-06,2024-04-01,,Zilla Parishad,sanitation,,False
KE09826,Ernakulam Constituency,Ernakulam,Kerala,200000,100000.0,78595.69,sanctioned,270,2023-11-01,2024-07-28,,PWD,sanitation,,False
UT09607,Varanasi Constituency,Varanasi,Uttar Pradesh,300000,300000.0,396728.16,ongoing,90,2024-09-18,2024-12-17,,Rural Dev Dept,sanitation,90.2,False
UT10294,Varanasi Constituency,Varanasi,Uttar Pradesh,300000,150000.0,79970.16,completed,90,2023-10-19,2024-01-17,2024-03-18,Jal Nigam,community hall,100.0,False
BI09983,Patna Constituency,Patna,Bihar,750000,0.0,0.0,recommended,545,2024-01-30,2025-07-28,,Zilla Parishad,road,,False
BI09816,Muzaffarpur Constituency,Muzaffarpur,Bihar,300000,150000.0,135298.3,stalled,545,2023-12-18,2025-06-15,,PWD,school,93.8,False
BI10012,Muzaffarpur Constituency,Muzaffarpur,Bihar,1000000,0.0,0.0,recommended,730,2023-01-22,2025-01-21,,PWD,drinking water,,False
WE09830,Howrah Constituency,Howrah,West Bengal,300000,0.0,130536.36,completed,545,2023-12-26,2025-06-23,2025-07-06,PWD,school,100.0,True
RA09872,Jaipur Constituency,Jaipur,Rajasthan,1000000,500000.0,437460.39,sanctioned,180,2024-03-25,2024-09-21,,PWD,irrigation,,False
MA10001,Nagpur Constituency,Nagpur,Maharashtra,750000,750000.0,317976.22,completed,90,2024-02-25,2024-05-25,2024-07-05,PWD,community hall,100.0,False
UT10375,Varanasi Constituency,Varanasi,Uttar Pradesh,200000,100000.0,326371.53,ongoing,730,2023-08-09,2025-08-08,,Zilla Parishad,school,43.4,False
KA10418,Mysuru Constituency,Mysuru,Karnataka,200000,0.0,0.0,recommended,180,2023-03-13,2023-09-09,,PWD,road,,False
BI10059,Patna Constituency,Patna,Bihar,1000000,0.0,1423452.37,recommended,730,2024-09-09,2026-09-09,,Zilla Parishad,irrigation,,False
KA09735,Mysuru Constituency,Mysuru,Karnataka,1000000,1000000.0,555123.59,sanctioned,365,2023-08-12,2024-08-11,,Jal Nigam,sanitation,,False
BI09812,Muzaffarpur Constituency,Muzaffarpur,Bihar,200000,200000.0,294404.99,ongoing,545,2023-01-24,2024-07-22,,PWD,school,88.0,False
UT09904,Kanpur Nagar Constituency,Kanpur Nagar,Uttar Pradesh,200000,0.0,0.0,recommended,545,2024-08-15,2026-02-11,,Rural Dev Dept,electricity,,False
AN09061,Guntur Constituency,Guntur,Andhra Pradesh,2000000,1000000.0,740053.08,completed,730,2024-05-24,2026-05-24,2026-10-02,Zilla Parishad,school,100.0,False
BI09676,Patna Constituency,Patna,Bihar,300000,300000.0,275658.8,completed,270,2024-02-16,2024-11-12,2025-01-27,Jal Nigam,irrigation,100.0,False
MA09923,Nagpur Constituency,Nagpur,Maharashtra,300000,300000.0,207376.93,sanctioned,270,2023-05-22,2024-02-16,,Jal Nigam,electricity,,False
TA09460,Chennai Constituency,Chennai,Tamil Nadu,2000000,1000000.0,828163.28,stalled,730,2023-02-06,2025-02-05,,Zilla Parishad,school,82.7,False
KA10479,Mysuru Constituency,Mysuru,Karnataka,200000,0.0,0.0,recommended,730,2023-10-05,2025-10-04,,Jal Nigam,road,,True
MA09948,Pune Constituency,Pune,Maharashtra,500000,250000.0,163092.51,stalled,545,2024-07-26,2026-01-22,,Rural Dev Dept,electricity,78.6,False
WE10337,Kolkata Constituency,Kolkata,West Bengal,300000,150000.0,122350.27,stalled,365,2023-04-17,2024-04-16,,PWD,school,94.0,False
KE09562,Kozhikode Constituency,Kozhikode,Kerala,2000000,1000000.0,522528.09,completed,270,2023-06-06,2024-03-02,2024-09-06,PWD,sanitation,100.0,False
KA09721,Mysuru Constituency,Mysuru,Karnataka,300000,300000.0,223573.4,stalled,730,2023-08-29,2025-08-28,,PWD,sanitation,67.3,False
BI09539,Gaya Constituency,Gaya,Bihar,200000,200000.0,187896.67,ongoing,180,2023-03-28,2023-09-24,,Rural Dev Dept,drinking water,55.9,False
KA10296,Bengaluru Urban Constituency,Bengaluru Urban,Karnataka,300000,0.0,0.0,recommended,90,2023-05-04,2023-08-02,,Rural Dev Dept,sanitation,,False
AN09037,Krishna Constituency,Krishna,Andhra Pradesh,2000000,2000000.0,1122373.0,sanctioned,90,2024-11-07,2025-02-05,,PWD,community hall,,False
BI09565,Gaya Constituency,Gaya,Bihar,2000000,2000000.0,1442365.47,sanctioned,545,2023-02-04,2024-08-02,,Rural Dev Dept,school,,False
TA09305,Madurai Constituency,Madurai,Tamil Nadu,500000,250000.0,221980.94,completed,545,2024-01-13,2025-07-11,2025-07-20,PWD,community hall,100.0,False
KE09780,Ernakulam Constituency,Ernakulam,Kerala,200000,100000.0,82062.16,completed,180,2023-12-23,2024-06-20,2024-10-28,PWD,community hall,100.0,False
KA09158,Belagavi Constituency,Belagavi,Karnataka,500000,250000.0,240382.44,ongoing,545,2024-08-01,2026-01-28,,PWD,sanitation,72.0,False
KA09631,Belagavi Constituency,Belagavi,Karnataka,2000000,2000000.0,1897029.31,ongoing,365,2024-09-02,2025-09-02,,Jal Nigam,drinking water,10.3,False
MA09956,Nagpur Constituency,Nagpur,Maharashtra,200000,100000.0,96503.71,sanctioned,730,2023-07-07,2025-07-06,,Rural Dev Dept,drinking water,,False
BI09284,Patna Constituency,Patna,Bihar,1000000,0.0,0.0,recommended,730,2023-03-07,2025-03-06,,PWD,school,,False
WE09867,Kolkata Constituency,Kolkata,West Bengal,750000,375000.0,256180.24,ongoing,180,2024-07-21,2025-01-17,,Jal Nigam,sanitation,42.2,False
KA09019,Mysuru Constituency,Mysuru,Karnataka,200000,100000.0,96166.67,ongoing,90,2024-07-28,2024-10-26,,Zilla Parishad,community hall,39.8,False
MA09543,Nagpur Constituency,Nagpur,Maharashtra,500000,500000.0,449272.34,sanctioned,545,2023-10-05,2025-04-02,,PWD,community hall,,False
WE09438,Howrah Constituency,Howrah,West Bengal,500000,500000.0,349714.25,sanctioned,730,2024-08-10,2026-08-10,,Jal Nigam,drinking water,,False
WE09084,Kolkata Constituency,Kolkata,West Bengal,200000,100000.0,60863.27,stalled,730,2023-08-19,2025-08-18,,Jal Nigam,school,76.6,False
BI09225,Patna Constituency,Patna,Bihar,1000000,1000000.0,710935.85,completed,270,2023-04-01,2023-12-27,2024-05-08,PWD,community hall,100.0,False
MA09965,Nagpur Constituency,Nagpur,Maharashtra,500000,0.0,0.0,recommended,730,2023-04-12,2025-04-11,,Zilla Parishad,community hall,,False
MA10493,Nagpur Constituency,Nagpur,Maharashtra,200000,200000.0,172955.33,ongoing,545,2023-03-13,2024-09-08,,Rural Dev Dept,drinking water,77.9,False
TA09557,Chennai Constituency,Chennai,Tamil Nadu,200000,0.0,0.0,recommended,730,2023-01-31,2025-01-30,,Rural Dev Dept,sanitation,,False
WE10338,Howrah Constituency,Howrah,West Bengal,1000000,1000000.0,492860.38,ongoing,180,2023-07-07,2024-01-03,,PWD,school,48.8,False
KE10147,Kozhikode Constituency,Kozhikode,Kerala,1500000,1500000.0,775801.04,completed,365,2023-01-01,2024-01-01,2024-02-15,Jal Nigam,drinking water,100.0,False
TA09262,Madurai Constituency,Madurai,Tamil Nadu,300000,0.0,0.0,recommended,365,2023-07-29,2024-07-28,,Zilla Parishad,electricity,,False
AN09658,Visakhapatnam Constituency,Visakhapatnam,Andhra Pradesh,1000000,1000000.0,1636025.43,stalled,180,2023-06-05,2023-12-02,,Rural Dev Dept,sanitation,44.0,False
AN10292,Guntur Constituency,Guntur,Andhra Pradesh,2000000,1000000.0,866390.39,ongoing,90,2023-11-06,2024-02-04,,PWD,irrigation,11.1,False
KA09790,Belagavi Constituency,Belagavi,Karnataka,300000,300000.0,178246.6,sanctioned,365,2024-08-02,2025-08-02,,Jal Nigam,school,,False
BI10017,Gaya Constituency,Gaya,Bihar,1500000,0.0,0.0,recommended,270,2023-04-01,2023-12-27,,Zilla Parishad,school,,False
AN09604,Krishna Constituency,Krishna,Andhra Pradesh,1000000,0.0,0.0,recommended,545,2023-06-29,2024-12-25,,Jal Nigam,sanitation,,False
WE10319,Kolkata Constituency,Kolkata,West Bengal,500000,250000.0,233420.67,sanctioned,545,2023-12-20,2025-06-17,,PWD,road,,False
BI10094,Muzaffarpur Constituency,Muzaffarpur,Bihar,1000000,500000.0,451226.47,sanctioned,90,2023-05-14,2023-08-12,,Rural Dev Dept,community hall,,False
KA09672,Mysuru Constituency,Mysuru,Karnataka,750000,750000.0,1196214.96,sanctioned,730,2024-11-06,2026-11-06,,Jal Nigam,school,,False
KE09112,Kozhikode Constituency,Kozhikode,Kerala,2000000,1000000.0,915627.41,completed,730,2023-05-07,2025-05-06,2025-05-19,Jal Nigam,community hall,100.0,False
BI09318,Muzaffarpur Constituency,Muzaffarpur,Bihar,1000000,500000.0,265338.17,completed,90,2024-06-14,2024-09-12,2025-03-25,PWD,school,100.0,False
WE09018,Howrah Constituency,Howrah,West Bengal,2000000,0.0,0.0,recommended,270,2023-11-19,2024-08-15,,PWD,road,,False
KE09704,Kozhikode Constituency,Kozhikode,Kerala,2000000,2000000.0,1168290.5,ongoing,270,2024-03-17,2024-12-12,,Zilla Parishad,irrigation,63.0,False
MA09752,Pune Constituency,Pune,Maharashtra,500000,250000.0,173243.45,stalled,90,2024-07-18,2024-10-16,,Jal Nigam,community hall,47.1,False
AN09950,Guntur Constituency,Guntur,Andhra Pradesh,300000,0.0,0.0,recommended,365,2024-08-06,2025-08-06,,Rural Dev Dept,community hall,,False
BI10329,Gaya Constituency,Gaya,Bihar,750000,750000.0,597831.65,ongoing,545,2023-05-07,2024-11-02,,Jal Nigam,sanitation,88.7,False
KA10320,Belagavi Constituency,Belagavi,Karnataka,750000,750000.0,517215.38,completed,180,2024-05-26,2024-11-22,2025-02-25,Rural Dev Dept,school,100.0,False
KA09475,Bengaluru Urban Constituency,Bengaluru Urban,Karnataka,750000,0.0,0.0,recommended,270,2023-08-27,2024-05-23,,Jal Nigam,drinking water,,False
UT09799,Varanasi Constituency,Varanasi,Uttar Pradesh,200000,200000.0,130787.12,stalled,180,2024-05-28,2024-11-24,,Jal Nigam,community hall,18.8,False
KE09568,Kozhikode Constituency,Kozhikode,Kerala,1500000,750000.0,390466.54,stalled,730,2023-05-07,2025-05-06,,Zilla Parishad,sanitation,80.4,False
TA09773,Chennai Constituency,Chennai,Tamil Nadu,300000,0.0,164815.98,completed,545,2023-04-09,2024-10-05,2024-09-30,Jal Nigam,school,100.0,True
RA10023,Jaipur Constituency,Jaipur,Rajasthan,300000,0.0,0.0,recommended,545,2024-05-03,2025-10-30,,Jal Nigam,drinking water,,False
KA10133,Belagavi Constituency,Belagavi,Karnataka,500000,500000.0,285420.78,ongoing,365,2024-05-03,2025-05-03,,PWD,school,59.1,False
RA09077,Jodhpur Constituency,Jodhpur,Rajasthan,200000,200000.0,153047.37,ongoing,730,2024-03-10,2026-03-10,,Jal Nigam,school,67.4,False
AN09159,Krishna Constituency,Krishna,Andhra Pradesh,2000000,2000000.0,1628517.68,sanctioned,365,2023-04-04,2024-04-03,,PWD,school,,False
MA10037,Nagpur Constituency,Nagpur,Maharashtra,750000,750000.0,1327374.11,sanctioned,270,2023-12-08,2024-09-03,,Jal Nigam,drinking water,,False
WE10291,Kolkata Constituency,Kolkata,West Bengal,300000,0.0,0.0,recommended,270,2024-01-31,2024-10-27,,Zilla Parishad,road,,False
KA09229,Mysuru Constituency,Mysuru,Karnataka,2000000,2000000.0,2616545.74,stalled,730,2024-08-29,2026-08-29,,Zilla Parishad,irrigation,84.6,False
KA09409,Bengaluru Urban Constituency,Bengaluru Urban,Karnataka,500000,500000.0,462760.08,stalled,365,2024-08-22,2025-08-22,,Zilla Parishad,sanitation,38.7,False
WE10314,Kolkata Constituency,Kolkata,West Bengal,300000,0.0,466577.05,sanctioned,545,2024-09-15,2026-03-14,,Rural Dev Dept,sanitation,,True
BI09022,Patna Constituency,Patna,Bihar,200000,0.0,0.0,recommended,180,2024-06-19,2024-12-16,,Zilla Parishad,electricity,,False
RA10387,Jodhpur Constituency,Jodhpur,Rajasthan,750000,375000.0,367278.64,sanctioned,730,2023-01-31,2025-01-30,,Zilla Parishad,irrigation,,False
KA09444,Belagavi Constituency,Belagavi,Karnataka,200000,200000.0,157946.47,sanctioned,545,2023-01-04,2024-07-02,,Jal Nigam,community hall,,False
WE09367,Howrah Constituency,Howrah,West Bengal,300000,300000.0,265297.96,sanctioned,270,2023-02-03,2023-10-31,,PWD,sanitation,,False
TA10114,Madurai Constituency,Madurai,Tamil Nadu,200000,200000.0,242697.95,completed,545,2023-10-02,2025-03-30,2025-03-21,Jal Nigam,sanitation,100.0,False
KE09209,Ernakulam Constituency,Ernakulam,Kerala,1000000,1000000.0,480916.9,completed,180,2024-06-15,2024-12-12,2025-02-21,Jal Nigam,school,100.0,False
AN10457,Krishna Constituency,Krishna,Andhra Pradesh,1500000,0.0,2498587.12,stalled,545,2024-08-06,2026-02-02,,Rural Dev Dept,irrigation,44.0,True
UT09728,Varanasi Constituency,Varanasi,Uttar Pradesh,300000,300000.0,230552.99,completed,180,2024-10-06,2025-04-04,2025-03-05,PWD,road,100.0,False
UT09758,Kanpur Nagar Constituency,Kanpur Nagar,Uttar Pradesh,300000,0.0,405232.37,recommended,270,2023-06-15,2024-03-11,,Zilla Parishad,sanitation,,False
AN09300,Krishna Constituency,Krishna,Andhra Pradesh,750000,375000.0,342834.51,sanctioned,270,2023-09-10,2024-06-06,,Jal Nigam,road,,False
RA09055,Jaipur Constituency,Jaipur,Rajasthan,2000000,1000000.0,883504.12,stalled,545,2023-05-06,2024-11-01,,PWD,drinking water,59.9,False
TA09139,Coimbatore Constituency,Coimbatore,Tamil Nadu,750000,750000.0,533643.66,completed,180,2024-11-20,2025-05-19,2025-12-02,Jal Nigam,electricity,100.0,False
TA09097,Chennai Constituency,Chennai,Tamil Nadu,200000,200000.0,168636.32,stalled,365,2024-07-26,2025-07-26,,PWD,road,10.0,False
AN10419,Krishna Constituency,Krishna,Andhra Pradesh,2000000,1000000.0,773313.75,ongoing,365,2024-07-24,2025-07-24,,Jal Nigam,sanitation,21.5,False
UT09526,Lucknow Constituency,Lucknow,Uttar Pradesh,200000,200000.0,358365.78,stalled,180,2024-04-18,2024-10-15,,Rural Dev Dept,irrigation,93.0,False
KA10500,Belagavi Constituency,Belagavi,Karnataka,750000,750000.0,699610.84,completed,730,2023-08-22,2025-08-21,2025-12-02,Jal Nigam,drinking water,100.0,False
UT09700,Lucknow Constituency,Lucknow,Uttar Pradesh,1500000,1500000.0,1171608.17,ongoing,270,2024-07-06,2025-04-02,,Zilla Parishad,irrigation,26.9,False
TA09092,Madurai Constituency,Madurai,Tamil Nadu,500000,500000.0,712771.46,completed,545,2024-03-18,2025-09-14,2025-10-05,Rural Dev Dept,irrigation,100.0,False
UT10345,Lucknow Constituency,Lucknow,Uttar Pradesh,500000,500000.0,668640.97,stalled,90,2024-10-26,2025-01-24,,Zilla Parishad,sanitation,77.3,False
AN09669,Guntur Constituency,Guntur,Andhra Pradesh,500000,500000.0,324297.12,completed,365,2023-02-11,2024-02-11,2024-03-09,Jal Nigam,sanitation,100.0,False
WE09942,Kolkata Constituency,Kolkata,West Bengal,300000,150000.0,126941.89,completed,270,2023-03-30,2023-12-25,2024-01-02,Zilla Parishad,road,100.0,False
KA09617,Belagavi Constituency,Belagavi,Karnataka,500000,250000.0,233420.43,sanctioned,365,2023-09-14,2024-09-13,,Zilla Parishad,drinking water,,False
KA09717,Mysuru Constituency,Mysuru,Karnataka,750000,375000.0,256060.04,completed,180,2023-05-11,2023-11-07,2023-10-09,Rural Dev Dept,drinking water,100.0,False
WE10355,Kolkata Constituency,Kolkata,West Bengal,1500000,1500000.0,1034052.02,completed,180,2024-06-30,2024-12-27,2024-12-29,PWD,irrigation,100.0,False
MA09866,Pune Constituency,Pune,Maharashtra,2000000,0.0,3469202.31,recommended,180,2024-01-02,2024-06-30,,Jal Nigam,irrigation,,False
KA09710,Bengaluru Urban Constituency,Bengaluru Urban,Karnataka,1000000,1000000.0,543506.32,completed,90,2024-10-13,2025-01-11,2025-01-31,Zilla Parishad,irrigation,100.0,False
KA09743,Belagavi Constituency,Belagavi,Karnataka,1000000,1000000.0,871120.5,ongoing,730,2024-05-24,2026-05-24,,PWD,electricity,18.0,False
KE10278,Ernakulam Constituency,Ernakulam,Kerala,1500000,0.0,1094834.01,sanctioned,730,2024-06-29,2026-06-29,,PWD,road,,True
KA09446,Mysuru Constituency,Mysuru,Karnataka,750000,750000.0,501473.23,stalled,365,2024-08-03,2025-08-03,,Rural Dev Dept,drinking water,75.8,False
UT09036,Kanpur Nagar Constituency,Kanpur Nagar,Uttar Pradesh,1500000,750000.0,2303029.31,ongoing,365,2023-06-27,2024-06-26,,Rural Dev Dept,road,31.4,False
KA09118,Mysuru Constituency,Mysuru,Karnataka,1000000,0.0,604319.12,sanctioned,730,2023-02-22,2025-02-21,,Rural Dev Dept,irrigation,,True
WE09648,Howrah Constituency,Howrah,West Bengal,750000,750000.0,911846.8,completed,270,2024-04-06,2025-01-01,2025-01-04,Jal Nigam,drinking water,100.0,False
WE09998,Howrah Constituency,Howrah,West Bengal,500000,500000.0,415490.06,stalled,180,2023-06-16,2023-12-13,,Zilla Parishad,drinking water,12.8,False
AN09675,Visakhapatnam Constituency,Visakhapatnam,Andhra Pradesh,1000000,1000000.0,494870.05,ongoing,90,2024-10-21,2025-01-19,,Jal Nigam,electricity,56.5,False
UT10400,Varanasi Constituency,Varanasi,Uttar Pradesh,500000,500000.0,349357.31,sanctioned,90,2024-04-12,2024-07-11,,Rural Dev Dept,school,,False
UT09600,Kanpur Nagar Constituency,Kanpur Nagar,Uttar Pradesh,300000,0.0,0.0,recommended,180,2023-12-15,2024-06-12,,Zilla Parishad,sanitation,,False
BI09393,Patna Constituency,Patna,Bihar,500000,250000.0,108921.2,stalled,365,2023-06-29,2024-06-28,,Jal Nigam,sanitation,35.3,False
MA10235,Nagpur Constituency,Nagpur,Maharashtra,2000000,1000000.0,866739.94,sanctioned,90,2024-01-08,2024-04-07,,Rural Dev Dept,school,,False
MA09974,Nagpur Constituency,Nagpur,Maharashtra,750000,750000.0,576328.54,stalled,90,2023-10-22,2024-01-20,,Rural Dev Dept,road,90.0,False
MA09027,Nagpur Constituency,Nagpur,Maharashtra,1500000,750000.0,546026.04,completed,730,2023-06-26,2025-06-25,2025-06-16,Rural Dev Dept,community hall,100.0,False
BI10352,Muzaffarpur Constituency,Muzaffarpur,Bihar,750000,0.0,0.0,recommended,365,2023-03-13,2024-03-12,,PWD,electricity,,False
WE09729,Howrah Constituency,Howrah,West Bengal,750000,0.0,0.0,recommended,730,2023-06-07,2025-06-06,,PWD,school,,False
AN10162,Visakhapatnam Constituency,Visakhapatnam,Andhra Pradesh,1500000,1500000.0,1282204.49,sanctioned,365,2023-04-10,2024-04-09,,Jal Nigam,electricity,,False
TA10245,Chennai Constituency,Chennai,Tamil Nadu,2000000,2000000.0,1525591.89,ongoing,90,2024-05-26,2024-08-24,,Rural Dev Dept,community hall,40.2,False
BI09933,Muzaffarpur Constituency,Muzaffarpur,Bihar,200000,0.0,0.0,recommended,90,2023-09-19,2023-12-18,,Rural Dev Dept,sanitation,,False
UT09807,Kanpur Nagar Constituency,Kanpur Nagar,Uttar Pradesh,750000,750000.0,357752.63,stalled,730,2023-12-03,2025-12-02,,Zilla Parishad,electricity,33.5,False
MA09677,Nagpur Constituency,Nagpur,Maharashtra,1000000,500000.0,316582.21,ongoing,270,2024-02-26,2024-11-22,,PWD,road,94.7,False
AN09270,Guntur Constituency,Guntur,Andhra Pradesh,300000,0.0,0.0,recommended,545,2023-12-28,2025-06-25,,Jal Nigam,community hall,,False
BI10391,Muzaffarpur Constituency,Muzaffarpur,Bihar,300000,0.0,126328.16,stalled,180,2024-06-27,2024-12-24,,PWD,drinking water,69.3,True
KA09636,Bengaluru Urban Constituency,Bengaluru Urban,Karnataka,1500000,1500000.0,882712.22,ongoing,180,2023-07-13,2024-01-09,,PWD,electricity,34.9,False
TA09066,Chennai Constituency,Chennai,Tamil Nadu,300000,300000.0,230955.42,stalled,730,2024-07-03,2026-07-03,,Rural Dev Dept,road,35.7,False
UT09161,Varanasi Constituency,Varanasi,Uttar Pradesh,750000,750000.0,1232216.7,ongoing,180,2024-04-10,2024-10-07,,Jal Nigam,school,26.3,False
KE09544,Ernakulam Constituency,Ernakulam,Kerala,1500000,1500000.0,1345502.76,sanctioned,180,2023-04-16,2023-10-13,,Rural Dev Dept,school,,False
KE09295,Ernakulam Constituency,Ernakulam,Kerala,300000,150000.0,82314.06,ongoing,90,2024-03-22,2024-06-20,,Rural Dev Dept,drinking water,12.3,False
AN09914,Krishna Constituency,Krishna,Andhra Pradesh,500000,500000.0,478164.2,sanctioned,90,2023-09-17,2023-12-16,,Zilla Parishad,community hall,,False
UT09111,Lucknow Constituency,Lucknow,Uttar Pradesh,2000000,2000000.0,1931850.06,completed,270,2023-02-04,2023-11-01,2023-10-18,PWD,irrigation,100.0,False
UT09952,Varanasi Constituency,Varanasi,Uttar Pradesh,200000,200000.0,165761.07,stalled,545,2024-03-03,2025-08-30,,Rural Dev Dept,road,92.8,False
BI10252,Gaya Constituency,Gaya,Bihar,750000,0.0,0.0,recommended,365,2023-11-19,2024-11-18,,Zilla Parishad,school,,False
MA09160,Pune Constituency,Pune,Maharashtra,1000000,500000.0,366359.81,completed,270,2023-04-27,2024-01-22,2024-06-14,Zilla Parishad,electricity,100.0,False
AN10496,Visakhapatnam Constituency,Visakhapatnam,Andhra Pradesh,2000000,2000000.0,869281.92,stalled,365,2024-10-16,2025-10-16,,Zilla Parishad,electricity,60.6,False
KE10009,Kozhikode Constituency,Kozhikode,Kerala,2000000,2000000.0,3588633.34,stalled,90,2023-06-24,2023-09-22,,Rural Dev Dept,community hall,25.4,False
KE09033,Ernakulam Constituency,Ernakulam,Kerala,2000000,2000000.0,1064204.93,completed,270,2023-06-30,2024-03-26,2024-04-15,Zilla Parishad,sanitation,100.0,False
MA09032,Nagpur Constituency,Nagpur,Maharashtra,300000,300000.0,132426.27,ongoing,365,2024-08-22,2025-08-22,,Rural Dev Dept,school,92.9,False
UT09891,Kanpur Nagar Constituency,Kanpur Nagar,Uttar Pradesh,750000,750000.0,696941.7,stalled,180,2023-01-01,2023-06-30,,Zilla Parishad,road,23.4,False
UT10485,Kanpur Nagar Constituency,Kanpur Nagar,Uttar Pradesh,300000,300000.0,158596.38,completed,730,2023-12-12,2025-12-11,2026-01-19,Zilla Parishad,drinking water,100.0,False
KA09550,Mysuru Constituency,Mysuru,Karnataka,2000000,2000000.0,836389.74,sanctioned,180,2024-07-12,2025-01-08,,Rural Dev Dept,community hall,,False
KE09038,Kozhikode Constituency,Kozhikode,Kerala,300000,150000.0,79746.39,stalled,90,2023-06-09,2023-09-07,,Zilla Parishad,road,49.4,False
RA09506,Jaipur Constituency,Jaipur,Rajasthan,300000,0.0,0.0,recommended,730,2023-03-09,2025-03-08,,Jal Nigam,sanitation,,False
UT09331,Kanpur Nagar Constituency,Kanpur Nagar,Uttar Pradesh,300000,300000.0,369513.4,completed,365,2023-01-08,2024-01-08,2024-03-06,Zilla Parishad,school,100.0,False
MA09154,Pune Constituency,Pune,Maharashtra,2000000,0.0,3409929.65,recommended,90,2024-01-05,2024-04-04,,Zilla Parishad,road,,True
KE10173,Ernakulam Constituency,Ernakulam,Kerala,500000,500000.0,242219.52,completed,365,2023-02-10,2024-02-10,2024-05-13,Jal Nigam,irrigation,100.0,False
UT10112,Kanpur Nagar Constituency,Kanpur Nagar,Uttar Pradesh,1000000,0.0,0.0,recommended,545,2023-09-06,2025-03-04,,Jal Nigam,road,,False
AN09028,Krishna Constituency,Krishna,Andhra Pradesh,750000,750000.0,528942.66,completed,545,2024-10-21,2026-04-19,2026-09-05,Zilla Parishad,drinking water,100.0,False
BI09653,Muzaffarpur Constituency,Muzaffarpur,Bihar,750000,375000.0,308802.21,stalled,730,2023-10-20,2025-10-19,,Rural Dev Dept,school,78.6,False
AN09507,Visakhapatnam Constituency,Visakhapatnam,Andhra Pradesh,1500000,1500000.0,1243695.94,sanctioned,270,2024-03-22,2024-12-17,,PWD,electricity,,False
BI09435,Gaya Constituency,Gaya,Bihar,1500000,1500000.0,1031881.96,stalled,365,2024-05-31,2025-05-31,,Jal Nigam,drinking water,41.5,False
MA10073,Nagpur Constituency,Nagpur,Maharashtra,2000000,1000000.0,473757.99,ongoing,730,2024-03-04,2026-03-04,,PWD,irrigation,14.6,False
AN10211,Guntur Constituency,Guntur,Andhra Pradesh,1000000,500000.0,424319.14,ongoing,180,2023-09-07,2024-03-05,,PWD,electricity,49.4,False
RA09272,Jodhpur Constituency,Jodhpur,Rajasthan,750000,375000.0,227395.81,stalled,270,2023-05-15,2024-02-09,,Zilla Parishad,sanitation,33.2,False
BI09959,Patna Constituency,Patna,Bihar,500000,0.0,143949.75,stalled,270,2023-10-09,2024-07-05,,Zilla Parishad,irrigation,12.5,True
AN09091,Guntur Constituency,Guntur,Andhra Pradesh,200000,0.0,0.0,recommended,730,2024-06-24,2026-06-24,,Zilla Parishad,school,,False
BI09359,Patna Constituency,Patna,Bihar,200000,200000.0,181178.23,completed,545,2024-04-19,2025-10-16,2025-11-19,Zilla Parishad,electricity,100.0,False
KA09064,Mysuru Constituency,Mysuru,Karnataka,2000000,2000000.0,1326534.52,ongoing,90,2024-01-30,2024-04-29,,Zilla Parishad,road,47.7,False
WE09736,Kolkata Constituency,Kolkata,West Bengal,200000,200000.0,352293.51,sanctioned,270,2023-12-23,2024-09-18,,Jal Nigam,school,,False
KE09369,Ernakulam Constituency,Ernakulam,Kerala,2000000,2000000.0,3030727.02,sanctioned,180,2024-11-03,2025-05-02,,Jal Nigam,sanitation,,False
KA10302,Bengaluru Urban Constituency,Bengaluru Urban,Karnataka,2000000,1000000.0,3536665.39,stalled,90,2024-06-30,2024-09-28,,PWD,sanitation,85.8,False
MA10142,Nagpur Constituency,Nagpur,Maharashtra,2000000,1000000.0,783000.25,ongoing,270,2024-08-29,2025-05-26,,Jal Nigam,irrigation,11.2,False
TA09560,Madurai Constituency,Madurai,Tamil Nadu,1500000,1500000.0,698535.42,ongoing,545,2024-02-06,2025-08-04,,PWD,irrigation,38.7,False
AN09147,Krishna Constituency,Krishna,Andhra Pradesh,750000,750000.0,513757.9,completed,545,2023-12-12,2025-06-09,2025-11-03,Zilla Parishad,irrigation,100.0,False
KE09741,Kozhikode Constituency,Kozhikode,Kerala,750000,750000.0,456909.8,sanctioned,270,2023-05-09,2024-02-03,,Rural Dev Dept,irrigation,,False
BI09316,Patna Constituency,Patna,Bihar,200000,200000.0,176879.14,ongoing,730,2023-02-07,2025-02-06,,Jal Nigam,irrigation,30.9,False
RA09730,Jodhpur Constituency,Jodhpur,Rajasthan,300000,300000.0,226825.56,ongoing,545,2024-02-16,2025-08-14,,Rural Dev Dept,electricity,32.2,False
TA09696,Coimbatore Constituency,Coimbatore,Tamil Nadu,1500000,750000.0,700108.08,completed,545,2024-07-07,2026-01-03,2026-07-08,Rural Dev Dept,electricity,100.0,False
KE09399,Ernakulam Constituency,Ernakulam,Kerala,1500000,0.0,2518860.97,stalled,90,2024-11-29,2025-02-27,,PWD,electricity,51.8,True
RA10284,Jaipur Constituency,Jaipur,Rajasthan,500000,250000.0,126552.22,stalled,545,2023-09-27,2025-03-25,,PWD,school,70.3,False
UT10000,Kanpur Nagar Constituency,Kanpur Nagar,Uttar Pradesh,1000000,1000000.0,448727.09,sanctioned,365,2023-10-05,2024-10-04,,Jal Nigam,drinking water,,False
UT10330,Lucknow Constituency,Lucknow,Uttar Pradesh,1000000,0.0,1736962.65,recommended,545,2023-02-04,2024-08-02,,Rural Dev Dept,sanitation,,False
TA09049,Madurai Constituency,Madurai,Tamil Nadu,200000,100000.0,57227.0,stalled,730,2024-10-11,2026-10-11,,Zilla Parishad,road,41.0,False
KA09825,Bengaluru Urban Constituency,Bengaluru Urban,Karnataka,500000,500000.0,408377.19,ongoing,270,2024-03-21,2024-12-16,,Zilla Parishad,drinking water,21.1,False
WE10125,Howrah Constituency,Howrah,West Bengal,500000,250000.0,119043.01,stalled,365,2024-11-24,2025-11-24,,Rural Dev Dept,school,31.1,False
UT09805,Lucknow Constituency,Lucknow,Uttar Pradesh,300000,0.0,495004.08,recommended,730,2024-03-30,2026-03-30,,Jal Nigam,drinking water,,False
RA09555,Jodhpur Constituency,Jodhpur,Rajasthan,200000,100000.0,291024.18,stalled,90,2023-09-24,2023-12-23,,Zilla Parishad,sanitation,25.9,False
UT09107,Lucknow Constituency,Lucknow,Uttar Pradesh,300000,150000.0,62272.07,completed,545,2023-08-18,2025-02-13,2025-05-13,Jal Nigam,road,100.0,False
KE10258,Ernakulam Constituency,Ernakulam,Kerala,1500000,750000.0,575273.77,stalled,90,2024-11-22,2025-02-20,,Zilla Parishad,irrigation,72.8,False
AN09286,Visakhapatnam Constituency,Visakhapatnam,Andhra Pradesh,2000000,2000000.0,2431739.2,sanctioned,365,2023-06-11,2024-06-10,,Jal Nigam,electricity,,False
RA09529,Jaipur Constituency,Jaipur,Rajasthan,300000,0.0,0.0,recommended,90,2023-10-07,2024-01-05,,Jal Nigam,sanitation,,False
BI10184,Patna Constituency,Patna,Bihar,1000000,0.0,0.0,recommended,365,2023-03-13,2024-03-12,,Rural Dev Dept,community hall,,False
KA09570,Bengaluru Urban Constituency,Bengaluru Urban,Karnataka,500000,500000.0,347514.24,completed,90,2024-11-02,2025-01-31,2025-03-22,Rural Dev Dept,community hall,100.0,False
TA09469,Coimbatore Constituency,Coimbatore,Tamil Nadu,750000,375000.0,243217.14,completed,730,2024-01-06,2026-01-05,2026-04-12,PWD,irrigation,100.0,False
RA09149,Jodhpur Constituency,Jodhpur,Rajasthan,1000000,500000.0,435904.51,completed,365,2024-02-19,2025-02-18,2025-05-22,Rural Dev Dept,school,100.0,False
UT10014,Kanpur Nagar Constituency,Kanpur Nagar,Uttar Pradesh,2000000,0.0,0.0,recommended,270,2024-03-05,2024-11-30,,PWD,drinking water,,False
RA10127,Jodhpur Constituency,Jodhpur,Rajasthan,200000,200000.0,156480.62,sanctioned,545,2024-05-20,2025-11-16,,Jal Nigam,road,,False
KA09338,Belagavi Constituency,Belagavi,Karnataka,1500000,0.0,0.0,recommended,730,2023-08-30,2025-08-29,,Zilla Parishad,sanitation,,False
RA10429,Jodhpur Constituency,Jodhpur,Rajasthan,200000,200000.0,148146.18,ongoing,270,2023-12-06,2024-09-01,,Rural Dev Dept,irrigation,53.2,False
KA10444,Mysuru Constituency,Mysuru,Karnataka,1500000,1500000.0,1411133.22,stalled,730,2024-04-29,2026-04-29,,PWD,electricity,10.1,False
KE10169,Ernakulam Constituency,Ernakulam,Kerala,500000,250000.0,723733.5,sanctioned,270,2023-12-15,2024-09-10,,Rural Dev Dept,school,,False
WE10158,Howrah Constituency,Howrah,West Bengal,1000000,1000000.0,490361.66,stalled,180,2024-01-06,2024-07-04,,PWD,road,43.7,False
BI09165,Muzaffarpur Constituency,Muzaffarpur,Bihar,1000000,0.0,761700.86,stalled,90,2024-04-02,2024-07-01,,PWD,sanitation,29.0,True
UT10041,Lucknow Constituency,Lucknow,Uttar Pradesh,300000,0.0,0.0,recommended,545,2023-10-23,2025-04-20,,Rural Dev Dept,sanitation,,False
BI09719,Muzaffarpur Constituency,Muzaffarpur,Bihar,2000000,1000000.0,2723205.73,sanctioned,730,2024-10-24,2026-10-24,,Rural Dev Dept,community hall,,False
RA09048,Jodhpur Constituency,Jodhpur,Rajasthan,1500000,1500000.0,789948.15,completed,545,2024-05-08,2025-11-04,2025-10-28,Jal Nigam,drinking water,100.0,False
UT09375,Lucknow Constituency,Lucknow,Uttar Pradesh,2000000,1000000.0,3053257.12,ongoing,730,2024-02-05,2026-02-04,,Rural Dev Dept,sanitation,12.6,False
AN09060,Visakhapatnam Constituency,Visakhapatnam,Andhra Pradesh,200000,100000.0,74013.48,ongoing,730,2023-05-14,2025-05-13,,PWD,drinking water,53.9,False
TA09479,Coimbatore Constituency,Coimbatore,Tamil Nadu,500000,500000.0,272788.75,sanctioned,90,2023-08-27,2023-11-25,,PWD,school,,False
KE10317,Kozhikode Constituency,Kozhikode,Kerala,500000,500000.0,466382.51,completed,545,2023-01-04,2024-07-02,2024-06-13,Jal Nigam,drinking water,100.0,False
TA09713,Coimbatore Constituency,Coimbatore,Tamil Nadu,750000,375000.0,1199070.75,sanctioned,270,2023-04-18,2024-01-13,,Jal Nigam,community hall,,False
KA10177,Mysuru Constituency,Mysuru,Karnataka,2000000,2000000.0,1982406.36,stalled,180,2023-10-15,2024-04-12,,PWD,sanitation,45.9,False
UT09671,Kanpur Nagar Constituency,Kanpur Nagar,Uttar Pradesh,2000000,2000000.0,1538736.16,stalled,365,2023-09-08,2024-09-07,,PWD,road,73.5,False
TA09878,Chennai Constituency,Chennai,Tamil Nadu,750000,750000.0,340200.95,stalled,545,2023-10-23,2025-04-20,,Rural Dev Dept,sanitation,78.9,False
AN09454,Visakhapatnam Constituency,Visakhapatnam,Andhra Pradesh,200000,200000.0,181569.04,sanctioned,180,2024-11-05,2025-05-04,,Zilla Parishad,electricity,,False
BI09789,Patna Constituency,Patna,Bihar,200000,200000.0,109507.32,stalled,270,2024-06-04,2025-03-01,,Rural Dev Dept,sanitation,94.5,False
KE09820,Ernakulam Constituency,Ernakulam,Kerala,300000,0.0,0.0,recommended,270,2023-05-26,2024-02-20,,Jal Nigam,electricity,,False
TA10438,Chennai Constituency,Chennai,Tamil Nadu,500000,500000.0,226923.25,stalled,90,2024-03-24,2024-06-22,,Rural Dev Dept,drinking water,34.1,False
AN10323,Guntur Constituency,Guntur,Andhra Pradesh,200000,200000.0,84596.94,sanctioned,545,2024-09-22,2026-03-21,,Zilla Parishad,road,,False
WE09174,Howrah Constituency,Howrah,West Bengal,2000000,0.0,0.0,recommended,545,2024-06-08,2025-12-05,,Jal Nigam,school,,False
BI10204,Gaya Constituency,Gaya,Bihar,750000,0.0,0.0,recommended,90,2023-05-11,2023-08-09,,Jal Nigam,sanitation,,False
AN10051,Guntur Constituency,Guntur,Andhra Pradesh,1000000,1000000.0,930073.93,completed,180,2023-03-25,2023-09-21,2023-11-18,PWD,sanitation,100.0,False
KE09201,Kozhikode Constituency,Kozhikode,Kerala,300000,0.0,0.0,recommended,180,2023-04-04,2023-10-01,,PWD,community hall,,False
KE10256,Kozhikode Constituency,Kozhikode,Kerala,200000,100000.0,70506.85,sanctioned,365,2023-09-04,2024-09-03,,PWD,drinking water,,False
UT10237,Varanasi Constituency,Varanasi,Uttar Pradesh,200000,0.0,48453.0,completed,180,2024-08-20,2025-02-16,2025-01-19,Rural Dev Dept,community hall,100.0,True
AN10214,Krishna Constituency,Krishna,Andhra Pradesh,200000,0.0,0.0,recommended,730,2023-02-25,2025-02-24,,PWD,irrigation,,False
AN09810,Krishna Constituency,Krishna,Andhra Pradesh,750000,750000.0,721009.68,completed,730,2024-08-10,2026-08-10,2026-08-07,PWD,school,100.0,False
TA09020,Coimbatore Constituency,Coimbatore,Tamil Nadu,750000,0.0,0.0,recommended,730,2024-01-19,2026-01-18,,Jal Nigam,road,,False
UT09931,Varanasi Constituency,Varanasi,Uttar Pradesh,750000,0.0,0.0,recommended,90,2023-05-13,2023-08-11,,PWD,irrigation,,False
RA09082,Jodhpur Constituency,Jodhpur,Rajasthan,300000,0.0,0.0,recommended,270,2023-04-07,2024-01-02,,Rural Dev Dept,road,,False
TA09250,Coimbatore Constituency,Coimbatore,Tamil Nadu,1500000,1500000.0,652196.47,completed,270,2024-07-08,2025-04-04,2025-09-20,Rural Dev Dept,road,100.0,False
BI09200,Patna Constituency,Patna,Bihar,750000,750000.0,436165.14,sanctioned,90,2024-04-24,2024-07-23,,Zilla Parishad,community hall,,False
TA10396,Chennai Constituency,Chennai,Tamil Nadu,500000,250000.0,108305.78,completed,270,2024-02-29,2024-11-25,2024-12-28,Rural Dev Dept,electricity,100.0,False
KA10199,Bengaluru Urban Constituency,Bengaluru Urban,Karnataka,300000,300000.0,239069.04,ongoing,730,2024-02-09,2026-02-08,,Rural Dev Dept,electricity,52.6,False
MA09784,Nagpur Constituency,Nagpur,Maharashtra,200000,200000.0,303858.79,ongoing,90,2023-04-28,2023-07-27,,Rural Dev Dept,drinking water,89.4,False
RA09670,Jaipur Constituency,Jaipur,Rajasthan,2000000,1000000.0,657685.98,ongoing,180,2024-05-23,2024-11-19,,Zilla Parishad,irrigation,91.7,False
BI09668,Muzaffarpur Constituency,Muzaffarpur,Bihar,200000,100000.0,70929.4,sanctioned,270,2024-06-06,2025-03-03,,Jal Nigam,drinking water,,False
BI09220,Gaya Constituency,Gaya,Bihar,1000000,0.0,285500.4,sanctioned,730,2024-08-02,2026-08-02,,Rural Dev Dept,irrigation,,True
AN10161,Visakhapatnam Constituency,Visakhapatnam,Andhra Pradesh,1500000,1500000.0,909081.92,completed,270,2023-03-22,2023-12-17,2023-11-29,Jal Nigam,irrigation,100.0,False
UT10373,Lucknow Constituency,Lucknow,Uttar Pradesh,750000,0.0,0.0,recommended,180,2024-05-18,2024-11-14,,Jal Nigam,community hall,,False
AN10159,Krishna Constituency,Krishna,Andhra Pradesh,2000000,0.0,0.0,recommended,90,2024-11-29,2025-02-27,,Jal Nigam,irrigation,,False
BI09574,Gaya Constituency,Gaya,Bihar,300000,0.0,0.0,recommended,545,2024-04-12,2025-10-09,,Jal Nigam,school,,False
KE09434,Ernakulam Constituency,Ernakulam,Kerala,1000000,1000000.0,640582.08,sanctioned,180,2023-04-21,2023-10-18,,Zilla Parishad,drinking water,,False
UT09559,Lucknow Constituency,Lucknow,Uttar Pradesh,2000000,0.0,0.0,recommended,270,2023-01-01,2023-09-28,,PWD,sanitation,,False
AN09134,Visakhapatnam Constituency,Visakhapatnam,Andhra Pradesh,1000000,1000000.0,762258.56,stalled,730,2023-03-02,2025-03-01,,Jal Nigam,irrigation,31.2,False
KA09233,Belagavi Constituency,Belagavi,Karnataka,2000000,0.0,518995.98,completed,545,2024-03-07,2025-09-03,2026-01-20,Zilla Parishad,road,100.0,True
AN10326,Krishna Constituency,Krishna,Andhra Pradesh,500000,250000.0,168934.99,completed,90,2023-03-17,2023-06-15,2023-09-16,Jal Nigam,drinking water,100.0,False
UT09366,Varanasi Constituency,Varanasi,Uttar Pradesh,200000,0.0,0.0,recommended,365,2024-11-29,2025-11-29,,Jal Nigam,irrigation,,False
TA10002,Chennai Constituency,Chennai,Tamil Nadu,500000,250000.0,166051.69,ongoing,90,2023-10-06,2024-01-04,,Jal Nigam,irrigation,16.9,False
MA09376,Pune Constituency,Pune,Maharashtra,2000000,0.0,0.0,recommended,270,2024-01-20,2024-10-16,,PWD,drinking water,,False
BI09893,Gaya Constituency,Gaya,Bihar,300000,150000.0,132068.39,sanctioned,180,2023-01-04,2023-07-03,,PWD,drinking water,,False
WE09656,Howrah Constituency,Howrah,West Bengal,300000,300000.0,128622.75,completed,180,2024-10-19,2025-04-17,2025-06-29,Jal Nigam,drinking water,100.0,False
BI10155,Patna Constituency,Patna,Bihar,500000,500000.0,490949.0,stalled,90,2024-10-24,2025-01-22,,Jal Nigam,irrigation,48.9,False
TA09313,Madurai Constituency,Madurai,Tamil Nadu,1500000,1500000.0,1049710.69,completed,545,2024-04-03,2025-09-30,2025-12-04,Jal Nigam,school,100.0,False
RA09319,Jodhpur Constituency,Jodhpur,Rajasthan,1000000,1000000.0,677045.45,completed,270,2023-10-20,2024-07-16,2024-06-29,Zilla Parishad,electricity,100.0,False
WE09423,Kolkata Constituency,Kolkata,West Bengal,500000,500000.0,305368.33,ongoing,730,2023-12-10,2025-12-09,,Rural Dev Dept,drinking water,89.8,False
AN09896,Visakhapatnam Constituency,Visakhapatnam,Andhra Pradesh,300000,300000.0,142474.4,stalled,270,2023-05-05,2024-01-30,,Rural Dev Dept,community hall,53.2,False
KE10381,Ernakulam Constituency,Ernakulam,Kerala,1000000,1000000.0,899223.13,completed,365,2024-06-06,2025-06-06,2025-06-04,Jal Nigam,sanitation,100.0,False
UT09839,Kanpur Nagar Constituency,Kanpur Nagar,Uttar Pradesh,2000000,0.0,3541235.49,recommended,180,2024-09-14,2025-03-13,,PWD,electricity,,False
KE10115,Ernakulam Constituency,Ernakulam,Kerala,500000,500000.0,844622.63,stalled,180,2024-10-12,2025-04-10,,Zilla Parishad,school,70.3,False
AN09771,Visakhapatnam Constituency,Visakhapatnam,Andhra Pradesh,1500000,1500000.0,622371.46,ongoing,90,2023-06-13,2023-09-11,,Zilla Parishad,school,61.8,False
RA09744,Jaipur Constituency,Jaipur,Rajasthan,1500000,1500000.0,1229281.2,stalled,270,2024-09-17,2025-06-14,,Zilla Parishad,electricity,81.4,False
AN09641,Guntur Constituency,Guntur,Andhra Pradesh,1500000,750000.0,513589.65,sanctioned,90,2023-02-01,2023-05-02,,Jal Nigam,drinking water,,False
AN09585,Visakhapatnam Constituency,Visakhapatnam,Andhra Pradesh,500000,0.0,0.0,recommended,730,2024-02-16,2026-02-15,,Jal Nigam,irrigation,,False
AN10393,Krishna Constituency,Krishna,Andhra Pradesh,750000,375000.0,201514.41,completed,90,2023-11-28,2024-02-26,2024-06-05,Rural Dev Dept,road,100.0,False
UT10274,Lucknow Constituency,Lucknow,Uttar Pradesh,2000000,0.0,0.0,recommended,545,2024-04-19,2025-10-16,,Rural Dev Dept,irrigation,,False
UT09853,Kanpur Nagar Constituency,Kanpur Nagar,Uttar Pradesh,1000000,1000000.0,521092.96,ongoing,365,2024-05-22,2025-05-22,,Zilla Parishad,electricity,34.8,False
UT10102,Varanasi Constituency,Varanasi,Uttar Pradesh,300000,150000.0,114314.33,sanctioned,365,2024-05-16,2025-05-16,,PWD,sanitation,,False
MA10287,Nagpur Constituency,Nagpur,Maharashtra,1500000,1500000.0,745053.31,completed,270,2024-07-22,2025-04-18,2025-05-26,Rural Dev Dept,school,100.0,False
TA10472,Madurai Constituency,Madurai,Tamil Nadu,1500000,1500000.0,1468420.83,stalled,180,2023-09-12,2024-03-10,,PWD,school,11.8,False
TA10367,Coimbatore Constituency,Coimbatore,Tamil Nadu,1500000,1500000.0,1338217.75,ongoing,270,2023-12-03,2024-08-29,,Zilla Parishad,sanitation,33.1,False
UT09760,Kanpur Nagar Constituency,Kanpur Nagar,Uttar Pradesh,1000000,0.0,0.0,recommended,90,2024-01-28,2024-04-27,,Jal Nigam,drinking water,,True
TA09381,Coimbatore Constituency,Coimbatore,Tamil Nadu,300000,300000.0,521045.8,ongoing,180,2023-09-26,2024-03-24,,PWD,road,88.3,False
MA09912,Pune Constituency,Pune,Maharashtra,200000,200000.0,294169.24,completed,730,2024-01-10,2026-01-09,2026-07-05,Zilla Parishad,road,100.0,False
BI09484,Muzaffarpur Constituency,Muzaffarpur,Bihar,750000,0.0,1226348.6,recommended,90,2023-04-07,2023-07-06,,Rural Dev Dept,road,,False
KA09119,Mysuru Constituency,Mysuru,Karnataka,300000,300000.0,189965.83,sanctioned,365,2024-11-20,2025-11-20,,Rural Dev Dept,sanitation,,False
TA09384,Madurai Constituency,Madurai,Tamil Nadu,2000000,2000000.0,1742971.86,sanctioned,545,2023-08-27,2025-02-22,,Jal Nigam,irrigation,,False
RA09809,Jodhpur Constituency,Jodhpur,Rajasthan,1500000,750000.0,513572.69,completed,545,2024-07-02,2025-12-29,2026-02-07,Zilla Parishad,school,100.0,False
UT09561,Kanpur Nagar Constituency,Kanpur Nagar,Uttar Pradesh,1000000,0.0,0.0,recommended,730,2024-09-16,2026-09-16,,Rural Dev Dept,sanitation,,False
KA09815,Belagavi Constituency,Belagavi,Karnataka,1000000,1000000.0,957778.36,completed,365,2023-02-15,2024-02-15,2024-06-11,Rural Dev Dept,irrigation,100.0,False
MA09148,Nagpur Constituency,Nagpur,Maharashtra,300000,300000.0,170495.8,sanctioned,90,2024-05-08,2024-08-06,,Zilla Parishad,sanitation,,False
AN09394,Guntur Constituency,Guntur,Andhra Pradesh,500000,0.0,0.0,recommended,270,2024-02-11,2024-11-07,,Jal Nigam,drinking water,,False
AN09247,Visakhapatnam Constituency,Visakhapatnam,Andhra Pradesh,750000,750000.0,1147971.65,ongoing,180,2023-08-15,2024-02-11,,Zilla Parishad,sanitation,62.0,False
TA10265,Chennai Constituency,Chennai,Tamil Nadu,300000,150000.0,112439.16,completed,730,2023-01-28,2025-01-27,2025-07-27,PWD,community hall,100.0,False
KA09623,Belagavi Constituency,Belagavi,Karnataka,200000,200000.0,86476.2,ongoing,270,2023-12-28,2024-09-23,,PWD,road,90.7,False
UT09495,Kanpur Nagar Constituency,Kanpur Nagar,Uttar Pradesh,1500000,1500000.0,687475.81,stalled,545,2023-07-05,2024-12-31,,Jal Nigam,community hall,35.1,False
TA09882,Coimbatore Constituency,Coimbatore,Tamil Nadu,750000,375000.0,1044302.01,sanctioned,270,2023-07-16,2024-04-11,,Rural Dev Dept,drinking water,,False
KE09995,Ernakulam Constituency,Ernakulam,Kerala,1000000,0.0,0.0,recommended,545,2024-10-30,2026-04-28,,PWD,community hall,,False
UT09046,Varanasi Constituency,Varanasi,Uttar Pradesh,300000,0.0,423544.69,stalled,365,2023-01-08,2024-01-08,,PWD,sanitation,81.7,True
KA10437,Belagavi Constituency,Belagavi,Karnataka,200000,200000.0,146553.38,completed,730,2023-12-18,2025-12-17,2026-02-11,Rural Dev Dept,sanitation,100.0,False
WE09252,Kolkata Constituency,Kolkata,West Bengal,200000,0.0,0.0,recommended,180,2023-07-28,2024-01-24,,Rural Dev Dept,school,,False
KA10440,Mysuru Constituency,Mysuru,Karnataka,750000,0.0,0.0,recommended,90,2024-01-05,2024-04-04,,Rural Dev Dept,road,,False
WE09115,Howrah Constituency,Howrah,West Bengal,200000,100000.0,78194.06,stalled,180,2024-06-05,2024-12-02,,Jal Nigam,drinking water,80.2,False
BI09240,Muzaffarpur Constituency,Muzaffarpur,Bihar,1000000,1000000.0,700908.99,sanctioned,365,2023-11-04,2024-11-03,,Rural Dev Dept,community hall,,False
KA09548,Bengaluru Urban Constituency,Bengaluru Urban,Karnataka,2000000,2000000.0,1575240.65,ongoing,270,2023-10-29,2024-07-25,,PWD,drinking water,94.1,False
UT09486,Kanpur Nagar Constituency,Kanpur Nagar,Uttar Pradesh,1000000,1000000.0,894056.72,sanctioned,270,2023-03-21,2023-12-16,,PWD,electricity,,False
WE10448,Kolkata Constituency,Kolkata,West Bengal,200000,100000.0,86557.43,ongoing,90,2024-04-19,2024-07-18,,Jal Nigam,sanitation,27.0,False
MA10247,Pune Constituency,Pune,Maharashtra,300000,0.0,0.0,recommended,90,2023-01-10,2023-04-10,,PWD,drinking water,,False
KA09437,Belagavi Constituency,Belagavi,Karnataka,1000000,0.0,0.0,recommended,730,2024-08-08,2026-08-08,,PWD,sanitation,,False
KE10233,Ernakulam Constituency,Ernakulam,Kerala,1500000,0.0,0.0,recommended,270,2024-10-20,2025-07-17,,PWD,sanitation,,False
KA09876,Mysuru Constituency,Mysuru,Karnataka,300000,150000.0,103556.73,sanctioned,730,2024-12-01,2026-12-01,,PWD,electricity,,False
UT10097,Kanpur Nagar Constituency,Kanpur Nagar,Uttar Pradesh,1000000,1000000.0,705906.45,stalled,90,2024-11-03,2025-02-01,,Rural Dev Dept,community hall,14.3,False
UT09418,Kanpur Nagar Constituency,Kanpur Nagar,Uttar Pradesh,300000,300000.0,120072.84,stalled,365,2024-10-30,2025-10-30,,Jal Nigam,electricity,88.3,False
UT09498,Kanpur Nagar Constituency,Kanpur Nagar,Uttar Pradesh,200000,200000.0,187979.99,ongoing,180,2023-03-11,2023-09-07,,Rural Dev Dept,road,74.4,False
TA09488,Chennai Constituency,Chennai,Tamil Nadu,1500000,750000.0,514074.39,completed,545,2023-07-30,2025-01-25,2025-01-31,PWD,school,100.0,False
TA09627,Chennai Constituency,Chennai,Tamil Nadu,1500000,1500000.0,795547.09,ongoing,545,2024-06-24,2025-12-21,,PWD,irrigation,24.0,False
KA09034,Belagavi Constituency,Belagavi,Karnataka,500000,0.0,0.0,recommended,270,2023-09-30,2024-06-26,,PWD,school,,False
RA10052,Jodhpur Constituency,Jodhpur,Rajasthan,500000,500000.0,362374.71,completed,545,2023-01-22,2024-07-20,2024-08-09,PWD,school,100.0,False
AN09362,Guntur Constituency,Guntur,Andhra Pradesh,500000,250000.0,161600.48,completed,730,2023-12-02,2025-12-01,2026-04-27,Rural Dev Dept,community hall,100.0,False
TA10234,Chennai Constituency,Chennai,Tamil Nadu,200000,100000.0,56877.56,ongoing,180,2024-10-23,2025-04-21,,PWD,school,70.8,False
BI09962,Muzaffarpur Constituency,Muzaffarpur,Bihar,1000000,1000000.0,421145.42,ongoing,545,2023-03-22,2024-09-17,,Zilla Parishad,community hall,37.9,False
KE09047,Ernakulam Constituency,Ernakulam,Kerala,750000,375000.0,261275.5,sanctioned,180,2023-08-19,2024-02-15,,Zilla Parishad,school,,False
TA09907,Madurai Constituency,Madurai,Tamil Nadu,300000,300000.0,223591.74,ongoing,365,2023-11-30,2024-11-29,,PWD,school,45.2,False
WE09746,Kolkata Constituency,Kolkata,West Bengal,500000,500000.0,703225.58,sanctioned,270,2023-02-16,2023-11-13,,PWD,electricity,,False
UT09114,Kanpur Nagar Constituency,Kanpur Nagar,Uttar Pradesh,2000000,1000000.0,3038139.14,sanctioned,270,2023-05-01,2024-01-26,,Rural Dev Dept,road,,False
UT10404,Kanpur Nagar Constituency,Kanpur Nagar,Uttar Pradesh,500000,250000.0,817365.77,ongoing,365,2024-08-28,2025-08-28,,PWD,drinking water,34.0,False
MA10030,Pune Constituency,Pune,Maharashtra,1000000,1000000.0,474884.82,completed,545,2023-12-19,2025-06-16,2025-05-25,Jal Nigam,sanitation,100.0,False
RA09733,Jaipur Constituency,Jaipur,Rajasthan,300000,0.0,0.0,recommended,365,2024-01-31,2025-01-30,,Zilla Parishad,community hall,,False
KA09222,Mysuru Constituency,Mysuru,Karnataka,1500000,0.0,0.0,recommended,270,2023-11-26,2024-08-22,,PWD,sanitation,,False
TA09622,Madurai Constituency,Madurai,Tamil Nadu,2000000,0.0,0.0,recommended,545,2023-10-07,2025-04-04,,PWD,sanitation,,False
WE09842,Howrah Constituency,Howrah,West Bengal,300000,0.0,420646.67,recommended,180,2024-09-09,2025-03-08,,PWD,drinking water,,False
RA09189,Jodhpur Constituency,Jodhpur,Rajasthan,1000000,500000.0,312501.61,stalled,730,2023-05-20,2025-05-19,,Zilla Parishad,community hall,77.2,False
BI09072,Muzaffarpur Constituency,Muzaffarpur,Bihar,200000,0.0,295951.29,recommended,270,2023-08-31,2024-05-27,,PWD,road,,False
UT10149,Kanpur Nagar Constituency,Kanpur Nagar,Uttar Pradesh,1500000,750000.0,2309661.3,ongoing,365,2024-05-03,2025-05-03,,Zilla Parishad,electricity,33.8,False
KE10197,Kozhikode Constituency,Kozhikode,Kerala,750000,375000.0,314082.22,sanctioned,270,2023-03-10,2023-12-05,,PWD,irrigation,,False
BI09238,Muzaffarpur Constituency,Muzaffarpur,Bihar,1500000,1500000.0,883036.52,ongoing,365,2023-11-29,2024-11-28,,Rural Dev Dept,irrigation,28.7,False
KA09776,Belagavi Constituency,Belagavi,Karnataka,750000,750000.0,683590.4,ongoing,730,2024-11-19,2026-11-19,,Rural Dev Dept,community hall,24.4,False
UT09208,Kanpur Nagar Constituency,Kanpur Nagar,Uttar Pradesh,200000,200000.0,120700.58,completed,90,2024-02-21,2024-05-21,2024-08-16,Jal Nigam,community hall,100.0,False
AN09039,Guntur Constituency,Guntur,Andhra Pradesh,500000,250000.0,134703.1,completed,180,2024-07-17,2025-01-13,2025-06-19,Rural Dev Dept,electricity,100.0,False
KE10185,Kozhikode Constituency,Kozhikode,Kerala,750000,750000.0,698530.88,sanctioned,365,2023-11-22,2024-11-21,,Jal Nigam,irrigation,,False
KA10295,Belagavi Constituency,Belagavi,Karnataka,300000,0.0,0.0,recommended,90,2023-06-29,2023-09-27,,Zilla Parishad,school,,False
BI10328,Gaya Constituency,Gaya,Bihar,2000000,0.0,0.0,recommended,270,2024-05-15,2025-02-09,,Zilla Parishad,school,,True
KA09978,Mysuru Constituency,Mysuru,Karnataka,500000,500000.0,250445.53,ongoing,180,2023-09-15,2024-03-13,,Rural Dev Dept,sanitation,26.2,False
UT09642,Lucknow Constituency,Lucknow,Uttar Pradesh,2000000,2000000.0,1348560.47,sanctioned,270,2024-10-15,2025-07-12,,Jal Nigam,community hall,,False
UT10266,Varanasi Constituency,Varanasi,Uttar Pradesh,300000,300000.0,360096.85,stalled,545,2024-06-28,2025-12-25,,Zilla Parishad,sanitation,68.8,False
BI09969,Gaya Constituency,Gaya,Bihar,200000,100000.0,253376.98,stalled,90,2023-12-08,2024-03-07,,PWD,electricity,28.0,False
MA09109,Pune Constituency,Pune,Maharashtra,1000000,1000000.0,480120.92,sanctioned,365,2023-02-03,2024-02-03,,Jal Nigam,road,,False
BI09986,Muzaffarpur Constituency,Muzaffarpur,Bihar,300000,300000.0,184812.91,stalled,180,2023-01-23,2023-07-22,,Jal Nigam,school,74.8,False
TA09537,Madurai Constituency,Madurai,Tamil Nadu,300000,300000.0,238438.76,completed,730,2024-08-20,2026-08-20,2027-02-04,Jal Nigam,road,100.0,False
RA09389,Jodhpur Constituency,Jodhpur,Rajasthan,500000,250000.0,239816.67,stalled,365,2024-07-16,2025-07-16,,Jal Nigam,sanitation,53.5,False
TA09127,Chennai Constituency,Chennai,Tamil Nadu,1000000,1000000.0,532018.97,completed,180,2023-06-20,2023-12-17,2024-03-15,PWD,irrigation,100.0,False
KE10398,Ernakulam Constituency,Ernakulam,Kerala,500000,0.0,646105.85,recommended,270,2024-11-03,2025-07-31,,Rural Dev Dept,school,,False
UT09194,Kanpur Nagar Constituency,Kanpur Nagar,Uttar Pradesh,500000,500000.0,387124.76,stalled,730,2023-09-19,2025-09-18,,Rural Dev Dept,drinking water,51.5,False
AN10378,Visakhapatnam Constituency,Visakhapatnam,Andhra Pradesh,200000,200000.0,277891.28,stalled,545,2023-11-28,2025-05-26,,Rural Dev Dept,sanitation,42.2,False
UT09337,Kanpur Nagar Constituency,Kanpur Nagar,Uttar Pradesh,1000000,500000.0,1248056.21,ongoing,365,2023-03-08,2024-03-07,,Zilla Parishad,irrigation,78.2,False
UT09490,Lucknow Constituency,Lucknow,Uttar Pradesh,300000,0.0,0.0,recommended,180,2024-07-21,2025-01-17,,Rural Dev Dept,road,,False
MA10491,Pune Constituency,Pune,Maharashtra,750000,375000.0,1158860.96,stalled,730,2023-06-22,2025-06-21,,Rural Dev Dept,drinking water,22.8,False
KA10289,Mysuru Constituency,Mysuru,Karnataka,200000,100000.0,65268.38,ongoing,365,2023-06-16,2024-06-15,,Jal Nigam,irrigation,49.8,False
TA09481,Madurai Constituency,Madurai,Tamil Nadu,2000000,2000000.0,924241.19,ongoing,180,2024-11-16,2025-05-15,,Zilla Parishad,irrigation,76.5,False
MA10060,Nagpur Constituency,Nagpur,Maharashtra,1500000,0.0,0.0,recommended,365,2024-02-10,2025-02-09,,Zilla Parishad,school,,False
TA10186,Coimbatore Constituency,Coimbatore,Tamil Nadu,300000,150000.0,73591.37,completed,365,2024-05-14,2025-05-14,2025-09-26,PWD,school,100.0,False
KA09071,Mysuru Constituency,Mysuru,Karnataka,500000,250000.0,198831.71,ongoing,90,2023-03-09,2023-06-07,,Rural Dev Dept,community hall,49.2,False
AN09659,Guntur Constituency,Guntur,Andhra Pradesh,1500000,0.0,575390.34,stalled,270,2023-07-29,2024-04-24,,Rural Dev Dept,electricity,48.6,True
TA09791,Chennai Constituency,Chennai,Tamil Nadu,1500000,1500000.0,1458456.99,sanctioned,90,2024-07-11,2024-10-09,,Rural Dev Dept,electricity,,False
KA10254,Mysuru Constituency,Mysuru,Karnataka,750000,750000.0,545620.83,ongoing,90,2023-11-07,2024-02-05,,PWD,sanitation,86.6,False
TA09314,Chennai Constituency,Chennai,Tamil Nadu,1500000,1500000.0,694476.31,ongoing,730,2024-08-17,2026-08-17,,Jal Nigam,electricity,37.9,False
TA09329,Chennai Constituency,Chennai,Tamil Nadu,750000,0.0,0.0,recommended,90,2023-09-23,2023-12-22,,Rural Dev Dept,drinking water,,False
KA09421,Belagavi Constituency,Belagavi,Karnataka,300000,0.0,0.0,recommended,545,2023-02-24,2024-08-22,,Rural Dev Dept,electricity,,False
TA10413,Madurai Constituency,Madurai,Tamil Nadu,200000,200000.0,91178.99,stalled,270,2023-05-10,2024-02-04,,Rural Dev Dept,sanitation,78.2,False
TA09592,Madurai Constituency,Madurai,Tamil Nadu,2000000,2000000.0,2454595.82,completed,365,2023-03-25,2024-03-24,2024-06-05,Rural Dev Dept,road,100.0,False
BI10122,Patna Constituency,Patna,Bihar,200000,200000.0,113978.93,completed,545,2023-12-06,2025-06-03,2025-11-22,Rural Dev Dept,drinking water,100.0,False
UT09415,Lucknow Constituency,Lucknow,Uttar Pradesh,500000,500000.0,890320.06,completed,90,2023-05-07,2023-08-05,2023-12-18,Rural Dev Dept,electricity,100.0,False
RA10209,Jodhpur Constituency,Jodhpur,Rajasthan,200000,200000.0,285370.19,ongoing,270,2023-02-09,2023-11-06,,Jal Nigam,school,60.2,False
BI10275,Muzaffarpur Constituency,Muzaffarpur,Bihar,750000,750000.0,699521.13,sanctioned,270,2024-03-02,2024-11-27,,PWD,community hall,,False
UT09105,Varanasi Constituency,Varanasi,Uttar Pradesh,1000000,500000.0,1359738.14,completed,270,2024-07-15,2025-04-11,2025-09-13,Jal Nigam,sanitation,100.0,False
RA09075,Jaipur Constituency,Jaipur,Rajasthan,500000,500000.0,422491.69,ongoing,545,2024-08-15,2026-02-11,,Rural Dev Dept,drinking water,61.4,False
