project_id,project_title,description,mp_id,constituency_id,state_id,district_id,agency_id,category,sanctioned_amount,cost_estimate,released_amount,expenditure,project_status,sanction_date,start_date,expected_completion_date,actual_completion_date,progress_percentage,latitude,longitude,data_source
PRJ-2026-0001,Healthcare Work 2,Construction and development of healthcare facilities.,1,1,1,1,1,Healthcare,110042031.62,110042031.62,77029422.134,46803076.89,stalled,2024-04-02,2024-04-26,2025-04-02,,60.76,27.3684,79.173,REAL_MPLADS
PRJ-2026-0002,Healthcare Work 3,Construction and development of healthcare facilities.,1,1,1,1,1,Healthcare,80247410.38,80247410.38,0.0,0.0,recommended,2024-02-20,,2025-02-19,,0.0,19.1604,73.0849,REAL_MPLADS
PRJ-2026-0003,Water & Sanitation Work 4,Construction and development of water & sanitation facilities.,2,2,2,2,2,Water & Sanitation,68391239.1,68391239.1,47873867.36999999,20870731.96,ongoing,2024-04-02,2024-04-29,2025-04-02,,45.95,23.4647,76.0138,REAL_MPLADS
PRJ-2026-0004,Roads & Pathways Work 5,Construction and development of roads & pathways facilities.,2,2,2,2,2,Roads & Pathways,86382233.01000002,86382233.01000002,60467563.10700001,57444184.95,ongoing,2024-02-25,2024-03-24,2025-02-24,,5.32,20.9338,75.6745,REAL_MPLADS
PRJ-2026-0005,Infrastructure Work 6,Construction and development of infrastructure facilities.,3,3,3,3,3,Infrastructure,95618580.88,95618580.88,0.0,0.0,recommended,2024-04-03,,2025-04-03,,0.0,17.2358,76.7739,REAL_MPLADS
PRJ-2026-0006,Roads & Pathways Work 7,Construction and development of roads & pathways facilities.,3,3,3,3,3,Roads & Pathways,51381419.120000005,51381419.120000005,35966993.384,28826747.15,ongoing,2024-04-18,2024-05-08,2025-04-18,,73.88,26.7617,75.6225,REAL_MPLADS
PRJ-2026-0007,Healthcare Work 8,Construction and development of healthcare facilities.,4,4,4,4,4,Healthcare,79179432.74,79179432.74,79179432.74,79179432.74,completed,2024-01-23,2024-02-05,2025-01-22,2024-08-23,100.0,25.6163,72.2532,REAL_MPLADS
PRJ-2026-0008,Infrastructure Work 9,Construction and development of infrastructure facilities.,4,4,4,4,4,Infrastructure,67820567.26,67820567.26,0.0,0.0,sanctioned,2024-02-14,2024-02-28,2025-02-13,,0.0,25.3197,83.5948,REAL_MPLADS
PRJ-2026-0009,Water & Sanitation Work 10,Construction and development of water & sanitation facilities.,5,5,4,5,5,Water & Sanitation,63826701.99,63826701.99,0.0,0.0,sanctioned,2024-01-18,2024-02-13,2025-01-17,,0.0,23.855,78.1542,REAL_MPLADS
PRJ-2026-0010,Water & Sanitation Work 11,Construction and development of water & sanitation facilities.,5,5,4,5,5,Water & Sanitation,83173298.00999999,83173298.00999999,58221308.60699999,7725967.65,stalled,2024-03-04,2024-03-18,2025-03-04,,13.27,27.8812,77.4614,REAL_MPLADS
PRJ-2026-0011,Healthcare Work 12,Construction and development of healthcare facilities.,6,6,4,6,6,Healthcare,97136000.59,97136000.59,97136000.59,97136000.59,completed,2024-04-13,2024-05-11,2025-04-13,2024-11-27,100.0,26.0116,84.1514,REAL_MPLADS
PRJ-2026-0012,Roads & Pathways Work 13,Construction and development of roads & pathways facilities.,6,6,4,6,6,Roads & Pathways,49863999.41,49863999.41,0.0,0.0,recommended,2024-02-25,,2025-02-24,,0.0,17.3591,82.3022,REAL_MPLADS
PRJ-2026-0013,Roads & Pathways Work 14,Construction and development of roads & pathways facilities.,7,7,5,7,7,Roads & Pathways,93448785.45,93448785.45,0.0,0.0,sanctioned,2024-01-30,2024-02-21,2025-01-29,,0.0,20.7748,87.5899,REAL_MPLADS
PRJ-2026-0014,Education Work 15,Construction and development of education facilities.,7,7,5,7,7,Education,53551214.55,53551214.55,37485850.184999995,8183161.1,stalled,2024-01-15,2024-02-13,2025-01-14,,21.83,17.3663,79.7172,REAL_MPLADS
PRJ-2026-0015,Water & Sanitation Work 16,Construction and development of water & sanitation facilities.,8,8,6,8,8,Water & Sanitation,69885962.45,69885962.45,48920173.714999996,6501491.09,stalled,2024-02-12,2024-02-23,2025-02-11,,13.29,22.2422,81.0005,REAL_MPLADS
PRJ-2026-0016,Education Work 17,Construction and development of education facilities.,8,8,6,8,8,Education,81434414.66000001,81434414.66000001,57004090.262,7570143.19,stalled,2024-03-04,2024-03-29,2025-03-04,,13.28,26.2027,83.0281,REAL_MPLADS
PRJ-2026-0017,Infrastructure Work 18,Construction and development of infrastructure facilities.,9,9,6,9,9,Infrastructure,85998923.84,85998923.84,0.0,0.0,recommended,2024-04-05,,2025-04-05,,0.0,23.4576,73.9583,REAL_MPLADS
PRJ-2026-0018,Water & Sanitation Work 19,Construction and development of water & sanitation facilities.,9,9,6,9,9,Water & Sanitation,61001076.16,61001076.16,61001076.16,61001076.16,completed,2024-04-17,2024-05-04,2025-04-17,2024-11-20,100.0,17.7641,86.2859,REAL_MPLADS
PRJ-2026-0019,Education Work 20,Construction and development of education facilities.,10,10,1,10,10,Education,74509215.41,74509215.41,74509215.41,74509215.41,completed,2024-02-08,2024-02-25,2025-02-07,2024-09-12,100.0,20.5792,76.3427,REAL_MPLADS
PRJ-2026-0020,Roads & Pathways Work 21,Construction and development of roads & pathways facilities.,10,10,1,10,10,Roads & Pathways,73307093.70000002,73307093.70000002,51314965.59000001,34157632.76,ongoing,2024-02-18,2024-03-07,2025-02-17,,71.41,27.5797,77.4082,REAL_MPLADS
PRJ-2026-0021,Healthcare Work 22,Construction and development of healthcare facilities.,11,11,6,11,11,Healthcare,116605913.54,116605913.54,81624139.478,39743809.54,ongoing,2024-03-22,2024-04-01,2025-03-22,,45.01,25.7175,72.1913,REAL_MPLADS
PRJ-2026-0022,Education Work 23,Construction and development of education facilities.,11,11,6,11,11,Education,72116342.57000001,72116342.57000001,0.0,0.0,recommended,2024-03-20,,2025-03-20,,0.0,20.5265,76.4301,REAL_MPLADS
PRJ-2026-0023,Healthcare Work 24,Construction and development of healthcare facilities.,12,12,5,12,12,Healthcare,66328747.26,66328747.26,46430123.081999995,20931142.4,ongoing,2024-04-19,2024-05-02,2025-04-19,,46.37,17.2549,79.2139,REAL_MPLADS
PRJ-2026-0024,Healthcare Work 25,Construction and development of healthcare facilities.,12,12,5,12,12,Healthcare,154171252.74,154171252.74,0.0,0.0,sanctioned,2024-04-13,2024-05-05,2025-04-13,,0.0,18.0728,75.2163,REAL_MPLADS
PRJ-2026-0025,Roads & Pathways Work 26,Construction and development of roads & pathways facilities.,13,13,2,13,13,Roads & Pathways,54450257.21,54450257.21,54450257.21,54450257.21,completed,2024-03-23,2024-04-13,2025-03-23,2024-10-30,100.0,21.4247,84.643,REAL_MPLADS
PRJ-2026-0026,Education Work 27,Construction and development of education facilities.,13,13,2,13,13,Education,92549742.78999999,92549742.78999999,92549742.78999999,87922255.65,ongoing,2024-02-04,2024-02-18,2025-02-03,,9.39,23.9672,80.7011,REAL_MPLADS
PRJ-2026-0027,Infrastructure Work 28,Construction and development of infrastructure facilities.,14,14,7,14,14,Infrastructure,64123042.52,64123042.52,0.0,0.0,sanctioned,2024-02-07,2024-03-06,2025-02-06,,0.0,27.3985,87.9218,REAL_MPLADS
PRJ-2026-0028,Roads & Pathways Work 29,Construction and development of roads & pathways facilities.,14,14,7,14,14,Roads & Pathways,82876957.47999999,82876957.47999999,58013870.23599999,55113176.72,ongoing,2024-04-16,2024-05-04,2025-04-16,,4.25,21.0029,83.768,REAL_MPLADS
PRJ-2026-0029,Education Work 30,Construction and development of education facilities.,15,15,3,15,15,Education,77736247.59,77736247.59,0.0,0.0,recommended,2024-01-29,,2025-01-28,,0.0,21.7074,79.2221,REAL_MPLADS
PRJ-2026-0030,Infrastructure Work 31,Construction and development of infrastructure facilities.,15,15,3,15,15,Infrastructure,69263752.41,69263752.41,0.0,0.0,recommended,2024-01-31,,2025-01-30,,0.0,20.9859,82.8461,REAL_MPLADS
PRJ-2026-0031,Water & Sanitation Work 32,Construction and development of water & sanitation facilities.,16,16,7,16,16,Water & Sanitation,52861010.33,52861010.33,52861010.33,52861010.33,completed,2024-03-13,2024-04-11,2025-03-13,2024-10-28,100.0,26.8399,80.2558,REAL_MPLADS
PRJ-2026-0032,Roads & Pathways Work 33,Construction and development of roads & pathways facilities.,16,16,7,16,16,Roads & Pathways,94138989.67,94138989.67,94138989.67,94138989.67,completed,2024-01-21,2024-02-01,2025-01-20,2024-08-19,100.0,20.8874,72.3612,REAL_MPLADS
PRJ-2026-0033,Roads & Pathways Work 34,Construction and development of roads & pathways facilities.,17,17,5,17,17,Roads & Pathways,83545237.87,83545237.87,58481666.509,28689672.06,ongoing,2024-01-16,2024-01-26,2025-01-15,,45.95,21.6027,74.9586,REAL_MPLADS
PRJ-2026-0034,Education Work 35,Construction and development of education facilities.,17,17,5,17,17,Education,63454762.129999995,63454762.129999995,63454762.129999995,63454762.129999995,completed,2024-02-01,2024-02-13,2025-01-31,2024-08-31,100.0,22.5808,73.3709,REAL_MPLADS
PRJ-2026-0035,Infrastructure Work 36,Construction and development of infrastructure facilities.,18,18,5,18,18,Infrastructure,77027816.14,77027816.14,0.0,0.0,sanctioned,2024-03-23,2024-04-11,2025-03-23,,0.0,24.3224,80.1416,REAL_MPLADS
PRJ-2026-0036,Healthcare Work 37,Construction and development of healthcare facilities.,18,18,5,18,18,Healthcare,69972183.86,69972183.86,0.0,0.0,sanctioned,2024-01-21,2024-02-07,2025-01-20,,0.0,26.847,77.0957,REAL_MPLADS
PRJ-2026-0037,Education Work 38,Construction and development of education facilities.,19,19,5,19,19,Education,79694172.5,79694172.5,55785920.75,13425127.87,ongoing,2024-02-09,2024-02-24,2025-02-08,,24.5,17.3263,83.1703,REAL_MPLADS
PRJ-2026-0038,Roads & Pathways Work 39,Construction and development of roads & pathways facilities.,19,19,5,19,19,Roads & Pathways,67305827.5,67305827.5,67305827.5,67305827.5,completed,2024-04-19,2024-05-02,2025-04-19,2024-11-18,100.0,21.3933,77.2795,REAL_MPLADS
PRJ-2026-0039,Education Work 40,Construction and development of education facilities.,20,20,8,20,20,Education,79057097.16,79057097.16,0.0,0.0,sanctioned,2024-02-01,2024-02-17,2025-01-31,,0.0,25.4772,86.1319,REAL_MPLADS
PRJ-2026-0040,Water & Sanitation Work 41,Construction and development of water & sanitation facilities.,20,20,8,20,20,Water & Sanitation,67942902.84,67942902.84,47560031.988,11704523.87,stalled,2024-03-03,2024-03-27,2025-03-03,,24.61,22.1771,81.8252,REAL_MPLADS
PRJ-2026-0041,Education Work 42,Construction and development of education facilities.,21,21,3,21,21,Education,53425579.62,53425579.62,53425579.62,53425579.62,completed,2024-03-29,2024-04-19,2025-03-29,2024-11-05,100.0,23.0443,72.159,REAL_MPLADS
PRJ-2026-0042,Infrastructure Work 43,Construction and development of infrastructure facilities.,21,21,3,21,21,Infrastructure,93574420.38,93574420.38,65502094.265999995,14227054.87,stalled,2024-03-06,2024-04-02,2025-03-06,,21.72,24.3219,74.5394,REAL_MPLADS
PRJ-2026-1042,Community Hall Construction,Building a multi-purpose community hall in local area.,22,22,9,22,22,Infrastructure,5000000.0,5000000.0,4500000.0,4200000.0,ongoing,2023-01-10,2023-02-15,2024-01-09,,15.0,18.6125,72.7602,PROTOTYPE_SYNTHETIC
PRJ-2026-0044,Roads & Pathways Work 45,Construction and development of roads & pathways facilities.,22,22,9,22,22,Roads & Pathways,80011858.17,80011858.17,56008300.719,24290881.35,ongoing,2024-01-24,2024-02-12,2025-01-23,,43.54,17.3642,81.888,REAL_MPLADS
PRJ-2026-0045,Education Work 46,Construction and development of education facilities.,23,23,1,23,23,Education,44236531.07,44236531.07,44236531.07,42024704.52,ongoing,2024-04-21,2024-05-09,2025-04-21,,9.54,20.8771,87.4473,REAL_MPLADS
PRJ-2026-0046,Education Work 47,Construction and development of education facilities.,23,23,1,23,23,Education,102763468.93,102763468.93,0.0,0.0,recommended,2024-02-09,,2025-02-08,,0.0,22.5831,86.4643,REAL_MPLADS
PRJ-2026-0047,Healthcare Work 48,Construction and development of healthcare facilities.,24,24,10,24,24,Healthcare,60342377.15,60342377.15,0.0,0.0,sanctioned,2024-03-22,2024-04-03,2025-03-22,,0.0,19.2862,76.6187,REAL_MPLADS
PRJ-2026-0048,Education Work 49,Construction and development of education facilities.,24,24,10,24,24,Education,86657622.85,86657622.85,60660335.99499999,8492447.04,stalled,2024-03-30,2024-04-11,2025-03-30,,14.0,24.1377,76.7907,REAL_MPLADS
PRJ-2026-0049,Healthcare Work 50,Construction and development of healthcare facilities.,25,25,11,25,25,Healthcare,112371024.82,112371024.82,78659717.37399998,32874472.69,ongoing,2024-03-20,2024-04-11,2025-03-20,,40.29,25.391,86.9896,REAL_MPLADS
PRJ-2026-0050,Water & Sanitation Work 51,Construction and development of water & sanitation facilities.,25,25,11,25,25,Water & Sanitation,89528039.29000002,89528039.29000002,62669627.50300001,41976116.5,stalled,2024-03-22,2024-04-14,2025-03-22,,66.98,25.7857,76.3668,REAL_MPLADS
PRJ-2026-0051,Healthcare Work 52,Construction and development of healthcare facilities.,26,26,1,26,26,Healthcare,65474433.61,65474433.61,45832103.526999995,33723261.78,stalled,2024-04-21,2024-05-19,2025-04-21,,73.58,18.2313,81.542,REAL_MPLADS
PRJ-2026-0052,Roads & Pathways Work 53,Construction and development of roads & pathways facilities.,26,26,1,26,26,Roads & Pathways,81525566.39,81525566.39,81525566.39,81525566.39,completed,2024-02-20,2024-03-01,2025-02-19,2024-09-17,100.0,24.1322,84.4046,REAL_MPLADS
PRJ-2026-0053,Water & Sanitation Work 54,Construction and development of water & sanitation facilities.,27,27,12,27,27,Water & Sanitation,52293155.73,52293155.73,36605209.01099999,28497155.22,stalled,2024-03-17,2024-03-28,2025-03-17,,77.85,17.4855,86.2187,REAL_MPLADS
PRJ-2026-0054,Water & Sanitation Work 55,Construction and development of water & sanitation facilities.,27,27,12,27,27,Water & Sanitation,113398388.38000003,113398388.38000003,79378871.86600001,29676703.16,ongoing,2024-01-15,2024-01-29,2025-01-14,,39.46,25.0242,83.0876,REAL_MPLADS
PRJ-2026-0055,Education Work 56,Construction and development of education facilities.,28,28,13,28,28,Education,96934030.87,96934030.87,0.0,0.0,recommended,2024-03-06,,2025-03-06,,0.0,23.4953,87.1485,REAL_MPLADS
PRJ-2026-0056,Education Work 57,Construction and development of education facilities.,28,28,13,28,28,Education,50065969.129999995,50065969.129999995,35046178.390999995,7266249.01,ongoing,2024-02-17,2024-03-02,2025-02-16,,21.99,27.7572,87.3278,REAL_MPLADS
PRJ-2026-0057,Roads & Pathways Work 58,Construction and development of roads & pathways facilities.,29,29,5,29,29,Roads & Pathways,100312677.06,100312677.06,0.0,0.0,sanctioned,2024-02-28,2024-03-13,2025-02-27,,0.0,24.5052,86.7756,REAL_MPLADS
PRJ-2026-0058,Education Work 59,Construction and development of education facilities.,29,29,5,29,29,Education,46687322.94,46687322.94,46687322.94,46687322.94,completed,2024-01-21,2024-02-17,2025-01-20,2024-09-04,100.0,21.2443,82.2108,REAL_MPLADS
PRJ-2026-0059,Infrastructure Work 60,Construction and development of infrastructure facilities.,30,30,5,30,30,Infrastructure,79586014.64,79586014.64,0.0,0.0,recommended,2024-02-04,,2025-02-03,,0.0,22.4353,83.0164,REAL_MPLADS
PRJ-2026-0060,Water & Sanitation Work 61,Construction and development of water & sanitation facilities.,30,30,5,30,30,Water & Sanitation,67413985.36,67413985.36,47189789.752,19083550.98,stalled,2024-02-14,2024-03-06,2025-02-13,,40.44,22.5746,74.0417,REAL_MPLADS
PRJ-2026-0061,Roads & Pathways Work 62,Construction and development of roads & pathways facilities.,31,31,14,31,31,Roads & Pathways,83227020.83,83227020.83,58258914.58099999,43892266.25,stalled,2024-04-17,2024-05-17,2025-04-17,,75.34,25.8202,82.078,REAL_MPLADS
PRJ-2026-0062,Roads & Pathways Work 63,Construction and development of roads & pathways facilities.,31,31,14,31,31,Roads & Pathways,63772979.17,63772979.17,44641085.419,14646740.13,stalled,2024-03-30,2024-04-24,2025-03-30,,32.81,27.9433,82.4047,REAL_MPLADS
PRJ-2026-0063,Education Work 64,Construction and development of education facilities.,32,32,15,32,32,Education,87033282.59,87033282.59,60923297.813,24248466.7,ongoing,2024-02-16,2024-03-15,2025-02-15,,37.34,25.328,87.6747,REAL_MPLADS
PRJ-2026-0064,Infrastructure Work 65,Construction and development of infrastructure facilities.,32,32,15,32,32,Infrastructure,59966717.41,59966717.41,41976702.18699999,7967178.08,stalled,2024-02-29,2024-03-10,2025-02-28,,18.98,23.989,72.612,REAL_MPLADS
PRJ-2026-0065,Infrastructure Work 66,Construction and development of infrastructure facilities.,33,33,16,33,33,Infrastructure,47597465.31,47597465.31,0.0,0.0,stalled,2024-03-04,2024-03-26,2025-03-04,,21.23,22.6347,77.2036,REAL_MPLADS
PRJ-2026-0066,Water & Sanitation Work 67,Construction and development of water & sanitation facilities.,33,33,16,33,33,Water & Sanitation,50402534.69,50402534.69,35281774.28299999,6092216.73,ongoing,2024-03-26,2024-04-12,2025-03-26,,17.41,17.289,74.7729,REAL_MPLADS
PRJ-2026-0067,Healthcare Work 68,Construction and development of healthcare facilities.,34,34,8,34,34,Healthcare,93050482.91,93050482.91,65135338.03699999,42591321.47,ongoing,2024-02-04,2024-02-24,2025-02-03,,60.44,18.8291,87.9387,REAL_MPLADS
PRJ-2026-0068,Healthcare Work 69,Construction and development of healthcare facilities.,34,34,8,34,34,Healthcare,53949517.09,53949517.09,0.0,0.0,recommended,2024-03-28,,2025-03-28,,0.0,25.6447,77.1903,REAL_MPLADS
PRJ-2026-0069,Education Work 70,Construction and development of education facilities.,35,35,7,35,35,Education,96327682.35,96327682.35,67429377.645,18988112.74,stalled,2024-01-15,2024-02-07,2025-01-14,,28.16,18.2659,80.0718,REAL_MPLADS
PRJ-2026-0070,Healthcare Work 71,Construction and development of healthcare facilities.,35,35,7,35,35,Healthcare,50672317.650000006,50672317.650000006,0.0,0.0,sanctioned,2024-04-23,2024-05-03,2025-04-23,,0.0,20.627,86.5187,REAL_MPLADS
PRJ-2026-0071,Healthcare Work 72,Construction and development of healthcare facilities.,36,36,1,36,36,Healthcare,51038326.7,51038326.7,0.0,0.0,sanctioned,2024-03-19,2024-04-14,2025-03-19,,0.0,26.2706,77.3188,REAL_MPLADS
PRJ-2026-0072,Roads & Pathways Work 73,Construction and development of roads & pathways facilities.,36,36,1,36,36,Roads & Pathways,95961673.3,95961673.3,67173171.30999999,34231448.1,stalled,2024-03-20,2024-04-18,2025-03-20,,50.96,17.7255,87.3635,REAL_MPLADS
PRJ-2026-0073,Roads & Pathways Work 74,Construction and development of roads & pathways facilities.,37,37,9,37,37,Roads & Pathways,99313727.81,99313727.81,69519609.467,16573474.9,stalled,2024-03-30,2024-04-14,2025-03-30,,23.84,23.0294,73.2613,REAL_MPLADS
PRJ-2026-0074,Roads & Pathways Work 75,Construction and development of roads & pathways facilities.,37,37,9,37,37,Roads & Pathways,47686272.19,47686272.19,0.0,0.0,recommended,2024-04-19,,2025-04-19,,0.0,20.9201,84.0008,REAL_MPLADS
PRJ-2026-0075,Healthcare Work 76,Construction and development of healthcare facilities.,38,38,14,38,38,Healthcare,77181829.72,77181829.72,0.0,0.0,stalled,2024-03-24,2024-04-23,2025-03-24,,33.0,21.857,73.9437,REAL_MPLADS
PRJ-2026-0076,Education Work 77,Construction and development of education facilities.,38,38,14,38,38,Education,69818170.28,69818170.28,0.0,0.0,recommended,2024-04-13,,2025-04-13,,0.0,23.1529,80.33,REAL_MPLADS
PRJ-2026-0077,Water & Sanitation Work 78,Construction and development of water & sanitation facilities.,39,39,17,39,39,Water & Sanitation,91731148.33,91731148.33,64211803.83099999,36279669.16,stalled,2024-04-16,2024-04-26,2025-04-16,,56.5,24.5132,80.8563,REAL_MPLADS
PRJ-2026-0078,Water & Sanitation Work 79,Construction and development of water & sanitation facilities.,39,39,17,39,39,Water & Sanitation,74934783.47000001,74934783.47000001,52454348.429000005,16428701.93,stalled,2024-02-18,2024-03-03,2025-02-17,,31.32,25.7958,79.7973,REAL_MPLADS
PRJ-2026-0079,Infrastructure Work 80,Construction and development of infrastructure facilities.,40,40,5,40,40,Infrastructure,73485740.01,73485740.01,51440018.007,8142954.85,stalled,2024-03-13,2024-04-09,2025-03-13,,15.83,24.5017,81.4834,REAL_MPLADS
PRJ-2026-0080,Healthcare Work 81,Construction and development of healthcare facilities.,40,40,5,40,40,Healthcare,73514259.99,73514259.99,51459981.99299999,41226426.23,ongoing,2024-02-27,2024-03-15,2025-02-26,,75.48,26.4251,83.2691,REAL_MPLADS
PRJ-2026-0081,Education Work 82,Construction and development of education facilities.,41,41,6,41,41,Education,92242365.14,92242365.14,0.0,0.0,recommended,2024-02-10,,2025-02-09,,0.0,23.1508,80.7846,REAL_MPLADS
PRJ-2026-0082,Roads & Pathways Work 83,Construction and development of roads & pathways facilities.,41,41,6,41,41,Roads & Pathways,54757634.86,54757634.86,54757634.86,54757634.86,completed,2024-01-18,2024-02-03,2025-01-17,2024-08-21,100.0,26.5465,84.2001,REAL_MPLADS
PRJ-2026-0083,Water & Sanitation Work 84,Construction and development of water & sanitation facilities.,42,42,1,42,42,Water & Sanitation,102222132.96,102222132.96,0.0,0.0,recommended,2024-03-20,,2025-03-20,,0.0,27.8536,87.7488,REAL_MPLADS
PRJ-2026-0084,Healthcare Work 85,Construction and development of healthcare facilities.,42,42,1,42,42,Healthcare,44777867.04000001,44777867.04000001,0.0,0.0,recommended,2024-02-15,,2025-02-14,,0.0,22.5505,87.9993,REAL_MPLADS
PRJ-2026-0085,Education Work 86,Construction and development of education facilities.,43,43,5,43,43,Education,53264768.18,53264768.18,37285337.725999996,7740436.11,stalled,2024-01-18,2024-02-05,2025-01-17,,20.76,25.1617,80.9341,REAL_MPLADS
PRJ-2026-0086,Water & Sanitation Work 87,Construction and development of water & sanitation facilities.,43,43,5,43,43,Water & Sanitation,93735231.82,93735231.82,65614662.27399999,56265922.98,ongoing,2024-01-30,2024-02-15,2025-01-29,,82.09,26.0035,83.6109,REAL_MPLADS
PRJ-2026-0087,Healthcare Work 88,Construction and development of healthcare facilities.,44,44,18,44,44,Healthcare,60108825.99,60108825.99,42076178.192999996,26487758.9,ongoing,2024-03-27,2024-04-14,2025-03-27,,63.73,25.6827,72.3488,REAL_MPLADS
PRJ-2026-0088,Roads & Pathways Work 89,Construction and development of roads & pathways facilities.,44,44,18,44,44,Roads & Pathways,89461291.12,89461291.12,0.0,0.0,ongoing,2024-02-29,2024-03-26,2025-02-28,,8.41,23.9566,78.0602,REAL_MPLADS
PRJ-2026-0089,Healthcare Work 90,Construction and development of healthcare facilities.,45,45,11,45,45,Healthcare,57102587.24,57102587.24,0.0,0.0,recommended,2024-02-13,,2025-02-12,,0.0,27.266,80.0042,REAL_MPLADS
PRJ-2026-0090,Education Work 91,Construction and development of education facilities.,45,45,11,45,45,Education,89897412.75999999,89897412.75999999,0.0,0.0,sanctioned,2024-01-17,2024-02-13,2025-01-16,,0.0,25.3697,76.3159,REAL_MPLADS
PRJ-2026-0091,Education Work 92,Construction and development of education facilities.,46,46,3,46,46,Education,61016534.44,61016534.44,0.0,0.0,sanctioned,2024-02-08,2024-03-07,2025-02-07,,0.0,27.2318,83.16,REAL_MPLADS
PRJ-2026-0092,Water & Sanitation Work 93,Construction and development of water & sanitation facilities.,46,46,3,46,46,Water & Sanitation,133908086.67000002,133908086.67000002,133908086.67000002,127212682.34,ongoing,2024-04-23,2024-05-15,2025-04-23,,3.5,25.2366,73.1253,REAL_MPLADS
PRJ-2026-0093,Roads & Pathways Work 94,Construction and development of roads & pathways facilities.,47,47,5,47,47,Roads & Pathways,67398765.35,67398765.35,47179135.74499999,8600756.45,stalled,2024-03-16,2024-04-05,2025-03-16,,18.23,21.3779,78.3435,REAL_MPLADS
PRJ-2026-0094,Infrastructure Work 95,Construction and development of infrastructure facilities.,47,47,5,47,47,Infrastructure,79601234.65,79601234.65,55720864.255,15540549.04,stalled,2024-02-09,2024-03-01,2025-02-08,,27.89,27.427,77.4811,REAL_MPLADS
PRJ-2026-0095,Infrastructure Work 96,Construction and development of infrastructure facilities.,48,48,15,48,48,Infrastructure,76545458.99,76545458.99,0.0,0.0,recommended,2024-01-25,,2025-01-24,,0.0,17.4067,76.136,REAL_MPLADS
PRJ-2026-0096,Healthcare Work 97,Construction and development of healthcare facilities.,48,48,15,48,48,Healthcare,70454541.01,70454541.01,49318178.707,11283999.29,stalled,2024-01-16,2024-02-15,2025-01-15,,22.88,23.0769,77.1057,REAL_MPLADS
PRJ-2026-0097,Infrastructure Work 98,Construction and development of infrastructure facilities.,49,49,19,49,49,Infrastructure,62449207.09,62449207.09,43714444.963,28287582.14,ongoing,2024-04-22,2024-05-08,2025-04-22,,58.95,26.2797,82.1631,REAL_MPLADS
PRJ-2026-0098,Water & Sanitation Work 99,Construction and development of water & sanitation facilities.,49,49,19,49,49,Water & Sanitation,84550792.91,84550792.91,0.0,0.0,sanctioned,2024-02-18,2024-03-12,2025-02-17,,0.0,23.5276,72.3079,REAL_MPLADS
PRJ-2026-0099,Healthcare Work 100,Construction and development of healthcare facilities.,50,50,4,50,50,Healthcare,81225170.75,81225170.75,56857619.525,40846513.87,stalled,2024-03-31,2024-04-18,2025-03-31,,71.84,24.7004,83.9029,REAL_MPLADS
PRJ-2026-0100,Infrastructure Work 101,Construction and development of infrastructure facilities.,50,50,4,50,50,Infrastructure,65774829.25,65774829.25,46042380.474999994,6666936.69,stalled,2024-02-08,2024-03-09,2025-02-07,,14.48,22.4283,83.662,REAL_MPLADS
PRJ-2026-0101,Water & Sanitation Work 102,Construction and development of water & sanitation facilities.,51,51,19,51,51,Water & Sanitation,145559013.66,145559013.66,101891309.56199999,59840766.11,stalled,2024-02-26,2024-03-15,2025-02-25,,58.73,21.7827,80.3669,REAL_MPLADS
PRJ-2026-0102,Education Work 103,Construction and development of education facilities.,51,51,19,51,51,Education,135837341.45000002,135837341.45000002,135837341.45000002,135837341.45000002,completed,2024-02-24,2024-03-21,2025-02-23,2024-10-07,100.0,23.416,82.7985,REAL_MPLADS
PRJ-2026-0103,Infrastructure Work 104,Construction and development of infrastructure facilities.,52,52,1,52,52,Infrastructure,69602897.58,69602897.58,69602897.58,34801448.79,stalled,2024-03-26,2024-04-12,2025-03-26,,25.28,27.6184,87.1017,REAL_MPLADS
PRJ-2026-0104,Education Work 105,Construction and development of education facilities.,52,52,1,52,52,Education,77397102.42,77397102.42,54177971.694,34553997.62,ongoing,2024-04-03,2024-04-20,2025-04-03,,68.5,22.4388,87.9128,REAL_MPLADS
PRJ-2026-0105,Healthcare Work 106,Construction and development of healthcare facilities.,53,53,19,53,53,Healthcare,102622194.49,102622194.49,0.0,0.0,recommended,2024-01-29,,2025-01-28,,0.0,20.0016,83.2998,REAL_MPLADS
PRJ-2026-0106,Healthcare Work 107,Construction and development of healthcare facilities.,53,53,19,53,53,Healthcare,44377805.510000005,44377805.510000005,0.0,0.0,recommended,2024-04-15,,2025-04-15,,0.0,26.0203,83.0294,REAL_MPLADS
PRJ-2026-0107,Healthcare Work 108,Construction and development of healthcare facilities.,54,54,9,54,54,Healthcare,79693278.26,79693278.26,0.0,0.0,sanctioned,2024-02-18,2024-03-09,2025-02-17,,0.0,25.4644,84.686,REAL_MPLADS
PRJ-2026-0108,Education Work 109,Construction and development of education facilities.,54,54,9,54,54,Education,67306721.74,67306721.74,0.0,0.0,sanctioned,2024-02-06,2024-02-20,2025-02-05,,0.0,23.4847,75.0506,REAL_MPLADS
PRJ-2026-0109,Education Work 110,Construction and development of education facilities.,55,55,5,55,55,Education,51457565.32,51457565.32,51457565.32,51457565.32,completed,2024-04-24,2024-05-15,2025-04-24,2024-12-01,100.0,22.4459,84.2881,REAL_MPLADS
PRJ-2026-0110,Water & Sanitation Work 111,Construction and development of water & sanitation facilities.,55,55,5,55,55,Water & Sanitation,95542434.68,95542434.68,0.0,0.0,recommended,2024-04-23,,2025-04-23,,0.0,21.5139,72.2562,REAL_MPLADS
PRJ-2026-0111,Roads & Pathways Work 112,Construction and development of roads & pathways facilities.,56,56,3,56,56,Roads & Pathways,85514992.98,85514992.98,0.0,0.0,recommended,2024-03-26,,2025-03-26,,0.0,19.3135,87.9554,REAL_MPLADS
PRJ-2026-0112,Roads & Pathways Work 113,Construction and development of roads & pathways facilities.,56,56,3,56,56,Roads & Pathways,61485007.019999996,61485007.019999996,43039504.914,22307375.4,stalled,2024-03-07,2024-03-24,2025-03-07,,51.83,26.6869,78.1906,REAL_MPLADS
PRJ-2026-0113,Roads & Pathways Work 114,Construction and development of roads & pathways facilities.,57,57,4,57,57,Roads & Pathways,139441843.5,139441843.5,139441843.5,139441843.5,completed,2024-04-02,2024-04-25,2025-04-02,2024-11-11,100.0,27.9783,82.0131,REAL_MPLADS
PRJ-2026-0114,Infrastructure Work 115,Construction and development of infrastructure facilities.,57,57,4,57,57,Infrastructure,136252613.24,136252613.24,0.0,0.0,recommended,2024-02-10,,2025-02-09,,0.0,19.2941,86.974,REAL_MPLADS
PRJ-2026-0115,Healthcare Work 116,Construction and development of healthcare facilities.,58,58,5,58,58,Healthcare,75518658.83,75518658.83,52863061.180999994,50219908.12,ongoing,2024-01-17,2024-02-05,2025-01-16,,2.82,27.5859,72.2285,REAL_MPLADS
PRJ-2026-0116,Water & Sanitation Work 117,Construction and development of water & sanitation facilities.,58,58,5,58,58,Water & Sanitation,79817811.17,79817811.17,55872467.819,9621238.96,stalled,2024-04-24,2024-05-13,2025-04-24,,17.22,24.9018,77.073,REAL_MPLADS
PRJ-2026-0117,Infrastructure Work 118,Construction and development of infrastructure facilities.,59,59,14,59,59,Infrastructure,92616995.39,92616995.39,64831896.772999994,20294268.26,ongoing,2024-04-15,2024-04-25,2025-04-15,,28.63,24.3747,82.4967,REAL_MPLADS
PRJ-2026-0118,Healthcare Work 119,Construction and development of healthcare facilities.,59,59,14,59,59,Healthcare,54383004.61,54383004.61,0.0,0.0,sanctioned,2024-03-31,2024-04-11,2025-03-31,,0.0,24.1624,75.8294,REAL_MPLADS
PRJ-2026-0119,Infrastructure Work 120,Construction and development of infrastructure facilities.,60,60,5,60,60,Infrastructure,87093618.84,87093618.84,60965533.188,7527754.64,ongoing,2024-01-24,2024-02-13,2025-01-23,,13.64,18.2286,83.9265,REAL_MPLADS
PRJ-2026-0120,Education Work 121,Construction and development of education facilities.,60,60,5,60,60,Education,59906381.16,59906381.16,0.0,0.0,sanctioned,2024-02-05,2024-02-20,2025-02-04,,0.0,21.3439,79.8235,REAL_MPLADS
PRJ-2026-0121,Healthcare Work 122,Construction and development of healthcare facilities.,61,61,4,61,61,Healthcare,113800975.39,113800975.39,0.0,0.0,recommended,2024-03-21,,2025-03-21,,0.0,22.3612,81.1129,REAL_MPLADS
PRJ-2026-0122,Roads & Pathways Work 123,Construction and development of roads & pathways facilities.,61,61,4,61,61,Roads & Pathways,65857424.58999999,65857424.58999999,65857424.58999999,65857424.58999999,completed,2024-03-23,2024-04-11,2025-03-23,2024-10-28,100.0,26.7395,85.1209,REAL_MPLADS
PRJ-2026-0123,Infrastructure Work 124,Construction and development of infrastructure facilities.,62,62,11,62,62,Infrastructure,64317991.33,64317991.33,0.0,0.0,recommended,2024-03-03,,2025-03-03,,0.0,25.0732,75.2038,REAL_MPLADS
PRJ-2026-0124,Roads & Pathways Work 125,Construction and development of roads & pathways facilities.,62,62,11,62,62,Roads & Pathways,96173902.78000002,96173902.78000002,0.0,0.0,recommended,2024-03-07,,2025-03-07,,0.0,23.8498,86.981,REAL_MPLADS
PRJ-2026-0125,Infrastructure Work 126,Construction and development of infrastructure facilities.,63,63,5,63,63,Infrastructure,79504410.58,79504410.58,0.0,0.0,sanctioned,2024-04-24,2024-05-15,2025-04-24,,0.0,20.6704,87.573,REAL_MPLADS
PRJ-2026-0126,Infrastructure Work 127,Construction and development of infrastructure facilities.,63,63,5,63,63,Infrastructure,67495589.42,67495589.42,47246912.594,24086476.04,stalled,2024-04-20,2024-05-04,2025-04-20,,50.98,22.484,77.564,REAL_MPLADS
PRJ-2026-0127,Infrastructure Work 128,Construction and development of infrastructure facilities.,64,64,1,64,64,Infrastructure,99346695.69,99346695.69,99346695.69,99346695.69,completed,2024-01-15,2024-01-31,2025-01-14,2024-08-18,100.0,27.7292,84.6291,REAL_MPLADS
PRJ-2026-0128,Roads & Pathways Work 129,Construction and development of roads & pathways facilities.,64,64,1,64,64,Roads & Pathways,47653304.31,47653304.31,33357313.017,18786838.69,stalled,2024-02-19,2024-03-15,2025-02-18,,56.32,24.1346,85.8424,REAL_MPLADS
PRJ-2026-0129,Infrastructure Work 130,Construction and development of infrastructure facilities.,65,65,4,65,65,Infrastructure,54030408.43,54030408.43,0.0,0.0,ongoing,2024-02-23,2024-03-09,2025-02-22,,8.3,18.3062,78.1212,REAL_MPLADS
PRJ-2026-0130,Water & Sanitation Work 131,Construction and development of water & sanitation facilities.,65,65,4,65,65,Water & Sanitation,92969591.57,92969591.57,65078714.09899999,24335734.32,ongoing,2024-03-20,2024-04-19,2025-03-20,,38.13,18.5416,86.1941,REAL_MPLADS
PRJ-2026-0131,Water & Sanitation Work 132,Construction and development of water & sanitation facilities.,66,66,14,66,66,Water & Sanitation,58614544.2,58614544.2,0.0,0.0,sanctioned,2024-02-24,2024-03-17,2025-02-23,,0.0,21.2766,80.4916,REAL_MPLADS
PRJ-2026-0132,Healthcare Work 133,Construction and development of healthcare facilities.,66,66,14,66,66,Healthcare,88385455.8,88385455.8,0.0,0.0,ongoing,2024-02-12,2024-03-07,2025-02-11,,3.56,26.051,82.9263,REAL_MPLADS
PRJ-2026-0133,Healthcare Work 134,Construction and development of healthcare facilities.,67,67,1,67,67,Healthcare,115607845.01,115607845.01,115607845.01,115607845.01,completed,2024-04-19,2024-05-06,2025-04-19,2024-11-22,100.0,18.0535,81.8896,REAL_MPLADS
PRJ-2026-0134,Infrastructure Work 135,Construction and development of infrastructure facilities.,67,67,1,67,67,Infrastructure,50291262.17999999,50291262.17999999,35203883.52599999,17134986.45,ongoing,2024-02-21,2024-03-07,2025-02-20,,48.94,24.437,82.5049,REAL_MPLADS
PRJ-2026-0135,Infrastructure Work 136,Construction and development of infrastructure facilities.,68,68,14,68,68,Infrastructure,96674641.68,96674641.68,96674641.68,91840909.6,ongoing,2024-03-27,2024-04-22,2025-03-27,,9.98,26.7036,77.7062,REAL_MPLADS
PRJ-2026-0136,Water & Sanitation Work 137,Construction and development of water & sanitation facilities.,68,68,14,68,68,Water & Sanitation,50739320.43000001,50739320.43000001,0.0,0.0,sanctioned,2024-04-01,2024-04-29,2025-04-01,,0.0,17.1778,83.4462,REAL_MPLADS
PRJ-2026-0137,Healthcare Work 138,Construction and development of healthcare facilities.,69,69,11,69,69,Healthcare,99447178.26,99447178.26,0.0,0.0,recommended,2024-04-15,,2025-04-15,,0.0,19.135,72.0253,REAL_MPLADS
PRJ-2026-0138,Healthcare Work 139,Construction and development of healthcare facilities.,69,69,11,69,69,Healthcare,47552821.739999995,47552821.739999995,33286975.217999995,6743999.54,ongoing,2024-02-22,2024-03-20,2025-02-21,,20.03,20.1171,74.2312,REAL_MPLADS
PRJ-2026-0139,Roads & Pathways Work 140,Construction and development of roads & pathways facilities.,70,70,19,70,70,Roads & Pathways,81413007.52,81413007.52,56989105.26399999,44081072.92,stalled,2024-03-30,2024-04-28,2025-03-30,,77.35,22.2443,84.6754,REAL_MPLADS
PRJ-2026-0140,Education Work 141,Construction and development of education facilities.,70,70,19,70,70,Education,65586992.480000004,65586992.480000004,45910894.736,20857319.48,stalled,2024-02-13,2024-03-09,2025-02-12,,45.43,17.4474,85.2754,REAL_MPLADS
PRJ-2026-0141,Education Work 142,Construction and development of education facilities.,71,71,1,71,71,Education,65510669.21,65510669.21,45857468.447,17311167.83,ongoing,2024-01-28,2024-02-22,2025-01-27,,34.93,21.3864,80.7054,REAL_MPLADS
PRJ-2026-0142,Healthcare Work 143,Construction and development of healthcare facilities.,71,71,1,71,71,Healthcare,132783008.78999999,132783008.78999999,0.0,0.0,sanctioned,2024-03-23,2024-04-07,2025-03-23,,0.0,25.1487,72.6996,REAL_MPLADS
PRJ-2026-0143,Healthcare Work 144,Construction and development of healthcare facilities.,72,72,1,72,72,Healthcare,97894385.86,97894385.86,68526070.102,19036542.27,stalled,2024-02-28,2024-03-19,2025-02-27,,27.78,24.0733,81.3494,REAL_MPLADS
PRJ-2026-0144,Infrastructure Work 145,Construction and development of infrastructure facilities.,72,72,1,72,72,Infrastructure,49105614.14,49105614.14,49105614.14,46650333.43,ongoing,2024-03-07,2024-03-24,2025-03-07,,3.06,23.8478,78.6048,REAL_MPLADS
PRJ-2026-0145,Water & Sanitation Work 146,Construction and development of water & sanitation facilities.,73,73,20,73,73,Water & Sanitation,54143748.75,54143748.75,0.0,0.0,recommended,2024-03-16,,2025-03-16,,0.0,26.8508,76.2031,REAL_MPLADS
PRJ-2026-0146,Roads & Pathways Work 147,Construction and development of roads & pathways facilities.,73,73,20,73,73,Roads & Pathways,100163201.25,100163201.25,0.0,0.0,recommended,2024-04-21,,2025-04-21,,0.0,27.7653,85.6246,REAL_MPLADS
PRJ-2026-0147,Roads & Pathways Work 148,Construction and development of roads & pathways facilities.,74,74,4,74,74,Roads & Pathways,49352364.07,49352364.07,34546654.849,18518794.92,ongoing,2024-03-09,2024-04-06,2025-03-09,,51.83,22.7985,87.2906,REAL_MPLADS
PRJ-2026-0148,Healthcare Work 149,Construction and development of healthcare facilities.,74,74,4,74,74,Healthcare,97647635.93,97647635.93,0.0,0.0,sanctioned,2024-03-04,2024-03-27,2025-03-04,,0.0,27.7664,74.4112,REAL_MPLADS
PRJ-2026-0149,Roads & Pathways Work 150,Construction and development of roads & pathways facilities.,75,75,21,75,75,Roads & Pathways,67934339.18,67934339.18,0.0,0.0,recommended,2024-01-25,,2025-01-24,,0.0,21.8002,75.29,REAL_MPLADS
PRJ-2026-0150,Infrastructure Work 151,Construction and development of infrastructure facilities.,75,75,21,75,75,Infrastructure,79065660.82,79065660.82,55345962.57399999,25159983.16,ongoing,2024-03-20,2024-04-19,2025-03-20,,42.39,20.7877,74.4264,REAL_MPLADS
PRJ-2026-0151,Healthcare Work 152,Construction and development of healthcare facilities.,76,76,11,76,76,Healthcare,88651761.35,88651761.35,62056232.94499999,9286173.34,ongoing,2024-02-17,2024-02-29,2025-02-16,,15.69,23.1175,73.4701,REAL_MPLADS
PRJ-2026-0152,Infrastructure Work 153,Construction and development of infrastructure facilities.,76,76,11,76,76,Infrastructure,71346753.76000002,71346753.76000002,49942727.632000014,14515451.19,ongoing,2024-01-28,2024-02-08,2025-01-27,,29.83,26.7145,80.8858,REAL_MPLADS
PRJ-2026-0153,Healthcare Work 154,Construction and development of healthcare facilities.,77,77,12,77,77,Healthcare,56440894.26,56440894.26,39508625.98199999,15270452.78,ongoing,2024-04-21,2024-05-08,2025-04-21,,36.89,23.3857,74.2183,REAL_MPLADS
PRJ-2026-0154,Healthcare Work 155,Construction and development of healthcare facilities.,77,77,12,77,77,Healthcare,90559105.74000001,90559105.74000001,63391374.018,42104550.62,stalled,2024-02-13,2024-02-27,2025-02-12,,66.42,21.3249,83.9149,REAL_MPLADS
PRJ-2026-0155,Healthcare Work 156,Construction and development of healthcare facilities.,78,78,12,78,78,Healthcare,100147266.17,100147266.17,70103086.31899999,56713897.91,ongoing,2024-03-30,2024-04-09,2025-03-30,,83.32,20.5162,72.35,REAL_MPLADS
PRJ-2026-0156,Education Work 157,Construction and development of education facilities.,78,78,12,78,78,Education,46852733.83,46852733.83,0.0,0.0,recommended,2024-03-15,,2025-03-15,,0.0,25.8936,73.283,REAL_MPLADS
PRJ-2026-0157,Healthcare Work 158,Construction and development of healthcare facilities.,79,79,9,79,79,Healthcare,97789820.78,97789820.78,97789820.78,97789820.78,completed,2024-04-16,2024-05-11,2025-04-16,2024-11-27,100.0,19.1234,80.4271,REAL_MPLADS
PRJ-2026-0158,Water & Sanitation Work 159,Construction and development of water & sanitation facilities.,79,79,9,79,79,Water & Sanitation,53665455.25999999,53665455.25999999,0.0,0.0,recommended,2024-04-17,,2025-04-17,,0.0,25.9106,77.7961,REAL_MPLADS
PRJ-2026-0159,Education Work 160,Construction and development of education facilities.,80,80,22,80,80,Education,71140768.24,71140768.24,0.0,0.0,recommended,2024-04-17,,2025-04-17,,0.0,17.7241,79.9481,REAL_MPLADS
PRJ-2026-0160,Roads & Pathways Work 161,Construction and development of roads & pathways facilities.,80,80,22,80,80,Roads & Pathways,75859231.76,75859231.76,75859231.76,75859231.76,completed,2024-02-20,2024-03-08,2025-02-19,2024-09-24,100.0,20.0365,85.828,REAL_MPLADS
PRJ-2026-0161,Roads & Pathways Work 162,Construction and development of roads & pathways facilities.,81,81,22,81,81,Roads & Pathways,75489625.64,75489625.64,52842737.948,37599443.33,ongoing,2024-01-26,2024-02-22,2025-01-25,,75.61,24.015,74.5082,REAL_MPLADS
PRJ-2026-0162,Healthcare Work 163,Construction and development of healthcare facilities.,81,81,22,81,81,Healthcare,71510374.36,71510374.36,50057262.05199999,26250531.75,ongoing,2024-04-19,2024-05-08,2025-04-19,,52.77,18.1408,86.4083,REAL_MPLADS
PRJ-2026-0163,Healthcare Work 164,Construction and development of healthcare facilities.,82,82,9,82,82,Healthcare,103902023.36,103902023.36,0.0,0.0,sanctioned,2024-02-24,2024-03-14,2025-02-23,,0.0,24.5472,73.0055,REAL_MPLADS
PRJ-2026-0164,Healthcare Work 165,Construction and development of healthcare facilities.,82,82,9,82,82,Healthcare,50496365.64999999,50496365.64999999,0.0,0.0,recommended,2024-03-31,,2025-03-31,,0.0,25.7209,79.0325,REAL_MPLADS
PRJ-2026-0165,Healthcare Work 166,Construction and development of healthcare facilities.,83,83,1,83,83,Healthcare,53325637.29,53325637.29,53325637.29,53325637.29,completed,2024-01-23,2024-02-03,2025-01-22,2024-08-21,100.0,17.7318,85.3047,REAL_MPLADS
PRJ-2026-0166,Infrastructure Work 167,Construction and development of infrastructure facilities.,83,83,1,83,83,Infrastructure,93674362.71000001,93674362.71000001,0.0,0.0,recommended,2024-04-07,,2025-04-07,,0.0,27.6724,86.4511,REAL_MPLADS
PRJ-2026-0167,Infrastructure Work 168,Construction and development of infrastructure facilities.,84,84,1,84,84,Infrastructure,58751635.49,58751635.49,41126144.843,20563072.42,stalled,2024-01-23,2024-02-12,2025-01-22,,28.35,19.3206,82.2001,REAL_MPLADS
PRJ-2026-0168,Water & Sanitation Work 169,Construction and development of water & sanitation facilities.,84,84,1,84,84,Water & Sanitation,88248364.50999999,88248364.50999999,61773855.15699999,24480377.66,ongoing,2024-02-26,2024-03-10,2025-02-25,,41.26,21.468,79.8845,REAL_MPLADS
PRJ-2026-0169,Roads & Pathways Work 170,Construction and development of roads & pathways facilities.,85,85,23,85,85,Roads & Pathways,109787770.17,109787770.17,76851439.119,54695169.22,stalled,2024-01-23,2024-02-05,2025-01-22,,71.17,17.9855,75.9763,REAL_MPLADS
PRJ-2026-0170,Healthcare Work 171,Construction and development of healthcare facilities.,85,85,23,85,85,Healthcare,54884963.94000001,54884963.94000001,38419474.75800001,19209737.38,stalled,2024-04-13,2024-04-27,2025-04-13,,31.9,18.7216,76.7054,REAL_MPLADS
PRJ-2026-0171,Education Work 172,Construction and development of education facilities.,86,86,5,86,86,Education,54446779.42,54446779.42,38112745.594,15793921.77,stalled,2024-03-11,2024-04-04,2025-03-11,,41.44,24.9541,78.7514,REAL_MPLADS
PRJ-2026-0172,Water & Sanitation Work 173,Construction and development of water & sanitation facilities.,86,86,5,86,86,Water & Sanitation,92553220.58,92553220.58,92553220.58,92553220.58,completed,2024-03-17,2024-04-16,2025-03-17,2024-11-02,100.0,17.501,87.8622,REAL_MPLADS
PRJ-2026-0173,Education Work 174,Construction and development of education facilities.,87,87,1,87,87,Education,94419753.87,94419753.87,0.0,0.0,sanctioned,2024-02-14,2024-03-02,2025-02-13,,0.0,26.9203,74.9071,REAL_MPLADS
PRJ-2026-0174,Infrastructure Work 175,Construction and development of infrastructure facilities.,87,87,1,87,87,Infrastructure,52580246.129999995,52580246.129999995,36806172.29099999,18403086.15,stalled,2024-02-11,2024-02-24,2025-02-10,,25.67,21.9194,73.1475,REAL_MPLADS
PRJ-2026-0175,Infrastructure Work 176,Construction and development of infrastructure facilities.,88,88,11,88,88,Infrastructure,53477451.56,53477451.56,53477451.56,53477451.56,completed,2024-02-19,2024-03-17,2025-02-18,2024-10-03,100.0,27.4732,84.6812,REAL_MPLADS
PRJ-2026-0176,Infrastructure Work 177,Construction and development of infrastructure facilities.,88,88,11,88,88,Infrastructure,93522548.44,93522548.44,65465783.90799999,48405400.62,stalled,2024-03-29,2024-04-22,2025-03-29,,73.94,25.761,76.6757,REAL_MPLADS
PRJ-2026-0177,Water & Sanitation Work 178,Construction and development of water & sanitation facilities.,89,89,12,89,89,Water & Sanitation,67727127.8,67727127.8,47408989.45999999,25831193.83,ongoing,2024-03-04,2024-03-26,2025-03-04,,55.61,19.9704,73.2442,REAL_MPLADS
PRJ-2026-0178,Roads & Pathways Work 179,Construction and development of roads & pathways facilities.,89,89,12,89,89,Roads & Pathways,79272872.2,79272872.2,79272872.2,39636436.1,stalled,2024-04-07,2024-04-25,2025-04-07,,30.7,19.4111,78.5775,REAL_MPLADS
PRJ-2026-0179,Water & Sanitation Work 180,Construction and development of water & sanitation facilities.,90,90,14,90,90,Water & Sanitation,49963039.35,49963039.35,0.0,0.0,recommended,2024-01-15,,2025-01-14,,0.0,19.5602,78.4152,REAL_MPLADS
PRJ-2026-0180,Roads & Pathways Work 181,Construction and development of roads & pathways facilities.,90,90,14,90,90,Roads & Pathways,97036960.65,97036960.65,0.0,0.0,sanctioned,2024-02-07,2024-03-06,2025-02-06,,0.0,24.5176,77.1587,REAL_MPLADS
PRJ-2026-0181,Roads & Pathways Work 182,Construction and development of roads & pathways facilities.,91,91,17,91,91,Roads & Pathways,73373736.24,73373736.24,0.0,0.0,ongoing,2024-04-18,2024-05-12,2025-04-18,,4.8,18.7627,81.1474,REAL_MPLADS
PRJ-2026-0182,Water & Sanitation Work 183,Construction and development of water & sanitation facilities.,91,91,17,91,91,Water & Sanitation,73626263.76,73626263.76,51538384.632,6187623.63,ongoing,2024-03-14,2024-04-12,2025-03-14,,11.38,19.8901,82.5886,REAL_MPLADS
PRJ-2026-0183,Education Work 184,Construction and development of education facilities.,92,92,10,92,92,Education,95817842.05,95817842.05,67072489.434999995,19947358.36,stalled,2024-03-05,2024-04-02,2025-03-05,,29.74,26.3259,76.6889,REAL_MPLADS
PRJ-2026-0184,Infrastructure Work 185,Construction and development of infrastructure facilities.,92,92,10,92,92,Infrastructure,51182157.95,51182157.95,0.0,0.0,ongoing,2024-03-04,2024-03-27,2025-03-04,,6.92,24.809,86.3639,REAL_MPLADS
PRJ-2026-0185,Water & Sanitation Work 186,Construction and development of water & sanitation facilities.,93,93,24,93,93,Water & Sanitation,95061253.05,95061253.05,0.0,0.0,sanctioned,2024-02-19,2024-03-07,2025-02-18,,0.0,18.2875,77.3951,REAL_MPLADS
PRJ-2026-0186,Infrastructure Work 187,Construction and development of infrastructure facilities.,93,93,24,93,93,Infrastructure,51938746.95,51938746.95,0.0,0.0,stalled,2024-04-15,2024-05-13,2025-04-15,,22.62,27.4697,87.2925,REAL_MPLADS
PRJ-2026-0187,Education Work 188,Construction and development of education facilities.,94,94,25,94,94,Education,102875949.96,102875949.96,102875949.96,102875949.96,completed,2024-04-03,2024-04-30,2025-04-03,2024-11-16,100.0,23.434,78.0604,REAL_MPLADS
PRJ-2026-0188,Healthcare Work 189,Construction and development of healthcare facilities.,94,94,25,94,94,Healthcare,44124050.04000001,44124050.04000001,30886835.028,22976948.34,ongoing,2024-04-14,2024-05-12,2025-04-14,,80.54,18.8966,78.6394,REAL_MPLADS
PRJ-2026-0189,Infrastructure Work 190,Construction and development of infrastructure facilities.,95,95,12,95,95,Infrastructure,96797743.74,96797743.74,0.0,0.0,recommended,2024-03-06,,2025-03-06,,0.0,20.8428,87.5309,REAL_MPLADS
PRJ-2026-0190,Water & Sanitation Work 191,Construction and development of water & sanitation facilities.,95,95,12,95,95,Water & Sanitation,50202256.260000005,50202256.260000005,35141579.382,23882217.35,stalled,2024-03-23,2024-04-21,2025-03-23,,67.96,27.4854,76.3242,REAL_MPLADS
PRJ-2026-0191,Education Work 192,Construction and development of education facilities.,96,96,23,96,96,Education,49647635.13,49647635.13,0.0,0.0,recommended,2024-04-03,,2025-04-03,,0.0,22.7389,86.312,REAL_MPLADS
PRJ-2026-0192,Healthcare Work 193,Construction and development of healthcare facilities.,96,96,23,96,96,Healthcare,104118815.98000002,104118815.98000002,72883171.186,63611350.65,ongoing,2024-02-26,2024-03-17,2025-02-25,,85.42,26.5676,79.7132,REAL_MPLADS
PRJ-2026-0193,Healthcare Work 194,Construction and development of healthcare facilities.,97,97,9,97,97,Healthcare,44649769.87,44649769.87,31254838.908999994,8989804.94,ongoing,2024-02-23,2024-03-19,2025-02-22,,28.55,19.6977,81.3743,REAL_MPLADS
PRJ-2026-0194,Healthcare Work 195,Construction and development of healthcare facilities.,97,97,9,97,97,Healthcare,102350230.13,102350230.13,71645161.09099999,53346986.95,stalled,2024-02-06,2024-03-02,2025-02-05,,74.46,21.3619,87.9418,REAL_MPLADS
PRJ-2026-0195,Healthcare Work 196,Construction and development of healthcare facilities.,98,98,22,98,98,Healthcare,81361563.69,81361563.69,0.0,0.0,recommended,2024-04-17,,2025-04-17,,0.0,25.2974,79.5151,REAL_MPLADS
PRJ-2026-0196,Water & Sanitation Work 197,Construction and development of water & sanitation facilities.,98,98,22,98,98,Water & Sanitation,77170930.67000002,77170930.67000002,0.0,0.0,sanctioned,2024-03-10,2024-04-05,2025-03-10,,0.0,19.9136,87.1178,REAL_MPLADS
PRJ-2026-0197,Roads & Pathways Work 198,Construction and development of roads & pathways facilities.,99,99,11,99,99,Roads & Pathways,124332852.16,124332852.16,87032996.512,43516498.26,stalled,2024-01-24,2024-02-21,2025-01-23,,39.8,18.7497,81.13,REAL_MPLADS
PRJ-2026-0198,Infrastructure Work 199,Construction and development of infrastructure facilities.,99,99,11,99,99,Infrastructure,78198803.95000002,78198803.95000002,54739162.76500001,15566888.06,ongoing,2024-03-30,2024-04-20,2025-03-30,,29.73,22.5137,86.412,REAL_MPLADS
PRJ-2026-0199,Water & Sanitation Work 200,Construction and development of water & sanitation facilities.,100,100,21,100,100,Water & Sanitation,62593667.63,62593667.63,0.0,0.0,recommended,2024-04-22,,2025-04-22,,0.0,22.7434,85.9771,REAL_MPLADS
PRJ-2026-0200,Education Work 201,Construction and development of education facilities.,100,100,21,100,100,Education,84406332.37,84406332.37,59084432.659,48050317.38,ongoing,2024-01-18,2024-02-05,2025-01-17,,88.78,18.8576,77.8446,REAL_MPLADS
PRJ-2026-0201,Infrastructure Work 202,Construction and development of infrastructure facilities.,101,101,26,101,101,Infrastructure,85654451.39,85654451.39,0.0,0.0,sanctioned,2024-02-03,2024-02-13,2025-02-02,,0.0,26.1405,73.6081,REAL_MPLADS
PRJ-2026-0202,Infrastructure Work 203,Construction and development of infrastructure facilities.,101,101,26,101,101,Infrastructure,61345548.61,61345548.61,0.0,0.0,recommended,2024-04-05,,2025-04-05,,0.0,25.2047,80.7407,REAL_MPLADS
PRJ-2026-0203,Infrastructure Work 204,Construction and development of infrastructure facilities.,102,102,19,102,102,Infrastructure,95721946.09,95721946.09,67005362.263,15955838.01,ongoing,2024-02-03,2024-02-19,2025-02-02,,25.1,21.7903,79.7747,REAL_MPLADS
PRJ-2026-0204,Roads & Pathways Work 205,Construction and development of roads & pathways facilities.,102,102,19,102,102,Roads & Pathways,51278053.91,51278053.91,0.0,0.0,recommended,2024-02-12,,2025-02-11,,0.0,17.5525,83.9962,REAL_MPLADS
PRJ-2026-0205,Water & Sanitation Work 206,Construction and development of water & sanitation facilities.,103,103,5,103,103,Water & Sanitation,68649348.86,68649348.86,68649348.86,68649348.86,completed,2024-03-28,2024-04-12,2025-03-28,2024-10-29,100.0,25.014,86.8971,REAL_MPLADS
PRJ-2026-0206,Healthcare Work 207,Construction and development of healthcare facilities.,103,103,5,103,103,Healthcare,78350651.14,78350651.14,0.0,0.0,recommended,2024-02-11,,2025-02-10,,0.0,26.6642,78.7177,REAL_MPLADS
PRJ-2026-0207,Roads & Pathways Work 208,Construction and development of roads & pathways facilities.,104,104,12,104,104,Roads & Pathways,94336411.52,94336411.52,66035488.063999996,20319119.68,stalled,2024-02-01,2024-02-20,2025-01-31,,30.77,17.9855,78.1995,REAL_MPLADS
PRJ-2026-0208,Education Work 209,Construction and development of education facilities.,104,104,12,104,104,Education,52663588.480000004,52663588.480000004,36864511.936,6996884.37,stalled,2024-02-19,2024-03-08,2025-02-18,,18.98,26.2774,72.0004,REAL_MPLADS
PRJ-2026-0209,Education Work 210,Construction and development of education facilities.,105,105,5,105,105,Education,59382903.08,59382903.08,41568032.155999996,5790426.88,stalled,2024-03-04,2024-03-22,2025-03-04,,13.93,25.8361,75.4163,REAL_MPLADS
PRJ-2026-0210,Healthcare Work 211,Construction and development of healthcare facilities.,105,105,5,105,105,Healthcare,87617096.92,87617096.92,61331967.844,32959799.52,stalled,2024-02-22,2024-03-04,2025-02-21,,53.74,19.1556,80.1625,REAL_MPLADS
PRJ-2026-0211,Healthcare Work 212,Construction and development of healthcare facilities.,106,106,22,106,106,Healthcare,96152442.84,96152442.84,67306709.988,12123303.69,ongoing,2024-02-19,2024-03-02,2025-02-18,,18.29,21.4671,76.1633,REAL_MPLADS
PRJ-2026-0212,Water & Sanitation Work 213,Construction and development of water & sanitation facilities.,106,106,22,106,106,Water & Sanitation,50847557.16,50847557.16,0.0,0.0,sanctioned,2024-03-24,2024-04-23,2025-03-24,,0.0,21.7398,81.5479,REAL_MPLADS
PRJ-2026-0213,Roads & Pathways Work 214,Construction and development of roads & pathways facilities.,107,107,13,107,107,Roads & Pathways,81327218.86,81327218.86,0.0,0.0,recommended,2024-02-06,,2025-02-05,,0.0,23.9981,77.2377,REAL_MPLADS
PRJ-2026-0214,Water & Sanitation Work 215,Construction and development of water & sanitation facilities.,107,107,13,107,107,Water & Sanitation,65672781.14,65672781.14,45970946.798,22985473.4,stalled,2024-04-03,2024-04-18,2025-04-03,,38.05,22.4843,77.9067,REAL_MPLADS
PRJ-2026-0215,Infrastructure Work 216,Construction and development of infrastructure facilities.,108,108,1,108,108,Infrastructure,5000000.0,5000000.0,0.0,0.0,sanctioned,2024-03-15,2024-03-31,2025-03-15,,0.0,20.5464,82.7853,REAL_MPLADS
PRJ-2026-0216,Healthcare Work 217,Construction and development of healthcare facilities.,108,108,1,108,108,Healthcare,2500000.0,2500000.0,1750000.0,1662500.0,ongoing,2024-04-15,2024-05-11,2025-04-15,,7.17,21.8235,86.2964,REAL_MPLADS
PRJ-2026-0217,Roads & Pathways Work 218,Construction and development of roads & pathways facilities.,109,109,5,109,109,Roads & Pathways,61877844.5,61877844.5,43314491.15,6874132.38,ongoing,2024-01-16,2024-01-31,2025-01-15,,16.24,18.2643,77.7019,REAL_MPLADS
PRJ-2026-0218,Infrastructure Work 219,Construction and development of infrastructure facilities.,109,109,5,109,109,Infrastructure,85122155.5,85122155.5,85122155.5,85122155.5,completed,2024-04-13,2024-05-07,2025-04-13,2024-11-23,100.0,19.9332,77.9276,REAL_MPLADS
PRJ-2026-0219,Water & Sanitation Work 220,Construction and development of water & sanitation facilities.,110,110,1,110,110,Water & Sanitation,82820805.19,82820805.19,57974563.632999994,27319856.59,ongoing,2024-01-22,2024-02-21,2025-01-21,,45.11,21.104,77.669,REAL_MPLADS
PRJ-2026-0220,Healthcare Work 221,Construction and development of healthcare facilities.,110,110,1,110,110,Healthcare,64179194.81,64179194.81,44925436.367,32271208.85,ongoing,2024-01-16,2024-02-11,2025-01-15,,68.3,23.9047,77.5206,REAL_MPLADS
PRJ-2026-0221,Roads & Pathways Work 222,Construction and development of roads & pathways facilities.,111,111,5,111,111,Roads & Pathways,48840879.12,48840879.12,0.0,0.0,recommended,2024-02-20,,2025-02-19,,0.0,20.6407,87.4044,REAL_MPLADS
PRJ-2026-0222,Education Work 223,Construction and development of education facilities.,111,111,5,111,111,Education,98159120.88,98159120.88,68711384.616,8650763.32,stalled,2024-02-20,2024-03-01,2025-02-19,,12.59,24.5788,73.3718,REAL_MPLADS
PRJ-2026-0223,Roads & Pathways Work 224,Construction and development of roads & pathways facilities.,112,112,23,112,112,Roads & Pathways,51340357.54,51340357.54,35938250.278,28566985.39,ongoing,2024-04-22,2024-05-12,2025-04-22,,79.67,19.8627,73.9079,REAL_MPLADS
PRJ-2026-0224,Healthcare Work 225,Construction and development of healthcare facilities.,112,112,23,112,112,Healthcare,95659642.46000001,95659642.46000001,95659642.46000001,95659642.46000001,completed,2024-04-24,2024-05-05,2025-04-24,2024-11-21,100.0,20.7888,85.795,REAL_MPLADS
PRJ-2026-0225,Healthcare Work 226,Construction and development of healthcare facilities.,113,113,3,113,113,Healthcare,71385890.69,71385890.69,71385890.69,71385890.69,completed,2024-03-24,2024-04-08,2025-03-24,2024-10-25,100.0,23.4378,72.9741,REAL_MPLADS
PRJ-2026-0226,Water & Sanitation Work 227,Construction and development of water & sanitation facilities.,113,113,3,113,113,Water & Sanitation,75614109.31,75614109.31,52929876.517,37199117.22,stalled,2024-01-27,2024-02-12,2025-01-26,,70.28,23.5568,78.2173,REAL_MPLADS
PRJ-2026-0227,Water & Sanitation Work 228,Construction and development of water & sanitation facilities.,114,114,15,114,114,Water & Sanitation,89873495.94,89873495.94,89873495.94,89873495.94,completed,2024-01-29,2024-02-26,2025-01-28,2024-09-13,100.0,26.8934,75.8379,REAL_MPLADS
PRJ-2026-0228,Healthcare Work 229,Construction and development of healthcare facilities.,114,114,15,114,114,Healthcare,58706013.17000002,58706013.17000002,58706013.17000002,58706013.17000002,completed,2024-02-25,2024-03-16,2025-02-24,2024-10-02,100.0,18.4532,79.5017,REAL_MPLADS
PRJ-2026-0229,Water & Sanitation Work 230,Construction and development of water & sanitation facilities.,115,115,15,115,115,Water & Sanitation,49299753.12,49299753.12,0.0,0.0,recommended,2024-01-29,,2025-01-28,,0.0,20.0531,77.2705,REAL_MPLADS
PRJ-2026-0230,Infrastructure Work 231,Construction and development of infrastructure facilities.,115,115,15,115,115,Infrastructure,110897187.99000001,110897187.99000001,77628031.593,40517507.91,ongoing,2024-02-09,2024-03-01,2025-02-08,,56.39,19.4042,83.8254,REAL_MPLADS
PRJ-2026-0231,Infrastructure Work 232,Construction and development of infrastructure facilities.,116,116,15,116,116,Infrastructure,65811181.91,65811181.91,46067827.337,43764435.97,ongoing,2024-04-21,2024-05-13,2025-04-21,,5.55,22.1264,86.4088,REAL_MPLADS
PRJ-2026-0232,Roads & Pathways Work 233,Construction and development of roads & pathways facilities.,116,116,15,116,116,Roads & Pathways,131787124.20000002,131787124.20000002,92250986.94000001,54920205.86,ongoing,2024-04-19,2024-05-07,2025-04-19,,58.92,25.2154,80.5652,REAL_MPLADS
PRJ-2026-0233,Roads & Pathways Work 234,Construction and development of roads & pathways facilities.,117,117,11,117,117,Roads & Pathways,59473646.87,59473646.87,0.0,0.0,recommended,2024-01-24,,2025-01-23,,0.0,22.7185,79.241,REAL_MPLADS
PRJ-2026-0234,Infrastructure Work 235,Construction and development of infrastructure facilities.,117,117,11,117,117,Infrastructure,87526353.13,87526353.13,0.0,0.0,sanctioned,2024-02-08,2024-02-25,2025-02-07,,0.0,21.7712,85.4265,REAL_MPLADS
PRJ-2026-0235,Education Work 236,Construction and development of education facilities.,118,118,11,118,118,Education,53280289.57,53280289.57,37296202.699,26159329.61,ongoing,2024-02-29,2024-03-15,2025-02-28,,68.82,26.3082,83.0974,REAL_MPLADS
PRJ-2026-0236,Roads & Pathways Work 237,Construction and development of roads & pathways facilities.,118,118,11,118,118,Roads & Pathways,93719710.43,93719710.43,0.0,0.0,sanctioned,2024-01-25,2024-02-09,2025-01-24,,0.0,19.9479,72.5483,REAL_MPLADS
PRJ-2026-0237,Infrastructure Work 238,Construction and development of infrastructure facilities.,119,119,12,119,119,Infrastructure,69837205.15,69837205.15,0.0,0.0,stalled,2024-04-15,2024-05-06,2025-04-15,,36.07,25.9293,74.5623,REAL_MPLADS
PRJ-2026-0238,Infrastructure Work 239,Construction and development of infrastructure facilities.,119,119,12,119,119,Infrastructure,77162794.85,77162794.85,0.0,0.0,sanctioned,2024-04-06,2024-05-06,2025-04-06,,0.0,19.9099,72.5187,REAL_MPLADS
PRJ-2026-0239,Roads & Pathways Work 240,Construction and development of roads & pathways facilities.,120,120,5,120,120,Roads & Pathways,51651434.36,51651434.36,36156004.05199999,13026085.92,ongoing,2024-03-09,2024-04-07,2025-03-09,,38.2,17.089,87.1215,REAL_MPLADS
PRJ-2026-0240,Infrastructure Work 241,Construction and development of infrastructure facilities.,120,120,5,120,120,Infrastructure,95348565.64,95348565.64,95348565.64,95348565.64,completed,2024-03-23,2024-04-04,2025-03-23,2024-10-21,100.0,21.3456,76.0913,REAL_MPLADS
PRJ-2026-0241,Education Work 242,Construction and development of education facilities.,121,121,9,121,121,Education,48866030.79,48866030.79,34206221.552999996,32495910.48,ongoing,2024-04-23,2024-05-12,2025-04-23,,8.74,25.6634,85.3601,REAL_MPLADS
PRJ-2026-0242,Healthcare Work 243,Construction and development of healthcare facilities.,121,121,9,121,121,Healthcare,98133969.21000001,98133969.21000001,0.0,0.0,sanctioned,2024-04-01,2024-04-22,2025-04-01,,0.0,21.9558,80.1096,REAL_MPLADS
PRJ-2026-0243,Roads & Pathways Work 244,Construction and development of roads & pathways facilities.,122,122,27,122,122,Roads & Pathways,68832839.5,68832839.5,68832839.5,68832839.5,completed,2024-02-02,2024-02-21,2025-02-01,2024-09-08,100.0,22.0645,80.666,REAL_MPLADS
PRJ-2026-0244,Infrastructure Work 245,Construction and development of infrastructure facilities.,122,122,27,122,122,Infrastructure,78167160.5,78167160.5,78167160.5,78167160.5,completed,2024-04-11,2024-05-07,2025-04-11,2024-11-23,100.0,26.5501,83.4292,REAL_MPLADS
PRJ-2026-0245,Water & Sanitation Work 246,Construction and development of water & sanitation facilities.,123,123,5,123,123,Water & Sanitation,76050729.66,76050729.66,0.0,0.0,recommended,2024-03-15,,2025-03-15,,0.0,23.8067,73.3459,REAL_MPLADS
PRJ-2026-0246,Water & Sanitation Work 247,Construction and development of water & sanitation facilities.,123,123,5,123,123,Water & Sanitation,70949270.34,70949270.34,49664489.238,24832244.62,stalled,2024-04-06,2024-04-19,2025-04-06,,28.93,20.0455,83.4289,REAL_MPLADS
PRJ-2026-0247,Roads & Pathways Work 248,Construction and development of roads & pathways facilities.,124,124,3,124,124,Roads & Pathways,107430995.75,107430995.75,107430995.75,107430995.75,completed,2024-03-01,2024-03-17,2025-03-01,2024-10-03,100.0,23.2999,72.2257,REAL_MPLADS
PRJ-2026-0248,Education Work 249,Construction and development of education facilities.,124,124,3,124,124,Education,56378209.360000014,56378209.360000014,39464746.55200001,4578129.84,ongoing,2024-01-17,2024-01-31,2025-01-16,,11.38,27.7662,79.2165,REAL_MPLADS
PRJ-2026-0249,Water & Sanitation Work 250,Construction and development of water & sanitation facilities.,125,125,5,125,125,Water & Sanitation,60116001.46,60116001.46,42081201.022,15347940.8,ongoing,2024-02-05,2024-03-06,2025-02-04,,39.02,27.1015,76.9071,REAL_MPLADS
PRJ-2026-0250,Roads & Pathways Work 251,Construction and development of roads & pathways facilities.,125,125,5,125,125,Roads & Pathways,86883998.53999999,86883998.53999999,0.0,0.0,sanctioned,2024-01-18,2024-02-03,2025-01-17,,0.0,22.8824,77.5914,REAL_MPLADS
PRJ-2026-0251,Water & Sanitation Work 252,Construction and development of water & sanitation facilities.,126,126,22,126,126,Water & Sanitation,89097506.42,89097506.42,0.0,0.0,recommended,2024-04-01,,2025-04-01,,0.0,18.7465,87.6506,REAL_MPLADS
PRJ-2026-0252,Healthcare Work 253,Construction and development of healthcare facilities.,126,126,22,126,126,Healthcare,57902493.58,57902493.58,40531745.506,33474144.71,ongoing,2024-02-03,2024-02-27,2025-02-02,,89.75,17.8381,75.6964,REAL_MPLADS
PRJ-2026-0253,Infrastructure Work 254,Construction and development of infrastructure facilities.,127,127,1,127,127,Infrastructure,102233396.04,102233396.04,71563377.228,19579740.01,stalled,2024-03-26,2024-04-13,2025-03-26,,27.36,21.3065,85.9831,REAL_MPLADS
PRJ-2026-0254,Roads & Pathways Work 255,Construction and development of roads & pathways facilities.,127,127,1,127,127,Roads & Pathways,44766603.95999999,44766603.95999999,31336622.771999992,23625075.25,ongoing,2024-04-12,2024-05-08,2025-04-12,,75.32,25.5564,84.8316,REAL_MPLADS
PRJ-2026-0255,Healthcare Work 256,Construction and development of healthcare facilities.,128,128,1,128,128,Healthcare,76277394.21,76277394.21,0.0,0.0,ongoing,2024-03-31,2024-04-23,2025-03-31,,5.84,18.398,78.1724,REAL_MPLADS
PRJ-2026-0256,Water & Sanitation Work 257,Construction and development of water & sanitation facilities.,128,128,1,128,128,Water & Sanitation,70722605.79,70722605.79,49505824.053,24752912.03,stalled,2024-02-13,2024-03-06,2025-02-12,,23.98,27.5751,75.6773,REAL_MPLADS
PRJ-2026-0257,Water & Sanitation Work 258,Construction and development of water & sanitation facilities.,129,129,14,129,129,Water & Sanitation,72135566.08,72135566.08,0.0,0.0,recommended,2024-01-15,,2025-01-14,,0.0,18.353,80.4252,REAL_MPLADS
PRJ-2026-0258,Healthcare Work 259,Construction and development of healthcare facilities.,129,129,14,129,129,Healthcare,74864433.92,74864433.92,52405103.743999995,34120963.05,stalled,2024-03-25,2024-04-10,2025-03-25,,65.11,23.3897,85.3724,REAL_MPLADS
PRJ-2026-0259,Healthcare Work 260,Construction and development of healthcare facilities.,130,130,5,130,130,Healthcare,94604366.39,94604366.39,66223056.473,28429558.14,stalled,2024-04-18,2024-05-11,2025-04-18,,42.93,21.2139,74.5633,REAL_MPLADS
PRJ-2026-0260,Education Work 261,Construction and development of education facilities.,130,130,5,130,130,Education,52395633.61,52395633.61,0.0,0.0,sanctioned,2024-02-02,2024-02-23,2025-02-01,,0.0,21.1692,76.7774,REAL_MPLADS
PRJ-2026-0261,Water & Sanitation Work 262,Construction and development of water & sanitation facilities.,131,131,22,131,131,Water & Sanitation,48694780.07,48694780.07,34086346.048999995,30921091.31,ongoing,2024-04-03,2024-04-14,2025-04-03,,83.78,21.7248,84.078,REAL_MPLADS
PRJ-2026-0262,Healthcare Work 263,Construction and development of healthcare facilities.,131,131,22,131,131,Healthcare,98305219.93,98305219.93,68813653.951,34406826.98,stalled,2024-02-01,2024-02-26,2025-01-31,,23.44,22.8434,73.3753,REAL_MPLADS
PRJ-2026-0263,Education Work 264,Construction and development of education facilities.,132,132,3,132,132,Education,101454090.11,101454090.11,71017863.07699999,35508931.54,stalled,2024-02-25,2024-03-20,2025-02-24,,20.8,24.1976,75.1724,REAL_MPLADS
PRJ-2026-0264,Education Work 265,Construction and development of education facilities.,132,132,3,132,132,Education,48996840.77999999,48996840.77999999,0.0,0.0,recommended,2024-04-20,,2025-04-20,,0.0,17.6541,86.9386,REAL_MPLADS
PRJ-2026-0265,Roads & Pathways Work 266,Construction and development of roads & pathways facilities.,133,133,10,133,133,Roads & Pathways,70866566.22,70866566.22,0.0,0.0,sanctioned,2024-02-06,2024-03-02,2025-02-05,,0.0,27.6803,76.8041,REAL_MPLADS
PRJ-2026-0266,Roads & Pathways Work 267,Construction and development of roads & pathways facilities.,133,133,10,133,133,Roads & Pathways,76133433.78,76133433.78,53293403.646,24142761.9,ongoing,2024-02-29,2024-03-22,2025-02-28,,42.6,21.9,81.2407,REAL_MPLADS
PRJ-2026-0267,Healthcare Work 268,Construction and development of healthcare facilities.,134,134,3,134,134,Healthcare,86111896.7,86111896.7,86111896.7,86111896.7,completed,2024-04-07,2024-04-23,2025-04-07,2024-11-09,100.0,26.1277,76.4399,REAL_MPLADS
PRJ-2026-0268,Roads & Pathways Work 269,Construction and development of roads & pathways facilities.,134,134,3,134,134,Roads & Pathways,63958969.41000001,63958969.41000001,63958969.41000001,63958969.41000001,completed,2024-01-18,2024-01-31,2025-01-17,2024-08-18,100.0,27.4576,73.0572,REAL_MPLADS
PRJ-2026-0269,Infrastructure Work 270,Construction and development of infrastructure facilities.,135,135,22,135,135,Infrastructure,106349619.37,106349619.37,0.0,0.0,recommended,2024-04-22,,2025-04-22,,0.0,26.3337,78.7257,REAL_MPLADS
PRJ-2026-0270,Water & Sanitation Work 271,Construction and development of water & sanitation facilities.,135,135,22,135,135,Water & Sanitation,54085345.74000001,54085345.74000001,0.0,0.0,sanctioned,2024-02-10,2024-02-20,2025-02-09,,0.0,18.0954,76.0182,REAL_MPLADS
PRJ-2026-0271,Education Work 272,Construction and development of education facilities.,136,136,11,136,136,Education,124740052.46,124740052.46,0.0,0.0,sanctioned,2024-02-03,2024-03-01,2025-02-02,,0.0,21.2359,86.0184,REAL_MPLADS
PRJ-2026-0272,Healthcare Work 273,Construction and development of healthcare facilities.,136,136,11,136,136,Healthcare,57849054.780000016,57849054.780000016,57849054.780000016,57849054.780000016,completed,2024-01-31,2024-02-23,2025-01-30,2024-09-10,100.0,23.7957,83.7956,REAL_MPLADS
PRJ-2026-0273,Infrastructure Work 274,Construction and development of infrastructure facilities.,137,137,21,137,137,Infrastructure,45311665.15,45311665.15,45311665.15,45311665.15,completed,2024-03-30,2024-04-26,2025-03-30,2024-11-12,100.0,23.6462,72.2784,REAL_MPLADS
PRJ-2026-0274,Education Work 275,Construction and development of education facilities.,137,137,21,137,137,Education,101688334.85,101688334.85,71181834.395,42979591.61,stalled,2024-03-24,2024-04-08,2025-03-24,,60.38,24.7869,75.5415,REAL_MPLADS
PRJ-2026-0275,Healthcare Work 276,Construction and development of healthcare facilities.,138,138,11,138,138,Healthcare,79910631.17,79910631.17,0.0,0.0,ongoing,2024-03-20,2024-04-14,2025-03-20,,8.38,26.4866,79.0422,REAL_MPLADS
PRJ-2026-0276,Education Work 277,Construction and development of education facilities.,138,138,11,138,138,Education,79863481.94000001,79863481.94000001,0.0,0.0,sanctioned,2024-03-24,2024-04-10,2025-03-24,,0.0,22.4377,84.6692,REAL_MPLADS
PRJ-2026-0277,Education Work 278,Construction and development of education facilities.,139,139,13,139,139,Education,93377906.58,93377906.58,0.0,0.0,sanctioned,2024-01-24,2024-02-12,2025-01-23,,0.0,26.6497,74.2856,REAL_MPLADS
PRJ-2026-0278,Education Work 279,Construction and development of education facilities.,139,139,13,139,139,Education,53622093.42,53622093.42,0.0,0.0,sanctioned,2024-04-13,2024-04-24,2025-04-13,,0.0,22.6994,78.0427,REAL_MPLADS
PRJ-2026-0279,Healthcare Work 280,Construction and development of healthcare facilities.,140,140,4,140,140,Healthcare,81983204.45,81983204.45,0.0,0.0,recommended,2024-03-23,,2025-03-23,,0.0,27.1363,86.5145,REAL_MPLADS
PRJ-2026-0280,Roads & Pathways Work 281,Construction and development of roads & pathways facilities.,140,140,4,140,140,Roads & Pathways,65016795.55,65016795.55,45511756.885,22755878.44,stalled,2024-03-28,2024-04-26,2025-03-28,,35.07,21.4733,82.3388,REAL_MPLADS
PRJ-2026-0281,Healthcare Work 282,Construction and development of healthcare facilities.,141,141,1,141,141,Healthcare,83808604.03,83808604.03,0.0,0.0,recommended,2024-02-15,,2025-02-14,,0.0,23.6798,77.3549,REAL_MPLADS
PRJ-2026-0282,Healthcare Work 283,Construction and development of healthcare facilities.,141,141,1,141,141,Healthcare,63191395.97,63191395.97,0.0,0.0,sanctioned,2024-01-22,2024-02-12,2025-01-21,,0.0,25.6288,84.0419,REAL_MPLADS
PRJ-2026-0283,Water & Sanitation Work 284,Construction and development of water & sanitation facilities.,142,142,3,142,142,Water & Sanitation,50965021.14,50965021.14,35675514.798,32101636.55,ongoing,2024-01-31,2024-02-25,2025-01-30,,84.04,26.0844,75.9973,REAL_MPLADS
PRJ-2026-0284,Roads & Pathways Work 285,Construction and development of roads & pathways facilities.,142,142,3,142,142,Roads & Pathways,97704207.97000001,97704207.97000001,68392945.57900001,20757258.98,stalled,2024-02-14,2024-03-05,2025-02-13,,30.35,21.1299,75.1611,REAL_MPLADS
PRJ-2026-0285,Water & Sanitation Work 286,Construction and development of water & sanitation facilities.,143,143,5,143,143,Water & Sanitation,63245784.36,63245784.36,44272049.05199999,8495806.21,stalled,2024-03-06,2024-04-02,2025-03-06,,19.19,27.999,79.5205,REAL_MPLADS
PRJ-2026-0286,Water & Sanitation Work 287,Construction and development of water & sanitation facilities.,143,143,5,143,143,Water & Sanitation,83754215.64,83754215.64,0.0,0.0,recommended,2024-04-20,,2025-04-20,,0.0,25.2002,78.4525,REAL_MPLADS
PRJ-2026-0287,Infrastructure Work 288,Construction and development of infrastructure facilities.,144,144,15,144,144,Infrastructure,95631253.66,95631253.66,66941877.56199999,17393545.18,ongoing,2024-04-03,2024-04-27,2025-04-03,,23.66,19.985,79.061,REAL_MPLADS
PRJ-2026-0288,Roads & Pathways Work 289,Construction and development of roads & pathways facilities.,144,144,15,144,144,Roads & Pathways,57429669.16,57429669.16,40200768.41199999,22456149.23,stalled,2024-02-10,2024-03-10,2025-02-09,,55.86,27.5733,86.9086,REAL_MPLADS
PRJ-2026-0289,Roads & Pathways Work 290,Construction and development of roads & pathways facilities.,145,145,6,145,145,Roads & Pathways,65777536.48,65777536.48,0.0,0.0,sanctioned,2024-04-16,2024-04-27,2025-04-16,,0.0,21.0289,77.4605,REAL_MPLADS
PRJ-2026-0290,Roads & Pathways Work 291,Construction and development of roads & pathways facilities.,145,145,6,145,145,Roads & Pathways,81222463.52000001,81222463.52000001,56855724.464,25801127.76,stalled,2024-04-12,2024-04-27,2025-04-12,,45.38,22.3266,86.3084,REAL_MPLADS
PRJ-2026-0291,Healthcare Work 292,Construction and development of healthcare facilities.,146,146,4,146,146,Healthcare,94695125.06,94695125.06,0.0,0.0,recommended,2024-02-15,,2025-02-14,,0.0,17.4079,80.3944,REAL_MPLADS
PRJ-2026-0292,Healthcare Work 293,Construction and development of healthcare facilities.,146,146,4,146,146,Healthcare,62390239.84,62390239.84,43673167.888,25968484.99,ongoing,2024-02-21,2024-03-21,2025-02-20,,58.6,19.1705,75.9555,REAL_MPLADS
PRJ-2026-0293,Water & Sanitation Work 294,Construction and development of water & sanitation facilities.,147,147,22,147,147,Water & Sanitation,82428291.08,82428291.08,57699803.756,37002884.15,stalled,2024-03-17,2024-04-02,2025-03-17,,64.13,26.5493,81.2205,REAL_MPLADS
PRJ-2026-0294,Infrastructure Work 295,Construction and development of infrastructure facilities.,147,147,22,147,147,Infrastructure,64571708.92,64571708.92,0.0,0.0,recommended,2024-02-22,,2025-02-21,,0.0,22.7316,78.6581,REAL_MPLADS
PRJ-2026-0295,Roads & Pathways Work 296,Construction and development of roads & pathways facilities.,148,148,1,148,148,Roads & Pathways,70352659.22,70352659.22,49246861.453999996,22313752.92,stalled,2024-04-12,2024-05-04,2025-04-12,,45.31,24.7723,72.3506,REAL_MPLADS
PRJ-2026-0296,Healthcare Work 297,Construction and development of healthcare facilities.,148,148,1,148,148,Healthcare,76647340.78,76647340.78,53653138.546,41892030.9,ongoing,2024-02-22,2024-03-06,2025-02-21,,73.62,19.0149,77.5353,REAL_MPLADS
PRJ-2026-0297,Education Work 298,Construction and development of education facilities.,149,149,1,149,149,Education,88505082.6,88505082.6,61953557.81999999,34563889.91,stalled,2024-04-04,2024-04-17,2025-04-04,,55.79,23.5742,80.5656,REAL_MPLADS
PRJ-2026-0298,Roads & Pathways Work 299,Construction and development of roads & pathways facilities.,149,149,1,149,149,Roads & Pathways,58494917.400000006,58494917.400000006,58494917.400000006,58494917.400000006,completed,2024-02-04,2024-02-24,2025-02-03,2024-09-11,100.0,22.7593,79.3269,REAL_MPLADS
PRJ-2026-0299,Education Work 300,Construction and development of education facilities.,150,150,9,150,150,Education,77788965.32,77788965.32,0.0,0.0,ongoing,2024-01-23,2024-02-08,2025-01-22,,2.3,25.4904,77.9612,REAL_MPLADS
PRJ-2026-0300,Education Work 301,Construction and development of education facilities.,150,150,9,150,150,Education,69211034.68,69211034.68,0.0,0.0,recommended,2024-03-28,,2025-03-28,,0.0,17.29,72.0381,REAL_MPLADS
PRJ-2026-0301,Education Work 302,Construction and development of education facilities.,151,151,6,151,151,Education,86662350.49,86662350.49,86662350.49,86662350.49,completed,2024-03-12,2024-04-07,2025-03-12,2024-10-24,100.0,26.9493,75.4471,REAL_MPLADS
PRJ-2026-0302,Infrastructure Work 303,Construction and development of infrastructure facilities.,151,151,6,151,151,Infrastructure,83771680.62000002,83771680.62000002,0.0,0.0,sanctioned,2024-01-23,2024-02-04,2025-01-22,,0.0,18.1145,73.4619,REAL_MPLADS
PRJ-2026-0303,Water & Sanitation Work 304,Construction and development of water & sanitation facilities.,152,152,22,152,152,Water & Sanitation,72467708.26,72467708.26,0.0,0.0,recommended,2024-01-27,,2025-01-26,,0.0,25.9682,84.1286,REAL_MPLADS
PRJ-2026-0304,Roads & Pathways Work 305,Construction and development of roads & pathways facilities.,152,152,22,152,152,Roads & Pathways,74532291.74,74532291.74,52172604.217999995,31329753.53,ongoing,2024-01-24,2024-02-12,2025-01-23,,56.71,22.9819,81.5452,REAL_MPLADS
PRJ-2026-0305,Education Work 306,Construction and development of education facilities.,153,153,21,153,153,Education,60343616.44,60343616.44,60343616.44,60343616.44,completed,2024-03-27,2024-04-09,2025-03-27,2024-10-26,100.0,24.1074,84.9628,REAL_MPLADS
PRJ-2026-0306,Water & Sanitation Work 307,Construction and development of water & sanitation facilities.,153,153,21,153,153,Water & Sanitation,89888707.56,89888707.56,89888707.56,89888707.56,completed,2024-03-11,2024-04-09,2025-03-11,2024-10-26,100.0,21.0077,72.885,REAL_MPLADS
PRJ-2026-0307,Infrastructure Work 308,Construction and development of infrastructure facilities.,154,154,14,154,154,Infrastructure,58764930.14,58764930.14,58764930.14,58764930.14,completed,2024-03-13,2024-03-28,2025-03-13,2024-10-14,100.0,21.6137,85.1081,REAL_MPLADS
PRJ-2026-0308,Education Work 309,Construction and development of education facilities.,154,154,14,154,154,Education,88235069.86,88235069.86,61764548.901999995,26089345.46,stalled,2024-01-24,2024-02-19,2025-01-23,,42.24,20.7786,72.8,REAL_MPLADS
PRJ-2026-0309,Education Work 310,Construction and development of education facilities.,155,155,1,155,155,Education,86117034.21,86117034.21,60281923.94699999,32594436.28,stalled,2024-03-23,2024-04-18,2025-03-23,,54.07,17.5877,74.5966,REAL_MPLADS
PRJ-2026-0310,Education Work 311,Construction and development of education facilities.,155,155,1,155,155,Education,73563249.17999999,73563249.17999999,0.0,0.0,sanctioned,2024-03-28,2024-04-21,2025-03-28,,0.0,21.2749,77.6197,REAL_MPLADS
PRJ-2026-0311,Infrastructure Work 312,Construction and development of infrastructure facilities.,156,156,13,156,156,Infrastructure,81162904.33,81162904.33,56814033.030999996,44673599.62,ongoing,2024-03-27,2024-04-07,2025-03-27,,76.56,19.0664,82.4233,REAL_MPLADS
PRJ-2026-0312,Roads & Pathways Work 313,Construction and development of roads & pathways facilities.,156,156,13,156,156,Roads & Pathways,65837095.67,65837095.67,65837095.67,32918547.84,stalled,2024-02-12,2024-03-12,2025-02-11,,21.34,22.4867,81.0564,REAL_MPLADS
PRJ-2026-0313,Water & Sanitation Work 314,Construction and development of water & sanitation facilities.,157,157,9,157,157,Water & Sanitation,80455967.68,80455967.68,0.0,0.0,ongoing,2024-01-17,2024-01-30,2025-01-16,,7.86,21.7088,83.8709,REAL_MPLADS
PRJ-2026-0314,Education Work 315,Construction and development of education facilities.,157,157,9,157,157,Education,182268542.67,182268542.67,127587979.86899999,14736411.67,stalled,2024-02-13,2024-02-29,2025-02-12,,11.55,27.4944,75.0815,REAL_MPLADS
PRJ-2026-0315,Water & Sanitation Work 316,Construction and development of water & sanitation facilities.,158,158,5,158,158,Water & Sanitation,97397727.4,97397727.4,0.0,0.0,recommended,2024-01-26,,2025-01-25,,0.0,19.2526,75.9958,REAL_MPLADS
PRJ-2026-0316,Roads & Pathways Work 317,Construction and development of roads & pathways facilities.,158,158,5,158,158,Roads & Pathways,49602272.599999994,49602272.599999994,34721590.81999999,7979021.57,stalled,2024-02-26,2024-03-24,2025-02-25,,22.98,27.411,79.0283,REAL_MPLADS
PRJ-2026-0317,Education Work 318,Construction and development of education facilities.,159,159,4,159,159,Education,86979666.03,86979666.03,60885766.22099999,26954500.02,ongoing,2024-03-24,2024-04-14,2025-03-24,,44.5,18.8403,84.6525,REAL_MPLADS
PRJ-2026-0318,Healthcare Work 319,Construction and development of healthcare facilities.,159,159,4,159,159,Healthcare,60020333.97,60020333.97,60020333.97,30010166.98,stalled,2024-02-10,2024-02-24,2025-02-09,,21.15,23.4038,81.6843,REAL_MPLADS
PRJ-2026-0319,Water & Sanitation Work 320,Construction and development of water & sanitation facilities.,160,160,21,160,160,Water & Sanitation,80318502.66,80318502.66,56222951.861999996,28128310.78,ongoing,2024-02-05,2024-03-02,2025-02-04,,45.66,17.714,79.2966,REAL_MPLADS
PRJ-2026-0320,Water & Sanitation Work 321,Construction and development of water & sanitation facilities.,160,160,21,160,160,Water & Sanitation,66765454.45000002,66765454.45000002,46735818.11500001,20172095.45,ongoing,2024-01-18,2024-02-16,2025-01-17,,46.39,24.2138,73.1815,REAL_MPLADS
PRJ-2026-0321,Water & Sanitation Work 322,Construction and development of water & sanitation facilities.,161,161,19,161,161,Water & Sanitation,65514011.64,65514011.64,0.0,0.0,sanctioned,2024-02-10,2024-03-08,2025-02-09,,0.0,24.4708,81.1852,REAL_MPLADS
PRJ-2026-0322,Education Work 323,Construction and development of education facilities.,161,161,19,161,161,Education,81485988.36,81485988.36,57040191.852,38480546.05,ongoing,2024-04-01,2024-04-20,2025-04-01,,69.07,20.2571,77.7979,REAL_MPLADS
PRJ-2026-0323,Water & Sanitation Work 324,Construction and development of water & sanitation facilities.,162,162,17,162,162,Water & Sanitation,58456387.53,58456387.53,58456387.53,58456387.53,completed,2024-02-06,2024-02-26,2025-02-05,2024-09-13,100.0,20.7861,87.8205,REAL_MPLADS
PRJ-2026-0324,Healthcare Work 325,Construction and development of healthcare facilities.,162,162,17,162,162,Healthcare,88543612.47,88543612.47,61980528.728999995,34746284.41,stalled,2024-03-19,2024-04-01,2025-03-19,,56.06,20.1222,74.5274,REAL_MPLADS
PRJ-2026-0325,Infrastructure Work 326,Construction and development of infrastructure facilities.,163,163,15,163,163,Infrastructure,99155099.05,99155099.05,69408569.335,48301423.4,stalled,2024-03-16,2024-03-28,2025-03-16,,69.59,19.6409,72.6081,REAL_MPLADS
PRJ-2026-0326,Water & Sanitation Work 327,Construction and development of water & sanitation facilities.,163,163,15,163,163,Water & Sanitation,47844900.95,47844900.95,0.0,0.0,recommended,2024-02-26,,2025-02-25,,0.0,26.6669,81.8111,REAL_MPLADS
PRJ-2026-0327,Infrastructure Work 328,Construction and development of infrastructure facilities.,164,164,9,164,164,Infrastructure,93117366.03,93117366.03,65182156.22099999,35146218.63,stalled,2024-04-02,2024-04-13,2025-04-02,,53.92,26.6264,74.7073,REAL_MPLADS
PRJ-2026-0328,Infrastructure Work 329,Construction and development of infrastructure facilities.,164,164,9,164,164,Infrastructure,58452136.879999995,58452136.879999995,40916495.81599999,13452876.8,ongoing,2024-02-28,2024-03-28,2025-02-27,,30.24,22.2994,83.2553,REAL_MPLADS
PRJ-2026-0329,Infrastructure Work 330,Construction and development of infrastructure facilities.,165,165,12,165,165,Infrastructure,68317676.82,68317676.82,0.0,0.0,recommended,2024-02-21,,2025-02-20,,0.0,20.1587,79.3699,REAL_MPLADS
PRJ-2026-0330,Infrastructure Work 331,Construction and development of infrastructure facilities.,165,165,12,165,165,Infrastructure,78682323.18,78682323.18,0.0,0.0,recommended,2024-03-14,,2025-03-14,,0.0,24.6638,83.7152,REAL_MPLADS
PRJ-2026-0331,Water & Sanitation Work 332,Construction and development of water & sanitation facilities.,166,166,21,166,166,Water & Sanitation,65079306.04,65079306.04,45555514.228,26054637.01,ongoing,2024-01-27,2024-02-13,2025-01-26,,63.42,19.3898,87.3708,REAL_MPLADS
PRJ-2026-0332,Water & Sanitation Work 333,Construction and development of water & sanitation facilities.,166,166,21,166,166,Water & Sanitation,81920693.96000001,81920693.96000001,81920693.96000001,40960346.98,stalled,2024-03-26,2024-04-18,2025-03-26,,20.59,17.3902,74.5577,REAL_MPLADS
PRJ-2026-0333,Infrastructure Work 334,Construction and development of infrastructure facilities.,167,167,6,167,167,Infrastructure,100556593.61,100556593.61,0.0,0.0,recommended,2024-02-16,,2025-02-15,,0.0,27.985,81.4489,REAL_MPLADS
PRJ-2026-0334,Water & Sanitation Work 335,Construction and development of water & sanitation facilities.,167,167,6,167,167,Water & Sanitation,63339278.500000015,63339278.500000015,0.0,0.0,recommended,2024-04-09,,2025-04-09,,0.0,19.5659,73.4753,REAL_MPLADS
PRJ-2026-0335,Water & Sanitation Work 336,Construction and development of water & sanitation facilities.,168,168,19,168,168,Water & Sanitation,199766286.97,199766286.97,139836400.87899998,69789686.36,ongoing,2024-04-22,2024-05-20,2025-04-22,,45.68,18.2177,77.0928,REAL_MPLADS
PRJ-2026-0336,Water & Sanitation Work 337,Construction and development of water & sanitation facilities.,168,168,19,168,168,Water & Sanitation,127711103.89000002,127711103.89000002,127711103.89000002,127711103.89000002,completed,2024-04-22,2024-05-10,2025-04-22,2024-11-26,100.0,23.9939,76.9186,REAL_MPLADS
PRJ-2026-0337,Roads & Pathways Work 338,Construction and development of roads & pathways facilities.,169,169,15,169,169,Roads & Pathways,106850715.11,106850715.11,106850715.11,106850715.11,completed,2024-01-24,2024-02-12,2025-01-23,2024-08-30,100.0,22.5825,78.649,REAL_MPLADS
PRJ-2026-0338,Roads & Pathways Work 339,Construction and development of roads & pathways facilities.,169,169,15,169,169,Roads & Pathways,55464391.000000015,55464391.000000015,55464391.000000015,55464391.000000015,completed,2024-04-24,2024-05-20,2025-04-24,2024-12-06,100.0,20.1218,81.6962,REAL_MPLADS
PRJ-2026-0339,Infrastructure Work 340,Construction and development of infrastructure facilities.,170,170,9,170,170,Infrastructure,78340333.01,78340333.01,78340333.01,78340333.01,completed,2024-01-22,2024-02-05,2025-01-21,2024-08-23,100.0,25.1689,81.9714,REAL_MPLADS
PRJ-2026-0340,Infrastructure Work 341,Construction and development of infrastructure facilities.,170,170,9,170,170,Infrastructure,73521315.39999999,73521315.39999999,51464920.779999994,23648386.07,ongoing,2024-04-22,2024-05-08,2025-04-22,,45.39,27.1335,75.0469,REAL_MPLADS
PRJ-2026-0341,Roads & Pathways Work 342,Construction and development of roads & pathways facilities.,171,171,21,171,171,Roads & Pathways,63969120.34,63969120.34,44778384.238,30673193.2,stalled,2024-01-15,2024-02-08,2025-01-14,,68.5,22.0132,85.4199,REAL_MPLADS
PRJ-2026-0342,Infrastructure Work 343,Construction and development of infrastructure facilities.,171,171,21,171,171,Infrastructure,83097470.77000001,83097470.77000001,83097470.77000001,83097470.77000001,completed,2024-04-13,2024-04-26,2025-04-13,2024-11-12,100.0,18.1634,75.3191,REAL_MPLADS
PRJ-2026-0343,Infrastructure Work 344,Construction and development of infrastructure facilities.,172,172,1,172,172,Infrastructure,76755968.55,76755968.55,0.0,0.0,sanctioned,2024-02-23,2024-03-20,2025-02-22,,0.0,22.2187,78.3854,REAL_MPLADS
PRJ-2026-0344,Infrastructure Work 345,Construction and development of infrastructure facilities.,172,172,1,172,172,Infrastructure,70244031.45,70244031.45,49170822.015,7772835.21,ongoing,2024-02-26,2024-03-27,2025-02-25,,14.78,18.3586,77.0077,REAL_MPLADS
PRJ-2026-0345,Education Work 346,Construction and development of education facilities.,173,173,9,173,173,Education,50296085.8,50296085.8,0.0,0.0,recommended,2024-03-26,,2025-03-26,,0.0,17.3808,81.1014,REAL_MPLADS
PRJ-2026-0346,Infrastructure Work 347,Construction and development of infrastructure facilities.,173,173,9,173,173,Infrastructure,96703914.2,96703914.2,0.0,0.0,recommended,2024-04-06,,2025-04-06,,0.0,24.831,85.6942,REAL_MPLADS
PRJ-2026-0347,Education Work 348,Construction and development of education facilities.,174,174,12,174,174,Education,92319335.69,92319335.69,64623534.982999995,41689739.84,ongoing,2024-03-14,2024-04-01,2025-03-14,,65.6,26.254,75.8327,REAL_MPLADS
PRJ-2026-0348,Infrastructure Work 349,Construction and development of infrastructure facilities.,174,174,12,174,174,Infrastructure,54680664.31,54680664.31,38276465.017,16236876.46,stalled,2024-02-17,2024-03-04,2025-02-16,,42.42,22.6049,80.464,REAL_MPLADS
PRJ-2026-0349,Healthcare Work 350,Construction and development of healthcare facilities.,175,175,15,175,175,Healthcare,64129762.94,64129762.94,0.0,0.0,ongoing,2024-02-15,2024-02-28,2025-02-14,,6.33,25.019,81.6466,REAL_MPLADS
PRJ-2026-0350,Infrastructure Work 351,Construction and development of infrastructure facilities.,175,175,15,175,175,Infrastructure,83240727.17000002,83240727.17000002,58268509.01900001,12242213.74,stalled,2024-01-15,2024-01-30,2025-01-14,,21.01,18.5994,84.1983,REAL_MPLADS
PRJ-2026-0351,Water & Sanitation Work 352,Construction and development of water & sanitation facilities.,176,176,15,176,176,Water & Sanitation,120107808.65,120107808.65,0.0,0.0,recommended,2024-03-24,,2025-03-24,,0.0,27.9696,80.7517,REAL_MPLADS
PRJ-2026-0352,Infrastructure Work 353,Construction and development of infrastructure facilities.,176,176,15,176,176,Infrastructure,66400940.46000001,66400940.46000001,66400940.46000001,66400940.46000001,completed,2024-01-17,2024-02-08,2025-01-16,2024-08-26,100.0,17.3714,80.7564,REAL_MPLADS
PRJ-2026-0353,Education Work 354,Construction and development of education facilities.,177,177,9,177,177,Education,52084636.9,52084636.9,36459245.83,19181209.23,stalled,2024-03-10,2024-03-31,2025-03-10,,52.61,23.0888,84.8849,REAL_MPLADS
PRJ-2026-0354,Roads & Pathways Work 355,Construction and development of roads & pathways facilities.,177,177,9,177,177,Roads & Pathways,94915363.1,94915363.1,66440754.169999994,59662692.87,ongoing,2024-01-17,2024-02-04,2025-01-16,,84.91,24.1805,74.034,REAL_MPLADS
PRJ-2026-0355,Water & Sanitation Work 356,Construction and development of water & sanitation facilities.,178,178,10,178,178,Water & Sanitation,82348368.73,82348368.73,0.0,0.0,ongoing,2024-03-16,2024-03-30,2025-03-16,,5.1,18.4796,79.1491,REAL_MPLADS
PRJ-2026-0356,Education Work 357,Construction and development of education facilities.,178,178,10,178,178,Education,64651631.269999996,64651631.269999996,64651631.269999996,64651631.269999996,completed,2024-02-16,2024-03-01,2025-02-15,2024-09-17,100.0,20.8775,78.564,REAL_MPLADS
PRJ-2026-0357,Water & Sanitation Work 358,Construction and development of water & sanitation facilities.,179,179,22,179,179,Water & Sanitation,68222341.13,68222341.13,47755638.79099999,45367856.85,ongoing,2024-02-09,2024-03-05,2025-02-08,,7.29,17.1732,79.5739,REAL_MPLADS
PRJ-2026-0358,Infrastructure Work 359,Construction and development of infrastructure facilities.,179,179,22,179,179,Infrastructure,78777658.87,78777658.87,55144361.209,9414665.25,ongoing,2024-03-24,2024-04-17,2025-03-24,,16.74,18.3977,76.4146,REAL_MPLADS
PRJ-2026-0359,Healthcare Work 360,Construction and development of healthcare facilities.,180,180,3,180,180,Healthcare,92146740.46,92146740.46,64502718.32199999,26678324.3,stalled,2024-04-11,2024-05-10,2025-04-11,,41.36,17.165,77.6526,REAL_MPLADS
PRJ-2026-0360,Water & Sanitation Work 361,Construction and development of water & sanitation facilities.,180,180,3,180,180,Water & Sanitation,54853259.54000001,54853259.54000001,38397281.678,19198640.84,stalled,2024-04-12,2024-04-27,2025-04-12,,24.04,20.3612,86.1734,REAL_MPLADS
PRJ-2026-0361,Infrastructure Work 362,Construction and development of infrastructure facilities.,181,181,3,181,181,Infrastructure,100849733.85,100849733.85,0.0,0.0,recommended,2024-02-02,,2025-02-01,,0.0,26.692,87.0912,REAL_MPLADS
PRJ-2026-0362,Healthcare Work 363,Construction and development of healthcare facilities.,181,181,3,181,181,Healthcare,46150266.150000006,46150266.150000006,0.0,0.0,sanctioned,2024-02-27,2024-03-16,2025-02-26,,0.0,21.732,73.9868,REAL_MPLADS
PRJ-2026-0363,Education Work 364,Construction and development of education facilities.,182,182,11,182,182,Education,82252491.45,82252491.45,0.0,0.0,recommended,2024-03-06,,2025-03-06,,0.0,24.0592,81.6506,REAL_MPLADS
PRJ-2026-0364,Education Work 365,Construction and development of education facilities.,182,182,11,182,182,Education,64747508.55,64747508.55,64747508.55,61510133.12,ongoing,2024-02-15,2024-02-25,2025-02-14,,8.09,19.8475,82.4111,REAL_MPLADS
PRJ-2026-0365,Healthcare Work 366,Construction and development of healthcare facilities.,183,183,19,183,183,Healthcare,55598546.88,55598546.88,38918982.816,36973033.68,ongoing,2024-04-22,2024-05-03,2025-04-22,,7.08,20.2031,87.6313,REAL_MPLADS
PRJ-2026-0366,Roads & Pathways Work 367,Construction and development of roads & pathways facilities.,183,183,19,183,183,Roads & Pathways,91401453.12,91401453.12,63981017.184,19411840.61,stalled,2024-01-20,2024-02-04,2025-01-19,,30.34,27.7284,72.5755,REAL_MPLADS
PRJ-2026-0367,Water & Sanitation Work 368,Construction and development of water & sanitation facilities.,184,184,15,184,184,Water & Sanitation,65400812.11,65400812.11,65400812.11,65400812.11,completed,2024-03-05,2024-03-18,2025-03-05,2024-10-04,100.0,22.8656,86.8152,REAL_MPLADS
PRJ-2026-0368,Roads & Pathways Work 369,Construction and development of roads & pathways facilities.,184,184,15,184,184,Roads & Pathways,81599187.89,81599187.89,57119431.522999994,50839185.23,ongoing,2024-02-17,2024-03-05,2025-02-16,,82.61,23.6104,75.7756,REAL_MPLADS
PRJ-2026-0369,Infrastructure Work 370,Construction and development of infrastructure facilities.,185,185,21,185,185,Infrastructure,63649967.06,63649967.06,0.0,0.0,recommended,2024-04-10,,2025-04-10,,0.0,18.0219,76.7321,REAL_MPLADS
PRJ-2026-0370,Healthcare Work 371,Construction and development of healthcare facilities.,185,185,21,185,185,Healthcare,113667874.05000001,113667874.05000001,0.0,0.0,sanctioned,2024-02-19,2024-03-17,2025-02-18,,0.0,27.7387,82.3092,REAL_MPLADS
PRJ-2026-0371,Roads & Pathways Work 372,Construction and development of roads & pathways facilities.,186,186,11,186,186,Roads & Pathways,55601762.02,55601762.02,55601762.02,55601762.02,completed,2024-02-10,2024-02-26,2025-02-09,2024-09-13,100.0,27.1533,84.6417,REAL_MPLADS
PRJ-2026-0372,Infrastructure Work 373,Construction and development of infrastructure facilities.,186,186,11,186,186,Infrastructure,93857143.09,93857143.09,0.0,0.0,sanctioned,2024-01-17,2024-02-02,2025-01-16,,0.0,19.5274,81.4277,REAL_MPLADS
PRJ-2026-0373,Infrastructure Work 374,Construction and development of infrastructure facilities.,187,187,13,187,187,Infrastructure,56980374.77,56980374.77,56980374.77,56980374.77,completed,2024-02-06,2024-02-24,2025-02-05,2024-09-11,100.0,27.1673,73.5687,REAL_MPLADS
PRJ-2026-0374,Healthcare Work 375,Construction and development of healthcare facilities.,187,187,13,187,187,Healthcare,90019625.22999999,90019625.22999999,63013737.66099999,33336216.97,ongoing,2024-01-31,2024-02-20,2025-01-30,,50.2,26.5835,85.1596,REAL_MPLADS
PRJ-2026-0375,Infrastructure Work 376,Construction and development of infrastructure facilities.,188,188,9,188,188,Infrastructure,93715240.95,93715240.95,65600668.665,13349736.07,stalled,2024-02-16,2024-03-01,2025-02-15,,20.35,27.993,80.8749,REAL_MPLADS
PRJ-2026-0376,Education Work 377,Construction and development of education facilities.,188,188,9,188,188,Education,61975443.82000001,61975443.82000001,61975443.82000001,61975443.82000001,completed,2024-02-25,2024-03-25,2025-02-24,2024-10-11,100.0,19.3521,74.9261,REAL_MPLADS
PRJ-2026-0377,Water & Sanitation Work 378,Construction and development of water & sanitation facilities.,189,189,21,189,189,Water & Sanitation,76469474.65,76469474.65,76469474.65,76469474.65,completed,2024-03-13,2024-04-05,2025-03-13,2024-10-22,100.0,21.4225,86.5587,REAL_MPLADS
PRJ-2026-0378,Infrastructure Work 379,Construction and development of infrastructure facilities.,189,189,21,189,189,Infrastructure,70530525.35,70530525.35,70530525.35,70530525.35,completed,2024-04-05,2024-05-04,2025-04-05,2024-11-20,100.0,17.6337,74.1757,REAL_MPLADS
PRJ-2026-0379,Education Work 380,Construction and development of education facilities.,190,190,5,190,190,Education,94602040.73,94602040.73,0.0,0.0,sanctioned,2024-01-24,2024-02-21,2025-01-23,,0.0,24.398,87.5806,REAL_MPLADS
PRJ-2026-0380,Healthcare Work 381,Construction and development of healthcare facilities.,190,190,5,190,190,Healthcare,52397959.269999996,52397959.269999996,0.0,0.0,sanctioned,2024-03-06,2024-03-31,2025-03-06,,0.0,24.8275,79.6218,REAL_MPLADS
PRJ-2026-0381,Roads & Pathways Work 382,Construction and development of roads & pathways facilities.,191,191,22,191,191,Roads & Pathways,94898465.65,94898465.65,66428925.955,24178705.52,ongoing,2024-03-17,2024-04-08,2025-03-17,,38.09,22.7886,75.0282,REAL_MPLADS
PRJ-2026-0382,Roads & Pathways Work 383,Construction and development of roads & pathways facilities.,191,191,22,191,191,Roads & Pathways,52101534.349999994,52101534.349999994,36471074.044999994,18235537.02,stalled,2024-03-20,2024-04-07,2025-03-20,,38.0,20.0222,81.6381,REAL_MPLADS
PRJ-2026-0383,Healthcare Work 384,Construction and development of healthcare facilities.,192,192,12,192,192,Healthcare,65186186.44,65186186.44,45630330.507999994,35637985.36,ongoing,2024-04-13,2024-05-13,2025-04-13,,78.38,26.746,87.1384,REAL_MPLADS
PRJ-2026-0384,Roads & Pathways Work 385,Construction and development of roads & pathways facilities.,192,192,12,192,192,Roads & Pathways,81813813.56,81813813.56,0.0,0.0,sanctioned,2024-02-17,2024-03-02,2025-02-16,,0.0,27.6386,79.6352,REAL_MPLADS
PRJ-2026-0385,Water & Sanitation Work 386,Construction and development of water & sanitation facilities.,193,193,20,193,193,Water & Sanitation,95575791.89,95575791.89,0.0,0.0,recommended,2024-03-27,,2025-03-27,,0.0,19.4605,84.5516,REAL_MPLADS
PRJ-2026-0386,Education Work 387,Construction and development of education facilities.,193,193,20,193,193,Education,51558339.11,51558339.11,51558339.11,51558339.11,completed,2024-03-19,2024-04-01,2025-03-19,2024-10-18,100.0,20.5821,83.2732,REAL_MPLADS
PRJ-2026-0387,Roads & Pathways Work 388,Construction and development of roads & pathways facilities.,194,194,22,194,194,Roads & Pathways,89696124.7,89696124.7,62787287.29,31211560.51,stalled,2024-02-21,2024-03-15,2025-02-20,,49.71,25.9814,80.4102,REAL_MPLADS
PRJ-2026-0388,Education Work 389,Construction and development of education facilities.,194,194,22,194,194,Education,57303875.3,57303875.3,57303875.3,57303875.3,completed,2024-02-18,2024-03-08,2025-02-17,2024-09-24,100.0,25.9484,74.6729,REAL_MPLADS
PRJ-2026-0389,Education Work 390,Construction and development of education facilities.,195,195,5,195,195,Education,74689640.98,74689640.98,74689640.98,74689640.98,completed,2024-02-03,2024-02-23,2025-02-02,2024-09-10,100.0,25.2046,82.4221,REAL_MPLADS
PRJ-2026-0390,Water & Sanitation Work 391,Construction and development of water & sanitation facilities.,195,195,5,195,195,Water & Sanitation,72310359.02,72310359.02,0.0,0.0,recommended,2024-02-09,,2025-02-08,,0.0,21.7535,81.918,REAL_MPLADS
PRJ-2026-0391,Infrastructure Work 392,Construction and development of infrastructure facilities.,196,196,28,196,196,Infrastructure,82012292.68,82012292.68,57408604.876,33865336.02,stalled,2024-03-15,2024-04-03,2025-03-15,,58.99,26.7652,79.8631,REAL_MPLADS
PRJ-2026-0392,Healthcare Work 393,Construction and development of healthcare facilities.,196,196,28,196,196,Healthcare,69991630.43,69991630.43,69991630.43,69991630.43,completed,2024-01-25,2024-02-20,2025-01-24,2024-09-07,100.0,20.4327,76.031,REAL_MPLADS
PRJ-2026-0393,Infrastructure Work 394,Construction and development of infrastructure facilities.,197,197,5,197,197,Infrastructure,72825124.52,72825124.52,0.0,0.0,recommended,2024-02-23,,2025-02-22,,0.0,27.5054,82.989,REAL_MPLADS
PRJ-2026-0394,Roads & Pathways Work 395,Construction and development of roads & pathways facilities.,197,197,5,197,197,Roads & Pathways,74174875.48,74174875.48,0.0,0.0,recommended,2024-02-29,,2025-02-28,,0.0,19.6284,78.7069,REAL_MPLADS
PRJ-2026-0395,Infrastructure Work 396,Construction and development of infrastructure facilities.,198,198,4,198,198,Infrastructure,93763343.9,93763343.9,65634340.73,60492540.13,ongoing,2024-03-12,2024-03-26,2025-03-12,,85.97,25.8127,81.4809,REAL_MPLADS
PRJ-2026-0396,Healthcare Work 397,Construction and development of healthcare facilities.,198,198,4,198,198,Healthcare,53236656.099999994,53236656.099999994,37265659.269999996,12059167.34,stalled,2024-02-10,2024-02-26,2025-02-09,,32.36,20.2281,75.9808,REAL_MPLADS
PRJ-2026-0397,Education Work 398,Construction and development of education facilities.,199,199,4,199,199,Education,97620647.42,97620647.42,0.0,0.0,sanctioned,2024-03-27,2024-04-12,2025-03-27,,0.0,18.6511,82.7383,REAL_MPLADS
PRJ-2026-0398,Infrastructure Work 399,Construction and development of infrastructure facilities.,199,199,4,199,199,Infrastructure,70983993.69000001,70983993.69000001,70983993.69000001,70983993.69000001,completed,2024-03-12,2024-03-22,2025-03-12,2024-10-08,100.0,21.9924,76.2302,REAL_MPLADS
PRJ-2026-0399,Water & Sanitation Work 400,Construction and development of water & sanitation facilities.,200,200,21,200,200,Water & Sanitation,92703399.76,92703399.76,0.0,0.0,stalled,2024-02-13,2024-02-25,2025-02-12,,37.36,25.2001,84.9248,REAL_MPLADS
PRJ-2026-0400,Roads & Pathways Work 401,Construction and development of roads & pathways facilities.,200,200,21,200,200,Roads & Pathways,54296600.239999995,54296600.239999995,0.0,0.0,recommended,2024-02-07,,2025-02-06,,0.0,25.5698,80.3622,REAL_MPLADS
PRJ-2026-0401,Healthcare Work 402,Construction and development of healthcare facilities.,201,201,4,201,201,Healthcare,56007748.67,56007748.67,0.0,0.0,sanctioned,2024-04-20,2024-05-14,2025-04-20,,0.0,25.4081,84.6392,REAL_MPLADS
PRJ-2026-0402,Water & Sanitation Work 403,Construction and development of water & sanitation facilities.,201,201,4,201,201,Water & Sanitation,90992251.33,90992251.33,90992251.33,90992251.33,completed,2024-01-22,2024-02-03,2025-01-21,2024-08-21,100.0,20.9976,85.2873,REAL_MPLADS
PRJ-2026-0403,Education Work 404,Construction and development of education facilities.,202,202,5,202,202,Education,56063353.67,56063353.67,0.0,0.0,recommended,2024-01-21,,2025-01-20,,0.0,20.9381,83.9522,REAL_MPLADS
PRJ-2026-0404,Water & Sanitation Work 405,Construction and development of water & sanitation facilities.,202,202,5,202,202,Water & Sanitation,104580603.44000001,104580603.44000001,0.0,0.0,sanctioned,2024-04-03,2024-04-19,2025-04-03,,0.0,27.8304,74.1991,REAL_MPLADS
PRJ-2026-0405,Roads & Pathways Work 406,Construction and development of roads & pathways facilities.,203,203,27,203,203,Roads & Pathways,74427379.72,74427379.72,52099165.804,6167211.24,ongoing,2024-04-08,2024-05-04,2025-04-08,,12.54,20.2581,84.1953,REAL_MPLADS
PRJ-2026-0406,Healthcare Work 407,Construction and development of healthcare facilities.,203,203,27,203,203,Healthcare,72572620.28,72572620.28,50800834.195999995,29510204.58,stalled,2024-03-21,2024-04-16,2025-03-21,,58.09,17.0923,73.2644,REAL_MPLADS
PRJ-2026-0407,Education Work 408,Construction and development of education facilities.,204,204,5,204,204,Education,67116706.19,67116706.19,46981694.333,10697731.8,stalled,2024-01-28,2024-02-25,2025-01-27,,22.77,20.6501,83.202,REAL_MPLADS
PRJ-2026-0408,Infrastructure Work 409,Construction and development of infrastructure facilities.,204,204,5,204,204,Infrastructure,79883293.81,79883293.81,55918305.666999996,39243466.92,stalled,2024-03-04,2024-03-22,2025-03-04,,70.18,27.5017,80.5269,REAL_MPLADS
PRJ-2026-0409,Healthcare Work 410,Construction and development of healthcare facilities.,205,205,9,205,205,Healthcare,65295841.84,65295841.84,65295841.84,65295841.84,completed,2024-02-13,2024-03-11,2025-02-12,2024-09-27,100.0,22.5666,81.6791,REAL_MPLADS
PRJ-2026-0410,Roads & Pathways Work 411,Construction and development of roads & pathways facilities.,205,205,9,205,205,Roads & Pathways,81704158.16,81704158.16,57192910.712,32126957.66,ongoing,2024-02-12,2024-02-24,2025-02-11,,58.28,24.5339,85.5225,REAL_MPLADS
PRJ-2026-0411,Infrastructure Work 412,Construction and development of infrastructure facilities.,206,206,22,206,206,Infrastructure,52166748.52,52166748.52,0.0,0.0,recommended,2024-02-12,,2025-02-11,,0.0,21.3156,74.0276,REAL_MPLADS
PRJ-2026-0412,Water & Sanitation Work 413,Construction and development of water & sanitation facilities.,206,206,22,206,206,Water & Sanitation,94833251.47999999,94833251.47999999,66383276.03599999,31073948.12,ongoing,2024-04-10,2024-04-20,2025-04-10,,42.59,24.1581,86.2368,REAL_MPLADS
PRJ-2026-0413,Healthcare Work 414,Construction and development of healthcare facilities.,207,207,22,207,207,Healthcare,97953994.16,97953994.16,97953994.16,97953994.16,completed,2024-04-18,2024-05-17,2025-04-18,2024-12-03,100.0,27.7428,79.2533,REAL_MPLADS
PRJ-2026-0414,Roads & Pathways Work 415,Construction and development of roads & pathways facilities.,207,207,22,207,207,Roads & Pathways,49046005.84,49046005.84,34332204.088,17166102.04,stalled,2024-04-16,2024-05-08,2025-04-16,,28.75,17.3493,79.4387,REAL_MPLADS
PRJ-2026-0415,Roads & Pathways Work 416,Construction and development of roads & pathways facilities.,208,208,3,208,208,Roads & Pathways,85368618.91,85368618.91,85368618.91,85368618.91,completed,2024-01-18,2024-02-05,2025-01-17,2024-08-23,100.0,26.9024,80.6831,REAL_MPLADS
PRJ-2026-0416,Roads & Pathways Work 417,Construction and development of roads & pathways facilities.,208,208,3,208,208,Roads & Pathways,61631381.09,61631381.09,43141966.763,21570983.38,stalled,2024-01-19,2024-02-18,2025-01-18,,29.35,24.1499,77.3413,REAL_MPLADS
PRJ-2026-0417,Education Work 418,Construction and development of education facilities.,209,209,5,209,209,Education,122276431.9,122276431.9,0.0,0.0,sanctioned,2024-03-30,2024-04-25,2025-03-30,,0.0,19.5503,76.604,REAL_MPLADS
PRJ-2026-0418,Infrastructure Work 419,Construction and development of infrastructure facilities.,209,209,5,209,209,Infrastructure,66470874.359999985,66470874.359999985,0.0,0.0,sanctioned,2024-03-08,2024-03-19,2025-03-08,,0.0,26.483,75.3036,REAL_MPLADS
PRJ-2026-0419,Healthcare Work 420,Construction and development of healthcare facilities.,210,210,2,210,210,Healthcare,63496963.89,63496963.89,63496963.89,63496963.89,completed,2024-03-06,2024-03-20,2025-03-06,2024-10-06,100.0,24.6977,73.8835,REAL_MPLADS
PRJ-2026-0420,Water & Sanitation Work 421,Construction and development of water & sanitation facilities.,210,210,2,210,210,Water & Sanitation,83503036.11,83503036.11,0.0,0.0,sanctioned,2024-04-17,2024-05-17,2025-04-17,,0.0,21.408,75.7884,REAL_MPLADS
PRJ-2026-0421,Education Work 422,Construction and development of education facilities.,211,211,5,211,211,Education,96022540.2,96022540.2,0.0,0.0,sanctioned,2024-04-24,2024-05-14,2025-04-24,,0.0,20.829,79.3629,REAL_MPLADS
PRJ-2026-0422,Education Work 423,Construction and development of education facilities.,211,211,5,211,211,Education,50977459.8,50977459.8,35684221.85999999,8191287.71,ongoing,2024-03-14,2024-04-10,2025-03-14,,21.61,24.4532,77.2963,REAL_MPLADS
PRJ-2026-0423,Infrastructure Work 424,Construction and development of infrastructure facilities.,212,212,17,212,212,Infrastructure,47734159.57,47734159.57,0.0,0.0,sanctioned,2024-03-03,2024-03-20,2025-03-03,,0.0,24.3775,81.4927,REAL_MPLADS
PRJ-2026-0424,Water & Sanitation Work 425,Construction and development of water & sanitation facilities.,212,212,17,212,212,Water & Sanitation,99265840.43,99265840.43,0.0,0.0,sanctioned,2024-04-18,2024-05-16,2025-04-18,,0.0,20.1103,86.7406,REAL_MPLADS
PRJ-2026-0425,Infrastructure Work 426,Construction and development of infrastructure facilities.,213,213,10,213,213,Infrastructure,83227643.39,83227643.39,0.0,0.0,sanctioned,2024-03-25,2024-04-14,2025-03-25,,0.0,17.1494,72.3367,REAL_MPLADS
PRJ-2026-0426,Roads & Pathways Work 427,Construction and development of roads & pathways facilities.,213,213,10,213,213,Roads & Pathways,63772356.61,63772356.61,0.0,0.0,sanctioned,2024-02-07,2024-03-03,2025-02-06,,0.0,23.1899,87.5163,REAL_MPLADS
PRJ-2026-0427,Healthcare Work 428,Construction and development of healthcare facilities.,214,214,4,214,214,Healthcare,90232096.51,90232096.51,0.0,0.0,ongoing,2024-04-20,2024-05-16,2025-04-20,,2.94,21.1599,85.8049,REAL_MPLADS
PRJ-2026-0428,Water & Sanitation Work 429,Construction and development of water & sanitation facilities.,214,214,4,214,214,Water & Sanitation,56767903.489999995,56767903.489999995,0.0,0.0,recommended,2024-01-25,,2025-01-24,,0.0,22.1475,72.0021,REAL_MPLADS
PRJ-2026-0429,Healthcare Work 430,Construction and development of healthcare facilities.,215,215,9,215,215,Healthcare,93618694.76,93618694.76,0.0,0.0,recommended,2024-03-07,,2025-03-07,,0.0,27.7965,82.8073,REAL_MPLADS
PRJ-2026-0430,Water & Sanitation Work 431,Construction and development of water & sanitation facilities.,215,215,9,215,215,Water & Sanitation,53381305.239999995,53381305.239999995,53381305.239999995,53381305.239999995,completed,2024-02-18,2024-03-04,2025-02-17,2024-09-20,100.0,21.8729,87.8286,REAL_MPLADS
PRJ-2026-0431,Healthcare Work 432,Construction and development of healthcare facilities.,216,216,23,216,216,Healthcare,68870639.52,68870639.52,48209447.664,20460089.59,stalled,2024-04-20,2024-05-18,2025-04-20,,42.44,18.4586,80.6467,REAL_MPLADS
PRJ-2026-0432,Roads & Pathways Work 433,Construction and development of roads & pathways facilities.,216,216,23,216,216,Roads & Pathways,86283098.59000002,86283098.59000002,60398169.01300001,48727490.56,ongoing,2024-04-14,2024-05-13,2025-04-14,,79.91,21.374,77.0712,REAL_MPLADS
PRJ-2026-0433,Healthcare Work 434,Construction and development of healthcare facilities.,217,217,15,217,217,Healthcare,54775020.92,54775020.92,38342514.644,29648115.79,ongoing,2024-04-12,2024-04-26,2025-04-12,,73.78,20.3475,78.8075,REAL_MPLADS
PRJ-2026-0434,Infrastructure Work 435,Construction and development of infrastructure facilities.,217,217,15,217,217,Infrastructure,92224979.08,92224979.08,64557485.35599999,32278742.68,stalled,2024-04-24,2024-05-05,2025-04-24,,23.81,21.94,80.2723,REAL_MPLADS
PRJ-2026-0435,Roads & Pathways Work 436,Construction and development of roads & pathways facilities.,218,218,6,218,218,Roads & Pathways,74786590.17,74786590.17,52350613.118999995,34907388.83,stalled,2024-02-12,2024-03-11,2025-02-11,,66.68,23.7816,80.2626,REAL_MPLADS
PRJ-2026-0436,Water & Sanitation Work 437,Construction and development of water & sanitation facilities.,218,218,6,218,218,Water & Sanitation,72213409.83,72213409.83,72213409.83,72213409.83,completed,2024-03-09,2024-03-28,2025-03-09,2024-10-14,100.0,21.8563,76.791,REAL_MPLADS
PRJ-2026-0437,Roads & Pathways Work 438,Construction and development of roads & pathways facilities.,219,219,15,219,219,Roads & Pathways,74683998.34,74683998.34,74683998.34,74683998.34,completed,2024-01-20,2024-02-05,2025-01-19,2024-08-23,100.0,18.8723,77.2941,REAL_MPLADS
PRJ-2026-0438,Roads & Pathways Work 439,Construction and development of roads & pathways facilities.,219,219,15,219,219,Roads & Pathways,72316001.66,72316001.66,0.0,0.0,recommended,2024-03-16,,2025-03-16,,0.0,26.5106,87.0041,REAL_MPLADS
PRJ-2026-0439,Roads & Pathways Work 440,Construction and development of roads & pathways facilities.,220,220,6,220,220,Roads & Pathways,59595657.65,59595657.65,41716960.355,14358977.75,stalled,2024-01-28,2024-02-18,2025-01-27,,34.42,27.5182,84.0747,REAL_MPLADS
PRJ-2026-0440,Water & Sanitation Work 441,Construction and development of water & sanitation facilities.,220,220,6,220,220,Water & Sanitation,87404342.35,87404342.35,87404342.35,87404342.35,completed,2024-04-15,2024-05-10,2025-04-15,2024-11-26,100.0,26.9061,81.9309,REAL_MPLADS
PRJ-2026-0441,Water & Sanitation Work 442,Construction and development of water & sanitation facilities.,221,221,21,221,221,Water & Sanitation,59636070.29,59636070.29,0.0,0.0,sanctioned,2024-02-01,2024-02-16,2025-01-31,,0.0,25.098,76.5722,REAL_MPLADS
PRJ-2026-0442,Education Work 443,Construction and development of education facilities.,221,221,21,221,221,Education,87363929.71000001,87363929.71000001,61154750.797,21964940.07,ongoing,2024-04-18,2024-04-30,2025-04-18,,35.66,25.2361,77.8823,REAL_MPLADS
PRJ-2026-0443,Roads & Pathways Work 444,Construction and development of roads & pathways facilities.,222,222,19,222,222,Roads & Pathways,96841913.96,96841913.96,67789339.77199998,17415081.39,stalled,2024-03-31,2024-04-10,2025-03-31,,25.69,26.7542,87.203,REAL_MPLADS
PRJ-2026-0444,Roads & Pathways Work 445,Construction and development of roads & pathways facilities.,222,222,19,222,222,Roads & Pathways,50158086.04000001,50158086.04000001,35110660.228,27933458.31,ongoing,2024-01-25,2024-02-07,2025-01-24,,77.96,27.3574,86.8965,REAL_MPLADS
PRJ-2026-0445,Education Work 446,Construction and development of education facilities.,223,223,4,223,223,Education,89742622.3,89742622.3,0.0,0.0,sanctioned,2024-02-16,2024-03-10,2025-02-15,,0.0,27.7626,86.3493,REAL_MPLADS
PRJ-2026-0446,Roads & Pathways Work 447,Construction and development of roads & pathways facilities.,223,223,4,223,223,Roads & Pathways,57257377.7,57257377.7,40080164.39,20040082.2,stalled,2024-02-09,2024-02-20,2025-02-08,,26.5,26.7906,79.2475,REAL_MPLADS
PRJ-2026-0447,Healthcare Work 448,Construction and development of healthcare facilities.,224,224,29,224,224,Healthcare,142907822.24,142907822.24,0.0,0.0,sanctioned,2024-02-05,2024-02-21,2025-02-04,,0.0,18.9891,77.3693,REAL_MPLADS
PRJ-2026-0448,Roads & Pathways Work 449,Construction and development of roads & pathways facilities.,224,224,29,224,224,Roads & Pathways,126592177.75999999,126592177.75999999,88614524.43199998,35445809.77,stalled,2024-01-29,2024-02-23,2025-01-28,,40.0,18.1392,77.2664,REAL_MPLADS
PRJ-2026-0449,Water & Sanitation Work 450,Construction and development of water & sanitation facilities.,225,225,15,225,225,Water & Sanitation,96132404.56,96132404.56,96132404.56,96132404.56,completed,2024-04-08,2024-04-30,2025-04-08,2024-11-16,100.0,26.5876,78.2896,REAL_MPLADS
PRJ-2026-0450,Education Work 451,Construction and development of education facilities.,225,225,15,225,225,Education,75367595.44,75367595.44,52757316.808,26378658.4,stalled,2024-01-16,2024-01-28,2025-01-15,,20.18,23.1218,83.2143,REAL_MPLADS
PRJ-2026-0451,Roads & Pathways Work 452,Construction and development of roads & pathways facilities.,226,226,17,226,226,Roads & Pathways,78038042.28,78038042.28,78038042.28,78038042.28,completed,2024-04-18,2024-05-06,2025-04-18,2024-11-22,100.0,19.0428,86.8589,REAL_MPLADS
PRJ-2026-0452,Education Work 453,Construction and development of education facilities.,226,226,17,226,226,Education,68961957.72,68961957.72,68961957.72,68961957.72,completed,2024-03-06,2024-03-28,2025-03-06,2024-10-14,100.0,22.9211,79.7384,REAL_MPLADS
PRJ-2026-0453,Roads & Pathways Work 454,Construction and development of roads & pathways facilities.,227,227,17,227,227,Roads & Pathways,53832091.91,53832091.91,0.0,0.0,recommended,2024-02-22,,2025-02-21,,0.0,22.5163,81.498,REAL_MPLADS
PRJ-2026-0454,Roads & Pathways Work 455,Construction and development of roads & pathways facilities.,227,227,17,227,227,Roads & Pathways,93167908.09,93167908.09,65217535.662999995,17606039.97,ongoing,2024-01-23,2024-02-04,2025-01-22,,24.55,25.6005,79.9101,REAL_MPLADS
PRJ-2026-0455,Education Work 456,Construction and development of education facilities.,228,228,4,228,228,Education,53315176.27,53315176.27,53315176.27,53315176.27,completed,2024-02-13,2024-03-13,2025-02-12,2024-09-29,100.0,24.3956,81.7737,REAL_MPLADS
PRJ-2026-0456,Education Work 457,Construction and development of education facilities.,228,228,4,228,228,Education,93684823.72999999,93684823.72999999,0.0,0.0,recommended,2024-02-18,,2025-02-17,,0.0,25.3881,73.2126,REAL_MPLADS
PRJ-2026-0457,Water & Sanitation Work 458,Construction and development of water & sanitation facilities.,229,229,4,229,229,Water & Sanitation,56856659.95,56856659.95,39799661.964999996,8041541.54,ongoing,2024-04-03,2024-04-24,2025-04-03,,21.6,20.4079,84.1305,REAL_MPLADS
PRJ-2026-0458,Water & Sanitation Work 459,Construction and development of water & sanitation facilities.,229,229,4,229,229,Water & Sanitation,90143340.05,90143340.05,0.0,0.0,recommended,2024-04-04,,2025-04-04,,0.0,23.1154,75.0669,REAL_MPLADS
PRJ-2026-0459,Infrastructure Work 460,Construction and development of infrastructure facilities.,230,230,1,230,230,Infrastructure,46951488.34,46951488.34,0.0,0.0,recommended,2024-04-14,,2025-04-14,,0.0,23.5769,81.8768,REAL_MPLADS
PRJ-2026-0460,Roads & Pathways Work 461,Construction and development of roads & pathways facilities.,230,230,1,230,230,Roads & Pathways,100048511.66,100048511.66,0.0,0.0,recommended,2024-04-04,,2025-04-04,,0.0,21.3887,75.1978,REAL_MPLADS
PRJ-2026-0461,Education Work 462,Construction and development of education facilities.,231,231,10,231,231,Education,57090435.27,57090435.27,39963304.689,37965139.45,ongoing,2024-02-23,2024-03-06,2025-02-22,,8.9,20.1509,86.7616,REAL_MPLADS
PRJ-2026-0462,Infrastructure Work 463,Construction and development of infrastructure facilities.,231,231,10,231,231,Infrastructure,89909564.72999999,89909564.72999999,89909564.72999999,89909564.72999999,completed,2024-01-31,2024-02-13,2025-01-30,2024-08-31,100.0,27.9672,73.0415,REAL_MPLADS
PRJ-2026-0463,Roads & Pathways Work 464,Construction and development of roads & pathways facilities.,232,232,20,232,232,Roads & Pathways,87758196.1,87758196.1,61430737.26999999,48066046.49,ongoing,2024-02-25,2024-03-19,2025-02-24,,80.9,25.4997,77.8021,REAL_MPLADS
PRJ-2026-0464,Roads & Pathways Work 465,Construction and development of roads & pathways facilities.,232,232,20,232,232,Roads & Pathways,59241803.900000006,59241803.900000006,0.0,0.0,recommended,2024-03-24,,2025-03-24,,0.0,24.4445,83.4904,REAL_MPLADS
PRJ-2026-0465,Infrastructure Work 466,Construction and development of infrastructure facilities.,233,233,23,233,233,Infrastructure,57191828.18,57191828.18,40034279.725999996,27044379.34,ongoing,2024-03-21,2024-04-19,2025-03-21,,62.36,22.133,74.9165,REAL_MPLADS
PRJ-2026-0466,Water & Sanitation Work 467,Construction and development of water & sanitation facilities.,233,233,23,233,233,Water & Sanitation,93192553.93,93192553.93,65234787.751,39643180.52,stalled,2024-03-18,2024-04-13,2025-03-18,,60.77,24.0701,80.7428,REAL_MPLADS
PRJ-2026-0467,Roads & Pathways Work 468,Construction and development of roads & pathways facilities.,234,234,5,234,234,Roads & Pathways,96194804.81,96194804.81,67336363.367,41452265.29,stalled,2024-01-18,2024-02-06,2025-01-17,,61.56,24.7435,76.3979,REAL_MPLADS
PRJ-2026-0468,Infrastructure Work 469,Construction and development of infrastructure facilities.,234,234,5,234,234,Infrastructure,50805195.19,50805195.19,50805195.19,50805195.19,completed,2024-02-14,2024-03-07,2025-02-13,2024-09-23,100.0,23.2115,79.3431,REAL_MPLADS
PRJ-2026-0469,Water & Sanitation Work 470,Construction and development of water & sanitation facilities.,235,235,18,235,235,Water & Sanitation,81268589.88,81268589.88,0.0,0.0,recommended,2024-04-20,,2025-04-20,,0.0,23.1751,76.3582,REAL_MPLADS
PRJ-2026-0470,Water & Sanitation Work 471,Construction and development of water & sanitation facilities.,235,235,18,235,235,Water & Sanitation,65731410.120000005,65731410.120000005,0.0,0.0,recommended,2024-01-20,,2025-01-19,,0.0,22.9524,86.7254,REAL_MPLADS
PRJ-2026-0471,Water & Sanitation Work 472,Construction and development of water & sanitation facilities.,236,236,15,236,236,Water & Sanitation,88885191.11,88885191.11,62219633.776999995,22622705.64,ongoing,2024-03-11,2024-04-02,2025-03-11,,33.31,19.4271,86.714,REAL_MPLADS
PRJ-2026-0472,Education Work 473,Construction and development of education facilities.,236,236,15,236,236,Education,58114808.89,58114808.89,40680366.223,16186629.12,ongoing,2024-02-09,2024-03-07,2025-02-08,,36.44,21.3508,79.2115,REAL_MPLADS
PRJ-2026-0473,Healthcare Work 474,Construction and development of healthcare facilities.,237,237,15,237,237,Healthcare,84701906.92,84701906.92,59291334.844,7304692.45,stalled,2024-02-21,2024-03-17,2025-02-20,,12.32,27.419,82.0192,REAL_MPLADS
PRJ-2026-0474,Water & Sanitation Work 475,Construction and development of water & sanitation facilities.,237,237,15,237,237,Water & Sanitation,62298093.08,62298093.08,43608665.155999996,22938157.87,stalled,2024-04-20,2024-05-09,2025-04-20,,52.6,24.3519,86.2246,REAL_MPLADS
PRJ-2026-0475,Infrastructure Work 476,Construction and development of infrastructure facilities.,238,238,5,238,238,Infrastructure,79672731.15,79672731.15,55770911.805,40509291.77,ongoing,2024-03-26,2024-04-22,2025-03-26,,78.45,20.4886,77.8002,REAL_MPLADS
PRJ-2026-0476,Infrastructure Work 477,Construction and development of infrastructure facilities.,238,238,5,238,238,Infrastructure,67327268.85,67327268.85,47129088.19499999,19242806.71,stalled,2024-02-12,2024-02-25,2025-02-11,,40.83,19.0398,78.6176,REAL_MPLADS
PRJ-2026-0477,Infrastructure Work 478,Construction and development of infrastructure facilities.,239,239,5,239,239,Infrastructure,77928839.21,77928839.21,54550187.44699999,18755016.92,ongoing,2024-03-10,2024-04-06,2025-03-10,,32.72,27.9662,86.8332,REAL_MPLADS
PRJ-2026-0478,Infrastructure Work 479,Construction and development of infrastructure facilities.,239,239,5,239,239,Infrastructure,69071160.79,69071160.79,48349812.553,22859402.23,ongoing,2024-04-07,2024-04-20,2025-04-07,,52.35,26.7722,82.5962,REAL_MPLADS
PRJ-2026-0479,Healthcare Work 480,Construction and development of healthcare facilities.,240,240,4,240,240,Healthcare,81170285.14,81170285.14,0.0,0.0,recommended,2024-01-30,,2025-01-29,,0.0,26.6474,75.2537,REAL_MPLADS
PRJ-2026-0480,Education Work 481,Construction and development of education facilities.,240,240,4,240,240,Education,121507701.42,121507701.42,0.0,0.0,sanctioned,2024-01-15,2024-02-01,2025-01-14,,0.0,27.457,83.239,REAL_MPLADS
PRJ-2026-0481,Infrastructure Work 482,Construction and development of infrastructure facilities.,241,241,3,241,241,Infrastructure,49443032.99,49443032.99,0.0,0.0,sanctioned,2024-02-22,2024-03-20,2025-02-21,,0.0,19.8965,87.3953,REAL_MPLADS
PRJ-2026-0482,Infrastructure Work 483,Construction and development of infrastructure facilities.,241,241,3,241,241,Infrastructure,97556967.00999999,97556967.00999999,97556967.00999999,97556967.00999999,completed,2024-01-18,2024-02-02,2025-01-17,2024-08-20,100.0,23.7927,72.3259,REAL_MPLADS
PRJ-2026-0483,Roads & Pathways Work 484,Construction and development of roads & pathways facilities.,242,242,4,242,242,Roads & Pathways,82402076.12,82402076.12,57681453.284,43301466.98,stalled,2024-01-21,2024-02-11,2025-01-20,,75.07,25.9109,79.3961,REAL_MPLADS
PRJ-2026-0484,Water & Sanitation Work 485,Construction and development of water & sanitation facilities.,242,242,4,242,242,Water & Sanitation,64597923.879999995,64597923.879999995,0.0,0.0,sanctioned,2024-02-16,2024-03-08,2025-02-15,,0.0,27.5931,82.5802,REAL_MPLADS
PRJ-2026-0485,Healthcare Work 486,Construction and development of healthcare facilities.,243,243,4,243,243,Healthcare,45658560.18,45658560.18,31960992.126,20971187.43,ongoing,2024-01-20,2024-02-18,2025-01-19,,60.51,24.2322,79.4719,REAL_MPLADS
PRJ-2026-0486,Water & Sanitation Work 487,Construction and development of water & sanitation facilities.,243,243,4,243,243,Water & Sanitation,101341439.82,101341439.82,70939007.87399998,42188115.65,ongoing,2024-04-20,2024-05-12,2025-04-20,,57.3,20.7486,78.2732,REAL_MPLADS
PRJ-2026-0487,Water & Sanitation Work 488,Construction and development of water & sanitation facilities.,244,244,11,244,244,Water & Sanitation,92783540.56,92783540.56,92783540.56,92783540.56,completed,2024-04-24,2024-05-09,2025-04-24,2024-11-25,100.0,22.6429,85.6489,REAL_MPLADS
PRJ-2026-0488,Infrastructure Work 489,Construction and development of infrastructure facilities.,244,244,11,244,244,Infrastructure,78417089.55000001,78417089.55000001,54891962.685,15455991.97,ongoing,2024-03-18,2024-04-02,2025-03-18,,25.88,24.4124,75.4708,REAL_MPLADS
PRJ-2026-0489,Healthcare Work 490,Construction and development of healthcare facilities.,245,245,30,245,245,Healthcare,60846508.28,60846508.28,60846508.28,57804182.87,ongoing,2024-01-27,2024-02-21,2025-01-26,,2.27,27.9782,73.3084,REAL_MPLADS
PRJ-2026-0490,Roads & Pathways Work 491,Construction and development of roads & pathways facilities.,245,245,30,245,245,Roads & Pathways,86153491.72,86153491.72,60307444.203999996,55654648.98,ongoing,2024-02-22,2024-03-16,2025-02-21,,86.53,20.8804,87.4496,REAL_MPLADS
PRJ-2026-0491,Education Work 492,Construction and development of education facilities.,246,246,5,246,246,Education,58653210.65,58653210.65,41057247.455,20528623.73,stalled,2024-04-09,2024-05-01,2025-04-09,,27.07,27.2365,80.2502,REAL_MPLADS
PRJ-2026-0492,Infrastructure Work 493,Construction and development of infrastructure facilities.,246,246,5,246,246,Infrastructure,88346789.35,88346789.35,0.0,0.0,sanctioned,2024-02-14,2024-02-24,2025-02-13,,0.0,18.0918,76.1557,REAL_MPLADS
PRJ-2026-0493,Healthcare Work 494,Construction and development of healthcare facilities.,247,247,19,247,247,Healthcare,78021052.67,78021052.67,54614736.868999995,30485946.12,stalled,2024-02-24,2024-03-13,2025-02-23,,55.82,20.181,78.3284,REAL_MPLADS
PRJ-2026-0494,Infrastructure Work 495,Construction and development of infrastructure facilities.,247,247,19,247,247,Infrastructure,68978947.33,68978947.33,48285263.131,6097099.92,ongoing,2024-02-10,2024-03-10,2025-02-09,,11.69,20.2977,74.6341,REAL_MPLADS
PRJ-2026-0495,Water & Sanitation Work 496,Construction and development of water & sanitation facilities.,248,248,5,248,248,Water & Sanitation,82488751.6,82488751.6,82488751.6,82488751.6,completed,2024-02-04,2024-02-26,2025-02-03,2024-09-13,100.0,21.4667,77.3244,REAL_MPLADS
PRJ-2026-0496,Healthcare Work 497,Construction and development of healthcare facilities.,248,248,5,248,248,Healthcare,89011248.4,89011248.4,62307873.88,21813986.65,stalled,2024-01-21,2024-02-19,2025-01-20,,35.01,26.9823,83.6344,REAL_MPLADS
PRJ-2026-0497,Roads & Pathways Work 498,Construction and development of roads & pathways facilities.,249,249,19,249,249,Roads & Pathways,105904440.57,105904440.57,105904440.57,105904440.57,completed,2024-03-23,2024-04-06,2025-03-23,2024-10-23,100.0,19.2217,72.3203,REAL_MPLADS
PRJ-2026-0498,Healthcare Work 499,Construction and development of healthcare facilities.,249,249,19,249,249,Healthcare,127816980.39000002,127816980.39000002,89471886.273,56306122.07,ongoing,2024-02-27,2024-03-24,2025-02-26,,60.72,27.6042,76.4763,REAL_MPLADS
PRJ-2026-0499,Healthcare Work 500,Construction and development of healthcare facilities.,250,250,21,250,250,Healthcare,77122781.18,77122781.18,53985946.826000005,28085812.09,ongoing,2024-04-21,2024-05-09,2025-04-21,,49.89,26.0545,76.884,REAL_MPLADS
PRJ-2026-0500,Healthcare Work 501,Construction and development of healthcare facilities.,250,250,21,250,250,Healthcare,74003330.93,74003330.93,0.0,0.0,recommended,2024-04-04,,2025-04-04,,0.0,20.9102,73.3737,REAL_MPLADS
PRJ-2026-0501,Infrastructure Work 502,Construction and development of infrastructure facilities.,251,251,10,251,251,Infrastructure,73714478.98,73714478.98,51600135.286,8100081.28,ongoing,2024-01-25,2024-02-16,2025-01-24,,15.95,20.9459,80.7551,REAL_MPLADS
PRJ-2026-0502,Roads & Pathways Work 503,Construction and development of roads & pathways facilities.,251,251,10,251,251,Roads & Pathways,73285521.02,73285521.02,51299864.713999994,38777567.74,stalled,2024-03-31,2024-04-13,2025-03-31,,75.59,17.975,86.6131,REAL_MPLADS
PRJ-2026-0503,Water & Sanitation Work 504,Construction and development of water & sanitation facilities.,252,252,27,252,252,Water & Sanitation,68275526.4,68275526.4,0.0,0.0,sanctioned,2024-02-13,2024-02-26,2025-02-12,,0.0,20.3168,80.4481,REAL_MPLADS
PRJ-2026-0504,Education Work 505,Construction and development of education facilities.,252,252,27,252,252,Education,78724473.6,78724473.6,55107131.519999996,34695450.0,stalled,2024-02-09,2024-03-06,2025-02-08,,62.96,20.0764,75.0768,REAL_MPLADS
PRJ-2026-0505,Infrastructure Work 506,Construction and development of infrastructure facilities.,253,253,5,253,253,Infrastructure,97188383.05,97188383.05,68031868.13499999,52962809.34,stalled,2024-03-10,2024-03-24,2025-03-10,,77.85,27.3769,78.8396,REAL_MPLADS
PRJ-2026-0506,Roads & Pathways Work 507,Construction and development of roads & pathways facilities.,253,253,5,253,253,Roads & Pathways,49811616.95,49811616.95,34868131.865,4167765.31,ongoing,2024-02-02,2024-02-21,2025-02-01,,11.65,22.8212,76.627,REAL_MPLADS
PRJ-2026-0507,Water & Sanitation Work 508,Construction and development of water & sanitation facilities.,254,254,11,254,254,Water & Sanitation,61634826.51,61634826.51,0.0,0.0,sanctioned,2024-02-18,2024-03-14,2025-02-17,,0.0,22.0635,81.0632,REAL_MPLADS
PRJ-2026-0508,Water & Sanitation Work 509,Construction and development of water & sanitation facilities.,254,254,11,254,254,Water & Sanitation,106162022.60000002,106162022.60000002,0.0,0.0,sanctioned,2024-02-11,2024-03-03,2025-02-10,,0.0,19.7852,84.6484,REAL_MPLADS
PRJ-2026-0509,Healthcare Work 510,Construction and development of healthcare facilities.,255,255,24,255,255,Healthcare,57876182.64,57876182.64,40513327.848,36243825.23,ongoing,2024-04-22,2024-05-13,2025-04-22,,83.72,23.8353,75.2153,REAL_MPLADS
PRJ-2026-0510,Infrastructure Work 511,Construction and development of infrastructure facilities.,255,255,24,255,255,Infrastructure,89123817.36,89123817.36,0.0,0.0,recommended,2024-04-05,,2025-04-05,,0.0,19.8616,85.7421,REAL_MPLADS
PRJ-2026-0511,Healthcare Work 512,Construction and development of healthcare facilities.,256,256,12,256,256,Healthcare,94447173.85,94447173.85,66113021.69499999,45684097.99,stalled,2024-02-24,2024-03-14,2025-02-23,,69.1,17.1914,79.536,REAL_MPLADS
PRJ-2026-0512,Roads & Pathways Work 513,Construction and development of roads & pathways facilities.,256,256,12,256,256,Roads & Pathways,52552826.150000006,52552826.150000006,0.0,0.0,recommended,2024-02-02,,2025-02-01,,0.0,26.8083,85.6547,REAL_MPLADS
PRJ-2026-0513,Education Work 514,Construction and development of education facilities.,257,257,19,257,257,Education,93908206.22,93908206.22,65735744.353999995,63594210.92,ongoing,2024-04-15,2024-05-12,2025-04-15,,89.55,25.5154,80.9916,REAL_MPLADS
PRJ-2026-0514,Infrastructure Work 515,Construction and development of infrastructure facilities.,257,257,19,257,257,Infrastructure,69043815.78,69043815.78,48330671.046,38789072.67,ongoing,2024-01-20,2024-02-18,2025-01-19,,79.25,19.8002,78.6471,REAL_MPLADS
PRJ-2026-0515,Education Work 516,Construction and development of education facilities.,258,258,5,258,258,Education,92456524.42,92456524.42,0.0,0.0,recommended,2024-02-18,,2025-02-17,,0.0,18.7312,85.7215,REAL_MPLADS
PRJ-2026-0516,Roads & Pathways Work 517,Construction and development of roads & pathways facilities.,258,258,5,258,258,Roads & Pathways,54543475.58,54543475.58,54543475.58,54543475.58,completed,2024-01-16,2024-02-02,2025-01-15,2024-08-20,100.0,19.8743,75.9336,REAL_MPLADS
PRJ-2026-0517,Healthcare Work 518,Construction and development of healthcare facilities.,259,259,11,259,259,Healthcare,65638467.48,65638467.48,45946927.235999994,16152763.18,ongoing,2024-03-21,2024-04-16,2025-03-21,,33.97,19.8319,81.2474,REAL_MPLADS
PRJ-2026-0518,Roads & Pathways Work 519,Construction and development of roads & pathways facilities.,259,259,11,259,259,Roads & Pathways,108371195.63000003,108371195.63000003,75859836.94100001,28623760.69,ongoing,2024-04-10,2024-05-04,2025-04-10,,41.55,23.2224,85.2319,REAL_MPLADS
PRJ-2026-0519,Healthcare Work 520,Construction and development of healthcare facilities.,260,260,5,260,260,Healthcare,69136787.15,69136787.15,69136787.15,69136787.15,completed,2024-04-11,2024-05-04,2025-04-11,2024-11-20,100.0,24.6477,75.3101,REAL_MPLADS
PRJ-2026-0520,Water & Sanitation Work 521,Construction and development of water & sanitation facilities.,260,260,5,260,260,Water & Sanitation,77863212.85,77863212.85,0.0,0.0,recommended,2024-04-22,,2025-04-22,,0.0,21.5446,75.5343,REAL_MPLADS
PRJ-2026-0521,Water & Sanitation Work 522,Construction and development of water & sanitation facilities.,261,261,3,261,261,Water & Sanitation,89741616.21,89741616.21,0.0,0.0,sanctioned,2024-02-26,2024-03-25,2025-02-25,,0.0,23.1631,86.9559,REAL_MPLADS
PRJ-2026-0522,Education Work 523,Construction and development of education facilities.,261,261,3,261,261,Education,57258383.79000001,57258383.79000001,40080868.653000005,30020570.62,stalled,2024-04-16,2024-05-12,2025-04-16,,74.9,17.8195,73.5245,REAL_MPLADS
PRJ-2026-0523,Healthcare Work 524,Construction and development of healthcare facilities.,262,262,12,262,262,Healthcare,74950845.91,74950845.91,0.0,0.0,sanctioned,2024-03-13,2024-03-31,2025-03-13,,0.0,22.3999,82.5426,REAL_MPLADS
PRJ-2026-0524,Healthcare Work 525,Construction and development of healthcare facilities.,262,262,12,262,262,Healthcare,72049154.09,72049154.09,50434407.863,39999528.88,stalled,2024-04-05,2024-04-19,2025-04-05,,79.31,22.9005,83.3476,REAL_MPLADS
PRJ-2026-0525,Roads & Pathways Work 526,Construction and development of roads & pathways facilities.,263,263,21,263,263,Roads & Pathways,83120443.14,83120443.14,0.0,0.0,sanctioned,2024-01-25,2024-02-06,2025-01-24,,0.0,26.1977,78.3129,REAL_MPLADS
PRJ-2026-0526,Water & Sanitation Work 527,Construction and development of water & sanitation facilities.,263,263,21,263,263,Water & Sanitation,63945513.97000001,63945513.97000001,44761859.77900001,33907108.78,stalled,2024-04-03,2024-04-27,2025-04-03,,75.75,27.9311,78.4806,REAL_MPLADS
PRJ-2026-0527,Education Work 528,Construction and development of education facilities.,264,264,15,264,264,Education,93899124.39,93899124.39,93899124.39,89204168.17,ongoing,2024-04-23,2024-05-23,2025-04-23,,7.15,25.7523,87.101,REAL_MPLADS
PRJ-2026-0528,Roads & Pathways Work 529,Construction and development of roads & pathways facilities.,264,264,15,264,264,Roads & Pathways,53100875.61,53100875.61,37170612.92699999,18585306.46,stalled,2024-04-14,2024-04-24,2025-04-14,,32.51,17.3468,86.2281,REAL_MPLADS
PRJ-2026-0529,Water & Sanitation Work 530,Construction and development of water & sanitation facilities.,265,265,11,265,265,Water & Sanitation,56781642.64,56781642.64,56781642.64,56781642.64,completed,2024-03-17,2024-04-16,2025-03-17,2024-11-02,100.0,27.2318,87.1279,REAL_MPLADS
PRJ-2026-0530,Water & Sanitation Work 531,Construction and development of water & sanitation facilities.,265,265,11,265,265,Water & Sanitation,123617364.36,123617364.36,123617364.36,123617364.36,completed,2024-04-03,2024-04-13,2025-04-03,2024-10-30,100.0,18.3969,83.2224,REAL_MPLADS
PRJ-2026-0531,Healthcare Work 532,Construction and development of healthcare facilities.,266,266,19,266,266,Healthcare,79743884.84,79743884.84,79743884.84,79743884.84,completed,2024-01-22,2024-02-15,2025-01-21,2024-09-02,100.0,21.0063,78.2926,REAL_MPLADS
PRJ-2026-0532,Infrastructure Work 533,Construction and development of infrastructure facilities.,266,266,19,266,266,Infrastructure,67256115.16,67256115.16,47079280.611999996,6631765.33,ongoing,2024-02-06,2024-02-22,2025-02-05,,14.09,20.9547,77.0065,REAL_MPLADS
PRJ-2026-0533,Roads & Pathways Work 534,Construction and development of roads & pathways facilities.,267,267,11,267,267,Roads & Pathways,80860792.54,80860792.54,0.0,0.0,ongoing,2024-01-25,2024-02-05,2025-01-24,,7.11,19.4798,75.3907,REAL_MPLADS
PRJ-2026-0534,Healthcare Work 535,Construction and development of healthcare facilities.,267,267,11,267,267,Healthcare,66139207.45999999,66139207.45999999,46297445.221999995,22065362.39,stalled,2024-01-17,2024-02-04,2025-01-16,,47.66,17.3259,85.6567,REAL_MPLADS
PRJ-2026-0535,Infrastructure Work 536,Construction and development of infrastructure facilities.,268,268,9,268,268,Infrastructure,64919108.35,64919108.35,45443375.845,21342397.64,ongoing,2024-01-27,2024-02-24,2025-01-26,,44.29,22.2987,85.7178,REAL_MPLADS
PRJ-2026-0536,Water & Sanitation Work 537,Construction and development of water & sanitation facilities.,268,268,9,268,268,Water & Sanitation,82080891.65,82080891.65,57456624.155,52163560.73,ongoing,2024-04-17,2024-05-16,2025-04-17,,88.42,20.2732,87.8146,REAL_MPLADS
PRJ-2026-0537,Healthcare Work 538,Construction and development of healthcare facilities.,269,269,23,269,269,Healthcare,50826207.77,50826207.77,50826207.77,50826207.77,completed,2024-02-15,2024-03-13,2025-02-14,2024-09-29,100.0,26.4442,78.6154,REAL_MPLADS
PRJ-2026-0538,Healthcare Work 539,Construction and development of healthcare facilities.,269,269,23,269,269,Healthcare,96173792.22999999,96173792.22999999,67321654.56099999,28921382.8,stalled,2024-01-22,2024-02-20,2025-01-21,,42.96,20.6791,75.0564,REAL_MPLADS
PRJ-2026-0539,Education Work 540,Construction and development of education facilities.,270,270,5,270,270,Education,71348640.78,71348640.78,0.0,0.0,recommended,2024-04-07,,2025-04-07,,0.0,25.2891,73.1885,REAL_MPLADS
PRJ-2026-0540,Roads & Pathways Work 541,Construction and development of roads & pathways facilities.,270,270,5,270,270,Roads & Pathways,77467643.33000001,77467643.33000001,77467643.33000001,38733821.67,stalled,2024-04-02,2024-04-23,2025-04-02,,38.98,20.1696,81.3735,REAL_MPLADS
PRJ-2026-0541,Healthcare Work 542,Construction and development of healthcare facilities.,271,271,12,271,271,Healthcare,112061214.13,112061214.13,78442849.89099999,74520707.4,ongoing,2024-03-14,2024-03-26,2025-03-14,,3.89,18.6195,83.681,REAL_MPLADS
PRJ-2026-0542,Water & Sanitation Work 543,Construction and development of water & sanitation facilities.,271,271,12,271,271,Water & Sanitation,71830928.87,71830928.87,0.0,0.0,sanctioned,2024-02-03,2024-03-03,2025-02-02,,0.0,22.4599,87.0388,REAL_MPLADS
PRJ-2026-0543,Roads & Pathways Work 544,Construction and development of roads & pathways facilities.,272,272,7,272,272,Roads & Pathways,84776731.22,84776731.22,0.0,0.0,recommended,2024-03-07,,2025-03-07,,0.0,24.87,85.0955,REAL_MPLADS
PRJ-2026-0544,Healthcare Work 545,Construction and development of healthcare facilities.,272,272,7,272,272,Healthcare,62223268.78,62223268.78,0.0,0.0,sanctioned,2024-03-05,2024-04-01,2025-03-05,,0.0,26.9481,79.916,REAL_MPLADS
PRJ-2026-0545,Roads & Pathways Work 546,Construction and development of roads & pathways facilities.,273,273,4,273,273,Roads & Pathways,72939178.21,72939178.21,0.0,0.0,ongoing,2024-02-10,2024-02-24,2025-02-09,,7.66,27.917,85.5035,REAL_MPLADS
PRJ-2026-0546,Roads & Pathways Work 547,Construction and development of roads & pathways facilities.,273,273,4,273,273,Roads & Pathways,74060821.79,74060821.79,74060821.79,74060821.79,completed,2024-03-13,2024-04-09,2025-03-13,2024-10-26,100.0,21.0985,78.0914,REAL_MPLADS
PRJ-2026-0547,Education Work 548,Construction and development of education facilities.,274,274,15,274,274,Education,104205305.01,104205305.01,104205305.01,104205305.01,completed,2024-03-22,2024-04-01,2025-03-22,2024-10-18,100.0,23.9285,73.0684,REAL_MPLADS
PRJ-2026-0548,Infrastructure Work 549,Construction and development of infrastructure facilities.,274,274,15,274,274,Infrastructure,97394287.99,97394287.99,68176001.593,34769760.81,stalled,2024-02-15,2024-03-08,2025-02-14,,51.0,26.1911,84.249,REAL_MPLADS
PRJ-2026-0549,Roads & Pathways Work 550,Construction and development of roads & pathways facilities.,275,275,14,275,275,Roads & Pathways,93689823.58,93689823.58,65582876.506,26161009.44,stalled,2024-02-13,2024-03-14,2025-02-12,,39.89,24.2762,83.4793,REAL_MPLADS
PRJ-2026-0550,Healthcare Work 551,Construction and development of healthcare facilities.,275,275,14,275,275,Healthcare,53310176.42,53310176.42,37317123.493999995,5498975.82,ongoing,2024-03-12,2024-03-28,2025-03-12,,15.0,22.2997,85.887,REAL_MPLADS
PRJ-2026-0551,Infrastructure Work 552,Construction and development of infrastructure facilities.,276,276,13,276,276,Infrastructure,72877722.37,72877722.37,51014405.659,35557040.74,stalled,2024-02-13,2024-03-01,2025-02-12,,69.7,19.9683,79.5204,REAL_MPLADS
PRJ-2026-0552,Education Work 553,Construction and development of education facilities.,276,276,13,276,276,Education,74122277.63,74122277.63,74122277.63,70416163.75,ongoing,2024-02-14,2024-03-06,2025-02-13,,8.04,25.5085,84.9769,REAL_MPLADS
PRJ-2026-0553,Roads & Pathways Work 554,Construction and development of roads & pathways facilities.,277,277,15,277,277,Roads & Pathways,64899404.69,64899404.69,0.0,0.0,sanctioned,2024-04-12,2024-05-06,2025-04-12,,0.0,22.1452,83.038,REAL_MPLADS
PRJ-2026-0554,Infrastructure Work 555,Construction and development of infrastructure facilities.,277,277,15,277,277,Infrastructure,99615666.42000002,99615666.42000002,0.0,0.0,sanctioned,2024-03-17,2024-04-06,2025-03-17,,0.0,23.0205,75.1901,REAL_MPLADS
PRJ-2026-0555,Roads & Pathways Work 556,Construction and development of roads & pathways facilities.,278,278,15,278,278,Roads & Pathways,69134359.82,69134359.82,69134359.82,69134359.82,completed,2024-02-10,2024-03-11,2025-02-09,2024-09-27,100.0,26.1715,80.5706,REAL_MPLADS
PRJ-2026-0556,Water & Sanitation Work 557,Construction and development of water & sanitation facilities.,278,278,15,278,278,Water & Sanitation,77865640.18,77865640.18,0.0,0.0,sanctioned,2024-02-21,2024-03-18,2025-02-20,,0.0,22.888,72.1529,REAL_MPLADS
PRJ-2026-0557,Roads & Pathways Work 558,Construction and development of roads & pathways facilities.,279,279,17,279,279,Roads & Pathways,45100067.68,45100067.68,31570047.376,4265113.4,stalled,2024-02-17,2024-03-10,2025-02-16,,13.51,25.1742,72.9244,REAL_MPLADS
PRJ-2026-0558,Healthcare Work 559,Construction and development of healthcare facilities.,279,279,17,279,279,Healthcare,101899932.32,101899932.32,101899932.32,101899932.32,completed,2024-03-28,2024-04-24,2025-03-28,2024-11-10,100.0,23.1884,76.1633,REAL_MPLADS
PRJ-2026-0559,Healthcare Work 560,Construction and development of healthcare facilities.,280,280,31,280,280,Healthcare,94147891.32,94147891.32,65903523.92399999,62608347.73,ongoing,2024-04-13,2024-05-04,2025-04-13,,8.22,18.2919,79.8511,REAL_MPLADS
PRJ-2026-0560,Healthcare Work 561,Construction and development of healthcare facilities.,280,280,31,280,280,Healthcare,84203552.43,84203552.43,84203552.43,84203552.43,completed,2024-02-08,2024-03-06,2025-02-07,2024-09-22,100.0,24.2437,74.555,REAL_MPLADS
PRJ-2026-0561,Water & Sanitation Work 562,Construction and development of water & sanitation facilities.,281,281,12,281,281,Water & Sanitation,95212283.54,95212283.54,66648598.478,33324299.24,stalled,2024-04-08,2024-04-27,2025-04-08,,37.98,17.6444,81.7966,REAL_MPLADS
PRJ-2026-0562,Roads & Pathways Work 563,Construction and development of roads & pathways facilities.,281,281,12,281,281,Roads & Pathways,71870617.57000001,71870617.57000001,50309432.299,35267707.92,ongoing,2024-03-04,2024-03-16,2025-03-04,,67.36,17.3479,83.5175,REAL_MPLADS
PRJ-2026-0563,Infrastructure Work 564,Construction and development of infrastructure facilities.,282,282,12,282,282,Infrastructure,82085020.12,82085020.12,0.0,0.0,recommended,2024-02-17,,2025-02-16,,0.0,19.7092,85.0076,REAL_MPLADS
PRJ-2026-0564,Education Work 565,Construction and development of education facilities.,282,282,12,282,282,Education,64914979.879999995,64914979.879999995,45440485.91599999,22029547.57,stalled,2024-02-26,2024-03-22,2025-02-25,,48.48,26.2446,72.1305,REAL_MPLADS
PRJ-2026-0565,Water & Sanitation Work 566,Construction and development of water & sanitation facilities.,283,283,27,283,283,Water & Sanitation,101620621.66,101620621.66,71134435.16199999,20095477.93,stalled,2024-02-01,2024-02-15,2025-01-31,,28.25,20.4908,82.551,REAL_MPLADS
PRJ-2026-0566,Infrastructure Work 567,Construction and development of infrastructure facilities.,283,283,27,283,283,Infrastructure,45379378.34,45379378.34,31765564.838,22858500.46,stalled,2024-03-08,2024-03-26,2025-03-08,,71.96,19.9822,84.9924,REAL_MPLADS
PRJ-2026-0567,Healthcare Work 568,Construction and development of healthcare facilities.,284,284,3,284,284,Healthcare,92420716.99,92420716.99,0.0,0.0,sanctioned,2024-04-21,2024-05-18,2025-04-21,,0.0,25.2071,82.592,REAL_MPLADS
PRJ-2026-0568,Water & Sanitation Work 569,Construction and development of water & sanitation facilities.,284,284,3,284,284,Water & Sanitation,54579283.010000005,54579283.010000005,0.0,0.0,sanctioned,2024-03-02,2024-03-12,2025-03-02,,0.0,24.2237,74.3834,REAL_MPLADS
PRJ-2026-0569,Water & Sanitation Work 570,Construction and development of water & sanitation facilities.,285,285,4,285,285,Water & Sanitation,73406849.06,73406849.06,51384794.342,48815554.62,ongoing,2024-02-16,2024-03-06,2025-02-15,,8.78,17.5045,76.1916,REAL_MPLADS
PRJ-2026-0570,Roads & Pathways Work 571,Construction and development of roads & pathways facilities.,285,285,4,285,285,Roads & Pathways,73593150.94,73593150.94,51515205.65799999,6734830.03,ongoing,2024-03-07,2024-03-22,2025-03-07,,13.47,25.9076,81.467,REAL_MPLADS
PRJ-2026-0571,Infrastructure Work 572,Construction and development of infrastructure facilities.,286,286,20,286,286,Infrastructure,107118516.63,107118516.63,0.0,0.0,recommended,2024-03-19,,2025-03-19,,0.0,27.1207,84.5626,REAL_MPLADS
PRJ-2026-0572,Infrastructure Work 573,Construction and development of infrastructure facilities.,286,286,20,286,286,Infrastructure,118725341.37,118725341.37,83107738.95899999,16279984.83,ongoing,2024-02-16,2024-03-08,2025-02-15,,21.37,21.2721,72.5718,REAL_MPLADS
PRJ-2026-0573,Healthcare Work 574,Construction and development of healthcare facilities.,287,287,22,287,287,Healthcare,83912669.18,83912669.18,0.0,0.0,sanctioned,2024-02-26,2024-03-23,2025-02-25,,0.0,17.6392,87.3141,REAL_MPLADS
PRJ-2026-0574,Education Work 575,Construction and development of education facilities.,287,287,22,287,287,Education,63087330.81999999,63087330.81999999,0.0,0.0,recommended,2024-03-17,,2025-03-17,,0.0,22.779,82.7188,REAL_MPLADS
PRJ-2026-0575,Infrastructure Work 576,Construction and development of infrastructure facilities.,288,288,2,288,288,Infrastructure,87553897.68,87553897.68,0.0,0.0,sanctioned,2024-03-08,2024-04-05,2025-03-08,,0.0,17.0383,77.1369,REAL_MPLADS
PRJ-2026-0576,Water & Sanitation Work 577,Construction and development of water & sanitation facilities.,288,288,2,288,288,Water & Sanitation,59446102.31999999,59446102.31999999,41612271.62399999,27064621.46,stalled,2024-04-05,2024-04-27,2025-04-05,,65.04,17.3176,80.8072,REAL_MPLADS
PRJ-2026-0577,Infrastructure Work 578,Construction and development of infrastructure facilities.,289,289,11,289,289,Infrastructure,107588209.5,107588209.5,75311746.64999999,21429474.02,ongoing,2024-03-05,2024-03-29,2025-03-05,,27.94,18.9319,84.5833,REAL_MPLADS
PRJ-2026-0578,Infrastructure Work 579,Construction and development of infrastructure facilities.,289,289,11,289,289,Infrastructure,71363267.61000001,71363267.61000001,71363267.61000001,71363267.61000001,completed,2024-03-19,2024-04-03,2025-03-19,2024-10-20,100.0,27.3553,77.2605,REAL_MPLADS
PRJ-2026-0579,Education Work 580,Construction and development of education facilities.,290,290,3,290,290,Education,98737140.4,98737140.4,0.0,0.0,sanctioned,2024-02-28,2024-03-20,2025-02-27,,0.0,27.5797,76.6902,REAL_MPLADS
PRJ-2026-0580,Infrastructure Work 581,Construction and development of infrastructure facilities.,290,290,3,290,290,Infrastructure,48262859.599999994,48262859.599999994,33784001.71999999,9993307.71,stalled,2024-03-21,2024-04-02,2025-03-21,,29.58,26.2828,76.614,REAL_MPLADS
PRJ-2026-0581,Education Work 582,Construction and development of education facilities.,291,291,22,291,291,Education,77534130.0,77534130.0,0.0,0.0,recommended,2024-03-11,,2025-03-11,,0.0,27.9493,77.912,REAL_MPLADS
PRJ-2026-0582,Roads & Pathways Work 583,Construction and development of roads & pathways facilities.,291,291,22,291,291,Roads & Pathways,69465870.0,69465870.0,48626109.0,9657145.25,stalled,2024-02-01,2024-02-27,2025-01-31,,19.86,27.3623,86.4383,REAL_MPLADS
PRJ-2026-0583,Healthcare Work 584,Construction and development of healthcare facilities.,292,292,32,292,292,Healthcare,54509619.7,54509619.7,38156733.79,36248897.1,ongoing,2024-02-12,2024-03-12,2025-02-11,,4.59,17.8752,76.9258,REAL_MPLADS
PRJ-2026-0584,Healthcare Work 585,Construction and development of healthcare facilities.,292,292,32,292,292,Healthcare,106604922.3,106604922.3,106604922.3,101274676.18,ongoing,2024-03-19,2024-04-02,2025-03-19,,5.1,25.1362,75.7838,REAL_MPLADS
PRJ-2026-0585,Education Work 586,Construction and development of education facilities.,293,293,5,293,293,Education,56554017.81,56554017.81,39587812.467,22244391.83,stalled,2024-04-17,2024-05-02,2025-04-17,,56.19,24.6011,76.4677,REAL_MPLADS
PRJ-2026-0586,Healthcare Work 587,Construction and development of healthcare facilities.,293,293,5,293,293,Healthcare,90445982.19,90445982.19,63312187.53299999,7264771.63,ongoing,2024-04-04,2024-05-01,2025-04-04,,10.49,27.4657,72.9909,REAL_MPLADS
PRJ-2026-0587,Healthcare Work 588,Construction and development of healthcare facilities.,294,294,1,294,294,Healthcare,107429587.31,107429587.31,75200711.117,54858918.76,stalled,2024-04-01,2024-04-23,2025-04-01,,72.95,19.3772,84.2882,REAL_MPLADS
PRJ-2026-0588,Infrastructure Work 589,Construction and development of infrastructure facilities.,294,294,1,294,294,Infrastructure,88184014.38999999,88184014.38999999,88184014.38999999,88184014.38999999,completed,2024-02-02,2024-03-02,2025-02-01,2024-09-18,100.0,19.091,82.1965,REAL_MPLADS
PRJ-2026-0589,Infrastructure Work 590,Construction and development of infrastructure facilities.,295,295,3,295,295,Infrastructure,84810577.92,84810577.92,84810577.92,84810577.92,completed,2024-03-05,2024-04-04,2025-03-05,2024-10-21,100.0,27.2446,76.6649,REAL_MPLADS
PRJ-2026-0590,Education Work 591,Construction and development of education facilities.,295,295,3,295,295,Education,62189422.08,62189422.08,43532595.45599999,22518485.15,ongoing,2024-02-09,2024-02-20,2025-02-08,,48.37,20.5689,73.0221,REAL_MPLADS
PRJ-2026-0591,Education Work 592,Construction and development of education facilities.,296,296,4,296,296,Education,83357234.14,83357234.14,83357234.14,83357234.14,completed,2024-01-28,2024-02-24,2025-01-27,2024-09-11,100.0,20.3268,76.8346,REAL_MPLADS
PRJ-2026-0592,Education Work 593,Construction and development of education facilities.,296,296,4,296,296,Education,76507811.86,76507811.86,53555468.30199999,34603178.78,ongoing,2024-03-26,2024-04-10,2025-03-26,,61.04,17.9256,87.9963,REAL_MPLADS
PRJ-2026-0593,Education Work 594,Construction and development of education facilities.,297,297,33,297,297,Education,82514393.33,82514393.33,0.0,0.0,recommended,2024-04-19,,2025-04-19,,0.0,23.932,84.2728,REAL_MPLADS
PRJ-2026-0594,Education Work 595,Construction and development of education facilities.,297,297,33,297,297,Education,71428067.08,71428067.08,49999646.95599999,33324764.7,stalled,2024-03-19,2024-04-08,2025-03-19,,66.65,25.0113,77.1846,REAL_MPLADS
PRJ-2026-0595,Education Work 596,Construction and development of education facilities.,298,298,5,298,298,Education,53622331.15,53622331.15,37535631.805,5576558.33,ongoing,2024-03-13,2024-03-26,2025-03-13,,14.23,19.4248,85.4603,REAL_MPLADS
PRJ-2026-0596,Infrastructure Work 597,Construction and development of infrastructure facilities.,298,298,5,298,298,Infrastructure,93377668.85,93377668.85,93377668.85,93377668.85,completed,2024-03-21,2024-04-10,2025-03-21,2024-10-27,100.0,18.996,79.6667,REAL_MPLADS
PRJ-2026-0597,Water & Sanitation Work 598,Construction and development of water & sanitation facilities.,299,299,22,299,299,Water & Sanitation,96094873.48,96094873.48,96094873.48,96094873.48,completed,2024-04-08,2024-05-08,2025-04-08,2024-11-24,100.0,23.8748,73.949,REAL_MPLADS
PRJ-2026-0598,Roads & Pathways Work 599,Construction and development of roads & pathways facilities.,299,299,22,299,299,Roads & Pathways,50905126.519999996,50905126.519999996,0.0,0.0,recommended,2024-02-04,,2025-02-03,,0.0,17.5744,73.6836,REAL_MPLADS
PRJ-2026-0599,Roads & Pathways Work 600,Construction and development of roads & pathways facilities.,300,300,12,300,300,Roads & Pathways,96409113.52,96409113.52,67486379.46399999,36939942.71,ongoing,2024-04-21,2024-05-09,2025-04-21,,54.75,26.07,79.3304,REAL_MPLADS
PRJ-2026-0600,Roads & Pathways Work 601,Construction and development of roads & pathways facilities.,300,300,12,300,300,Roads & Pathways,50590886.480000004,50590886.480000004,35413620.536,20005558.49,ongoing,2024-02-01,2024-02-12,2025-01-31,,57.64,22.0944,76.0212,REAL_MPLADS
PRJ-2026-0601,Roads & Pathways Work 602,Construction and development of roads & pathways facilities.,301,301,15,301,301,Roads & Pathways,96708006.05,96708006.05,0.0,0.0,sanctioned,2024-01-15,2024-02-08,2025-01-14,,0.0,25.9511,75.6598,REAL_MPLADS
PRJ-2026-0602,Water & Sanitation Work 603,Construction and development of water & sanitation facilities.,301,301,15,301,301,Water & Sanitation,50291993.95,50291993.95,35204395.765,26438501.22,stalled,2024-01-16,2024-01-31,2025-01-15,,75.1,18.8165,82.6485,REAL_MPLADS
PRJ-2026-0603,Education Work 604,Construction and development of education facilities.,302,302,1,302,302,Education,87679245.97,87679245.97,61375472.179,27076551.93,ongoing,2024-04-20,2024-05-08,2025-04-20,,40.87,22.2582,74.2301,REAL_MPLADS
PRJ-2026-0604,Roads & Pathways Work 605,Construction and development of roads & pathways facilities.,302,302,1,302,302,Roads & Pathways,59320754.03,59320754.03,59320754.03,59320754.03,completed,2024-03-07,2024-03-27,2025-03-07,2024-10-13,100.0,27.3032,80.6683,REAL_MPLADS
PRJ-2026-0605,Infrastructure Work 606,Construction and development of infrastructure facilities.,303,303,14,303,303,Infrastructure,45739503.48,45739503.48,0.0,0.0,recommended,2024-02-20,,2025-02-19,,0.0,27.7946,80.2529,REAL_MPLADS
PRJ-2026-0606,Water & Sanitation Work 607,Construction and development of water & sanitation facilities.,303,303,14,303,303,Water & Sanitation,101824453.63000003,101824453.63000003,71277117.54100001,61284654.16,ongoing,2024-04-04,2024-04-29,2025-04-04,,79.19,25.5564,77.1491,REAL_MPLADS
PRJ-2026-0607,Water & Sanitation Work 608,Construction and development of water & sanitation facilities.,304,304,17,304,304,Water & Sanitation,78477522.05,78477522.05,0.0,0.0,recommended,2024-02-16,,2025-02-15,,0.0,25.7144,76.9455,REAL_MPLADS
PRJ-2026-0608,Water & Sanitation Work 609,Construction and development of water & sanitation facilities.,304,304,17,304,304,Water & Sanitation,68886575.06000002,68886575.06000002,48220602.54200001,20027001.93,ongoing,2024-03-08,2024-03-25,2025-03-08,,45.28,26.4885,80.1365,REAL_MPLADS
PRJ-2026-0609,Infrastructure Work 610,Construction and development of infrastructure facilities.,305,305,5,305,305,Infrastructure,85610987.47,85610987.47,59927691.228999995,8815363.38,stalled,2024-01-26,2024-02-05,2025-01-25,,14.71,22.6402,75.807,REAL_MPLADS
PRJ-2026-0610,Education Work 611,Construction and development of education facilities.,305,305,5,305,305,Education,61389012.53,61389012.53,0.0,0.0,sanctioned,2024-02-01,2024-02-23,2025-01-31,,0.0,27.84,74.0175,REAL_MPLADS
PRJ-2026-0611,Roads & Pathways Work 612,Construction and development of roads & pathways facilities.,306,306,1,306,306,Roads & Pathways,75107000.21,75107000.21,52574900.14699999,23632417.62,stalled,2024-04-05,2024-04-29,2025-04-05,,44.95,21.1674,85.0506,REAL_MPLADS
PRJ-2026-0612,Education Work 613,Construction and development of education facilities.,306,306,1,306,306,Education,71892999.79,71892999.79,0.0,0.0,sanctioned,2024-01-21,2024-02-16,2025-01-20,,0.0,19.5167,87.406,REAL_MPLADS
PRJ-2026-0613,Roads & Pathways Work 614,Construction and development of roads & pathways facilities.,307,307,5,307,307,Roads & Pathways,75090331.05,75090331.05,52563231.73499999,32447282.95,stalled,2024-03-14,2024-04-03,2025-03-14,,61.73,24.7962,80.0655,REAL_MPLADS
PRJ-2026-0614,Roads & Pathways Work 615,Construction and development of roads & pathways facilities.,307,307,5,307,307,Roads & Pathways,71909668.95,71909668.95,71909668.95,71909668.95,completed,2024-04-19,2024-05-04,2025-04-19,2024-11-20,100.0,21.2346,75.8437,REAL_MPLADS
PRJ-2026-0615,Healthcare Work 616,Construction and development of healthcare facilities.,308,308,1,308,308,Healthcare,59000843.19,59000843.19,0.0,0.0,sanctioned,2024-03-31,2024-04-10,2025-03-31,,0.0,23.9668,78.7817,REAL_MPLADS
PRJ-2026-0616,Education Work 617,Construction and development of education facilities.,308,308,1,308,308,Education,87999156.81,87999156.81,0.0,0.0,recommended,2024-03-01,,2025-03-01,,0.0,19.3993,82.2912,REAL_MPLADS
PRJ-2026-0617,Infrastructure Work 618,Construction and development of infrastructure facilities.,309,309,27,309,309,Infrastructure,51433991.41,51433991.41,36003793.986999996,26408782.89,stalled,2024-01-15,2024-02-01,2025-01-14,,73.35,21.5588,81.5145,REAL_MPLADS
PRJ-2026-0618,Infrastructure Work 619,Construction and development of infrastructure facilities.,309,309,27,309,309,Infrastructure,95566008.59,95566008.59,66896206.013,55874802.8,ongoing,2024-03-19,2024-03-29,2025-03-19,,85.95,21.8734,81.1537,REAL_MPLADS
PRJ-2026-0619,Healthcare Work 620,Construction and development of healthcare facilities.,310,310,5,310,310,Healthcare,45694866.1,45694866.1,0.0,0.0,recommended,2024-02-09,,2025-02-08,,0.0,22.1212,82.1135,REAL_MPLADS
PRJ-2026-0620,Water & Sanitation Work 621,Construction and development of water & sanitation facilities.,310,310,5,310,310,Water & Sanitation,101305133.9,101305133.9,0.0,0.0,recommended,2024-02-10,,2025-02-09,,0.0,23.0637,75.9662,REAL_MPLADS
PRJ-2026-0621,Education Work 622,Construction and development of education facilities.,311,311,1,311,311,Education,71353716.27,71353716.27,49947601.38899999,13365978.13,stalled,2024-02-22,2024-03-23,2025-02-21,,26.76,24.3275,83.0828,REAL_MPLADS
PRJ-2026-0622,Roads & Pathways Work 623,Construction and development of roads & pathways facilities.,311,311,1,311,311,Roads & Pathways,75646283.73,75646283.73,75646283.73,75646283.73,completed,2024-04-08,2024-05-06,2025-04-08,2024-11-22,100.0,25.5903,84.8854,REAL_MPLADS
PRJ-2026-0623,Healthcare Work 624,Construction and development of healthcare facilities.,312,312,22,312,312,Healthcare,46775210.07,46775210.07,0.0,0.0,recommended,2024-03-24,,2025-03-24,,0.0,19.6741,74.6401,REAL_MPLADS
PRJ-2026-0624,Education Work 625,Construction and development of education facilities.,312,312,22,312,312,Education,100224789.93,100224789.93,0.0,0.0,recommended,2024-04-17,,2025-04-17,,0.0,22.3865,86.3774,REAL_MPLADS
PRJ-2026-0625,Roads & Pathways Work 626,Construction and development of roads & pathways facilities.,313,313,17,313,313,Roads & Pathways,82407791.72,82407791.72,0.0,0.0,sanctioned,2024-02-24,2024-03-13,2025-02-23,,0.0,25.0951,72.454,REAL_MPLADS
PRJ-2026-0626,Roads & Pathways Work 627,Construction and development of roads & pathways facilities.,313,313,17,313,313,Roads & Pathways,64592208.28,64592208.28,45214545.796,5078781.39,ongoing,2024-04-22,2024-05-16,2025-04-22,,11.87,20.6023,83.564,REAL_MPLADS
PRJ-2026-0627,Roads & Pathways Work 628,Construction and development of roads & pathways facilities.,314,314,1,314,314,Roads & Pathways,94231956.85,94231956.85,94231956.85,94231956.85,completed,2024-02-04,2024-03-04,2025-02-03,2024-09-20,100.0,19.521,87.1498,REAL_MPLADS
PRJ-2026-0628,Education Work 629,Construction and development of education facilities.,314,314,1,314,314,Education,73963129.26000002,73963129.26000002,51774190.48200001,49185480.96,ongoing,2024-01-31,2024-02-23,2025-01-30,,5.25,24.5885,74.8492,REAL_MPLADS
PRJ-2026-0629,Healthcare Work 630,Construction and development of healthcare facilities.,315,315,3,315,315,Healthcare,53060525.21,53060525.21,37142367.647,22738760.36,ongoing,2024-02-07,2024-02-21,2025-02-06,,62.65,24.2301,77.4524,REAL_MPLADS
PRJ-2026-0630,Healthcare Work 631,Construction and development of healthcare facilities.,315,315,3,315,315,Healthcare,93939474.78999999,93939474.78999999,0.0,0.0,recommended,2024-01-31,,2025-01-30,,0.0,17.5804,81.3479,REAL_MPLADS
PRJ-2026-0631,Water & Sanitation Work 632,Construction and development of water & sanitation facilities.,316,316,12,316,316,Water & Sanitation,89763325.14,89763325.14,89763325.14,89763325.14,completed,2024-03-05,2024-03-24,2025-03-05,2024-10-10,100.0,18.9209,81.0659,REAL_MPLADS
PRJ-2026-0632,Healthcare Work 633,Construction and development of healthcare facilities.,316,316,12,316,316,Healthcare,74143631.46,74143631.46,51900542.02199999,36313238.13,ongoing,2024-02-16,2024-03-04,2025-02-15,,75.96,18.8001,86.4536,REAL_MPLADS
PRJ-2026-0633,Education Work 634,Construction and development of education facilities.,317,317,1,317,317,Education,104468872.44,104468872.44,73128210.70799999,36564105.35,stalled,2024-03-13,2024-04-04,2025-03-13,,37.42,21.8261,74.554,REAL_MPLADS
PRJ-2026-0634,Infrastructure Work 635,Construction and development of infrastructure facilities.,317,317,1,317,317,Infrastructure,80289646.67000002,80289646.67000002,80289646.67000002,80289646.67000002,completed,2024-04-13,2024-05-06,2025-04-13,2024-11-22,100.0,25.1584,77.4408,REAL_MPLADS
PRJ-2026-0635,Roads & Pathways Work 636,Construction and development of roads & pathways facilities.,318,318,21,318,318,Roads & Pathways,106622074.01,106622074.01,106622074.01,106622074.01,completed,2024-02-24,2024-03-05,2025-02-23,2024-09-21,100.0,26.733,79.7176,REAL_MPLADS
PRJ-2026-0636,Healthcare Work 637,Construction and development of healthcare facilities.,318,318,21,318,318,Healthcare,53373637.10000001,53373637.10000001,37361545.970000006,25237724.3,stalled,2024-01-22,2024-02-01,2025-01-21,,67.55,20.2631,78.1319,REAL_MPLADS
PRJ-2026-0637,Infrastructure Work 638,Construction and development of infrastructure facilities.,319,319,5,319,319,Infrastructure,96578401.73,96578401.73,0.0,0.0,recommended,2024-03-30,,2025-03-30,,0.0,21.5964,77.2715,REAL_MPLADS
PRJ-2026-0638,Healthcare Work 639,Construction and development of healthcare facilities.,319,319,5,319,319,Healthcare,50421598.269999996,50421598.269999996,0.0,0.0,sanctioned,2024-02-07,2024-02-19,2025-02-06,,0.0,18.8592,80.9017,REAL_MPLADS
PRJ-2026-0639,Water & Sanitation Work 640,Construction and development of water & sanitation facilities.,320,320,10,320,320,Water & Sanitation,52310518.34,52310518.34,0.0,0.0,recommended,2024-02-28,,2025-02-27,,0.0,22.0287,75.2461,REAL_MPLADS
PRJ-2026-0640,Infrastructure Work 641,Construction and development of infrastructure facilities.,320,320,10,320,320,Infrastructure,95989638.77000001,95989638.77000001,0.0,0.0,recommended,2024-01-19,,2025-01-18,,0.0,23.2505,83.8358,REAL_MPLADS
PRJ-2026-0641,Education Work 642,Construction and development of education facilities.,321,321,22,321,321,Education,46777872.73,46777872.73,46777872.73,46777872.73,completed,2024-02-26,2024-03-13,2025-02-25,2024-09-29,100.0,27.1317,78.3248,REAL_MPLADS
PRJ-2026-0642,Education Work 643,Construction and development of education facilities.,321,321,22,321,321,Education,100222127.27000001,100222127.27000001,70155489.089,31516116.17,ongoing,2024-03-13,2024-04-01,2025-03-13,,49.42,18.8878,73.5036,REAL_MPLADS
PRJ-2026-0643,Education Work 644,Construction and development of education facilities.,322,322,4,322,322,Education,72135009.19,72135009.19,50494506.433,11537994.72,stalled,2024-01-18,2024-02-11,2025-01-17,,22.85,25.3888,78.2596,REAL_MPLADS
PRJ-2026-0644,Healthcare Work 645,Construction and development of healthcare facilities.,322,322,4,322,322,Healthcare,74864990.81,74864990.81,52405493.567,37092878.79,ongoing,2024-01-23,2024-02-02,2025-01-22,,69.32,21.6009,85.9929,REAL_MPLADS
PRJ-2026-0645,Education Work 646,Construction and development of education facilities.,323,323,21,323,323,Education,89806484.77,89806484.77,89806484.77,89806484.77,completed,2024-02-02,2024-02-26,2025-02-01,2024-09-13,100.0,27.3439,75.8794,REAL_MPLADS
PRJ-2026-0646,Healthcare Work 647,Construction and development of healthcare facilities.,323,323,21,323,323,Healthcare,77735262.34000002,77735262.34000002,54414683.63800001,25553135.44,stalled,2024-03-07,2024-04-03,2025-03-07,,46.96,26.1404,80.9188,REAL_MPLADS
PRJ-2026-0647,Healthcare Work 648,Construction and development of healthcare facilities.,324,324,29,324,324,Healthcare,115845658.81,115845658.81,81091961.167,55393918.67,stalled,2024-01-24,2024-02-21,2025-01-23,,68.31,19.2446,73.2453,REAL_MPLADS
PRJ-2026-0648,Water & Sanitation Work 649,Construction and development of water & sanitation facilities.,324,324,29,324,324,Water & Sanitation,129218298.19,129218298.19,0.0,0.0,recommended,2024-02-22,,2025-02-21,,0.0,17.2228,87.7686,REAL_MPLADS
PRJ-2026-0649,Water & Sanitation Work 650,Construction and development of water & sanitation facilities.,325,325,4,325,325,Water & Sanitation,66506344.86,66506344.86,0.0,0.0,recommended,2024-04-06,,2025-04-06,,0.0,27.7342,72.8443,REAL_MPLADS
PRJ-2026-0650,Water & Sanitation Work 651,Construction and development of water & sanitation facilities.,325,325,4,325,325,Water & Sanitation,80493655.14,80493655.14,56345558.598,17191029.93,stalled,2024-03-08,2024-03-21,2025-03-08,,30.51,22.0533,72.481,REAL_MPLADS
PRJ-2026-0651,Infrastructure Work 652,Construction and development of infrastructure facilities.,326,326,10,326,326,Infrastructure,71455866.36,71455866.36,0.0,0.0,recommended,2024-03-30,,2025-03-30,,0.0,25.561,74.5826,REAL_MPLADS
PRJ-2026-0652,Water & Sanitation Work 653,Construction and development of water & sanitation facilities.,326,326,10,326,326,Water & Sanitation,75544133.64,75544133.64,0.0,0.0,recommended,2024-03-10,,2025-03-10,,0.0,23.7611,74.8516,REAL_MPLADS
PRJ-2026-0653,Healthcare Work 654,Construction and development of healthcare facilities.,327,327,1,327,327,Healthcare,79302051.81,79302051.81,0.0,0.0,recommended,2024-04-01,,2025-04-01,,0.0,25.2838,73.5358,REAL_MPLADS
PRJ-2026-0654,Water & Sanitation Work 655,Construction and development of water & sanitation facilities.,327,327,1,327,327,Water & Sanitation,67697948.19,67697948.19,0.0,0.0,sanctioned,2024-03-05,2024-03-24,2025-03-05,,0.0,22.4379,77.0252,REAL_MPLADS
PRJ-2026-0655,Education Work 656,Construction and development of education facilities.,328,328,11,328,328,Education,65404576.59,65404576.59,65404576.59,65404576.59,completed,2024-03-10,2024-03-28,2025-03-10,2024-10-14,100.0,18.985,87.4023,REAL_MPLADS
PRJ-2026-0656,Education Work 657,Construction and development of education facilities.,328,328,11,328,328,Education,81595423.41,81595423.41,0.0,0.0,sanctioned,2024-02-15,2024-02-28,2025-02-14,,0.0,27.8687,80.8135,REAL_MPLADS
PRJ-2026-0657,Roads & Pathways Work 658,Construction and development of roads & pathways facilities.,329,329,22,329,329,Roads & Pathways,72946070.01,72946070.01,72946070.01,72946070.01,completed,2024-02-20,2024-03-15,2025-02-19,2024-10-01,100.0,26.2231,87.6067,REAL_MPLADS
PRJ-2026-0658,Infrastructure Work 659,Construction and development of infrastructure facilities.,329,329,22,329,329,Infrastructure,74053929.99,74053929.99,0.0,0.0,sanctioned,2024-01-27,2024-02-12,2025-01-26,,0.0,18.3547,82.7362,REAL_MPLADS
PRJ-2026-0659,Education Work 660,Construction and development of education facilities.,330,330,10,330,330,Education,55715192.53,55715192.53,39000634.771,16525256.65,ongoing,2024-04-16,2024-04-26,2025-04-16,,42.81,17.2114,83.1476,REAL_MPLADS
PRJ-2026-0660,Infrastructure Work 661,Construction and development of infrastructure facilities.,330,330,10,330,330,Infrastructure,91284807.47,91284807.47,63899365.228999995,28478258.54,ongoing,2024-03-21,2024-04-01,2025-03-21,,48.34,25.0882,86.5215,REAL_MPLADS
PRJ-2026-0661,Roads & Pathways Work 662,Construction and development of roads & pathways facilities.,331,331,3,331,331,Roads & Pathways,49395826.73,49395826.73,49395826.73,49395826.73,completed,2024-01-15,2024-01-29,2025-01-14,2024-08-16,100.0,22.8735,74.004,REAL_MPLADS
PRJ-2026-0662,Water & Sanitation Work 663,Construction and development of water & sanitation facilities.,331,331,3,331,331,Water & Sanitation,97604173.27000001,97604173.27000001,68322921.289,24186314.14,stalled,2024-03-04,2024-03-27,2025-03-04,,35.4,27.7761,79.7489,REAL_MPLADS
PRJ-2026-0663,Education Work 664,Construction and development of education facilities.,332,332,14,332,332,Education,63413547.24,63413547.24,0.0,0.0,recommended,2024-04-11,,2025-04-11,,0.0,17.1579,73.1157,REAL_MPLADS
PRJ-2026-0664,Roads & Pathways Work 665,Construction and development of roads & pathways facilities.,332,332,14,332,332,Roads & Pathways,83586452.75999999,83586452.75999999,58510516.93199999,28441962.28,stalled,2024-01-21,2024-02-11,2025-01-20,,48.61,17.482,75.9185,REAL_MPLADS
PRJ-2026-0665,Water & Sanitation Work 666,Construction and development of water & sanitation facilities.,333,333,10,333,333,Water & Sanitation,49332494.0,49332494.0,34532745.8,28654840.22,ongoing,2024-01-15,2024-02-12,2025-01-14,,77.03,26.9179,84.0283,REAL_MPLADS
PRJ-2026-0666,Education Work 667,Construction and development of education facilities.,333,333,10,333,333,Education,48667506.0,48667506.0,0.0,0.0,sanctioned,2024-02-17,2024-03-18,2025-02-16,,0.0,25.335,81.4693,REAL_MPLADS
PRJ-2026-0667,Education Work 668,Construction and development of education facilities.,334,334,21,334,334,Education,63502131.21,63502131.21,0.0,0.0,sanctioned,2024-01-21,2024-02-13,2025-01-20,,0.0,18.2043,76.6717,REAL_MPLADS
PRJ-2026-0668,Education Work 669,Construction and development of education facilities.,334,334,21,334,334,Education,91466423.9,91466423.9,0.0,0.0,sanctioned,2024-03-12,2024-04-08,2025-03-12,,0.0,26.4668,86.341,REAL_MPLADS
PRJ-2026-0669,Healthcare Work 670,Construction and development of healthcare facilities.,335,335,1,335,335,Healthcare,91399054.98,91399054.98,0.0,0.0,recommended,2024-03-01,,2025-03-01,,0.0,21.6126,79.0676,REAL_MPLADS
PRJ-2026-0670,Roads & Pathways Work 671,Construction and development of roads & pathways facilities.,335,335,1,335,335,Roads & Pathways,55600945.019999996,55600945.019999996,55600945.019999996,55600945.019999996,completed,2024-02-11,2024-02-23,2025-02-10,2024-09-10,100.0,26.8005,86.8386,REAL_MPLADS
PRJ-2026-0671,Roads & Pathways Work 672,Construction and development of roads & pathways facilities.,336,336,4,336,336,Roads & Pathways,83312251.22,83312251.22,0.0,0.0,recommended,2024-03-20,,2025-03-20,,0.0,24.4713,73.6116,REAL_MPLADS
PRJ-2026-0672,Infrastructure Work 673,Construction and development of infrastructure facilities.,336,336,4,336,336,Infrastructure,63687748.78,63687748.78,63687748.78,63687748.78,completed,2024-04-24,2024-05-06,2025-04-24,2024-11-22,100.0,24.337,80.6578,REAL_MPLADS
PRJ-2026-0673,Education Work 674,Construction and development of education facilities.,337,337,14,337,337,Education,53014518.59,53014518.59,37110163.013,28132199.73,ongoing,2024-01-29,2024-02-22,2025-01-28,,72.8,21.4559,87.4293,REAL_MPLADS
PRJ-2026-0674,Healthcare Work 675,Construction and development of healthcare facilities.,337,337,14,337,337,Healthcare,94049735.52000001,94049735.52000001,65834814.864,10145144.97,stalled,2024-03-18,2024-04-09,2025-03-18,,15.41,20.8586,87.9539,REAL_MPLADS
PRJ-2026-0675,Education Work 676,Construction and development of education facilities.,338,338,1,338,338,Education,77455169.61,77455169.61,54218618.727,51507687.79,ongoing,2024-03-16,2024-04-11,2025-03-16,,2.1,23.0263,74.1868,REAL_MPLADS
PRJ-2026-0676,Healthcare Work 677,Construction and development of healthcare facilities.,338,338,1,338,338,Healthcare,69544830.39,69544830.39,0.0,0.0,sanctioned,2024-02-08,2024-02-27,2025-02-07,,0.0,18.3363,82.9057,REAL_MPLADS
PRJ-2026-0677,Water & Sanitation Work 678,Construction and development of water & sanitation facilities.,339,339,4,339,339,Water & Sanitation,82593860.63,82593860.63,82593860.63,82593860.63,completed,2024-02-15,2024-03-12,2025-02-14,2024-09-28,100.0,17.732,83.137,REAL_MPLADS
PRJ-2026-0678,Infrastructure Work 679,Construction and development of infrastructure facilities.,339,339,4,339,339,Infrastructure,64406139.370000005,64406139.370000005,45084297.559,37984651.92,ongoing,2024-01-20,2024-02-03,2025-01-19,,81.51,22.3148,77.057,REAL_MPLADS
PRJ-2026-0679,Education Work 680,Construction and development of education facilities.,340,340,20,340,340,Education,81371928.3,81371928.3,0.0,0.0,recommended,2024-02-20,,2025-02-19,,0.0,25.2672,72.2354,REAL_MPLADS
PRJ-2026-0680,Healthcare Work 681,Construction and development of healthcare facilities.,340,340,20,340,340,Healthcare,66098347.7,66098347.7,46268843.39,12446318.87,stalled,2024-03-28,2024-04-26,2025-03-28,,26.9,27.6874,80.789,REAL_MPLADS
PRJ-2026-0681,Water & Sanitation Work 682,Construction and development of water & sanitation facilities.,341,341,5,341,341,Water & Sanitation,66368569.83,66368569.83,46457998.881,9821220.96,stalled,2024-03-30,2024-04-21,2025-03-30,,21.14,21.5745,85.46,REAL_MPLADS
PRJ-2026-0682,Infrastructure Work 683,Construction and development of infrastructure facilities.,341,341,5,341,341,Infrastructure,85191314.26,85191314.26,0.0,0.0,sanctioned,2024-04-20,2024-05-19,2025-04-20,,0.0,26.3242,87.816,REAL_MPLADS
PRJ-2026-0683,Infrastructure Work 684,Construction and development of infrastructure facilities.,342,342,5,342,342,Infrastructure,65192585.75,65192585.75,0.0,0.0,recommended,2024-03-09,,2025-03-09,,0.0,22.5284,85.421,REAL_MPLADS
PRJ-2026-0684,Water & Sanitation Work 685,Construction and development of water & sanitation facilities.,342,342,5,342,342,Water & Sanitation,81807414.25,81807414.25,81807414.25,81807414.25,completed,2024-03-07,2024-03-22,2025-03-07,2024-10-08,100.0,19.9889,74.9783,REAL_MPLADS
PRJ-2026-0685,Infrastructure Work 686,Construction and development of infrastructure facilities.,343,343,6,343,343,Infrastructure,68293265.27,68293265.27,0.0,0.0,sanctioned,2024-02-25,2024-03-08,2025-02-24,,0.0,25.2013,79.5617,REAL_MPLADS
PRJ-2026-0686,Infrastructure Work 687,Construction and development of infrastructure facilities.,343,343,6,343,343,Infrastructure,54206734.730000004,54206734.730000004,0.0,0.0,recommended,2024-03-11,,2025-03-11,,0.0,17.7368,87.9434,REAL_MPLADS
PRJ-2026-0687,Roads & Pathways Work 688,Construction and development of roads & pathways facilities.,344,344,21,344,344,Roads & Pathways,72738168.48,72738168.48,0.0,0.0,recommended,2024-02-19,,2025-02-18,,0.0,26.1538,82.0638,REAL_MPLADS
PRJ-2026-0688,Infrastructure Work 689,Construction and development of infrastructure facilities.,344,344,21,344,344,Infrastructure,74261831.52,74261831.52,0.0,0.0,sanctioned,2024-02-18,2024-03-19,2025-02-17,,0.0,25.4998,77.9702,REAL_MPLADS
PRJ-2026-0689,Healthcare Work 690,Construction and development of healthcare facilities.,345,345,4,345,345,Healthcare,97064376.99,97064376.99,97064376.99,48532188.49,stalled,2024-01-24,2024-02-13,2025-01-23,,27.94,23.6977,79.5576,REAL_MPLADS
PRJ-2026-0690,Water & Sanitation Work 691,Construction and development of water & sanitation facilities.,345,345,4,345,345,Water & Sanitation,49935623.010000005,49935623.010000005,0.0,0.0,recommended,2024-02-21,,2025-02-20,,0.0,25.8414,75.6354,REAL_MPLADS
PRJ-2026-0691,Roads & Pathways Work 692,Construction and development of roads & pathways facilities.,346,346,5,346,346,Roads & Pathways,74596295.09,74596295.09,0.0,0.0,ongoing,2024-04-10,2024-05-07,2025-04-10,,5.52,20.7467,76.0129,REAL_MPLADS
PRJ-2026-0692,Infrastructure Work 693,Construction and development of infrastructure facilities.,346,346,5,346,346,Infrastructure,72403704.91,72403704.91,50682593.43699999,31443480.97,stalled,2024-04-16,2024-04-29,2025-04-16,,62.04,26.0095,79.2752,REAL_MPLADS
PRJ-2026-0693,Healthcare Work 694,Construction and development of healthcare facilities.,347,347,5,347,347,Healthcare,100672336.04,100672336.04,0.0,0.0,sanctioned,2024-04-03,2024-04-20,2025-04-03,,0.0,24.1632,78.4553,REAL_MPLADS
PRJ-2026-0694,Water & Sanitation Work 695,Construction and development of water & sanitation facilities.,347,347,5,347,347,Water & Sanitation,46327663.95999999,46327663.95999999,0.0,0.0,recommended,2024-04-02,,2025-04-02,,0.0,18.4158,76.0362,REAL_MPLADS
PRJ-2026-0695,Roads & Pathways Work 696,Construction and development of roads & pathways facilities.,348,348,11,348,348,Roads & Pathways,72112654.47,72112654.47,72112654.47,72112654.47,completed,2024-02-04,2024-02-15,2025-02-03,2024-09-02,100.0,20.5175,75.436,REAL_MPLADS
PRJ-2026-0696,Healthcare Work 697,Construction and development of healthcare facilities.,348,348,11,348,348,Healthcare,74887345.53,74887345.53,52421141.871,30645399.54,stalled,2024-04-16,2024-05-01,2025-04-16,,58.46,22.9976,78.8653,REAL_MPLADS
PRJ-2026-0697,Healthcare Work 698,Construction and development of healthcare facilities.,349,349,5,349,349,Healthcare,46325198.61,46325198.61,0.0,0.0,sanctioned,2024-01-21,2024-02-08,2025-01-20,,0.0,19.3178,75.2194,REAL_MPLADS
PRJ-2026-0698,Healthcare Work 699,Construction and development of healthcare facilities.,349,349,5,349,349,Healthcare,100674801.39,100674801.39,0.0,0.0,recommended,2024-04-16,,2025-04-16,,0.0,22.6864,84.9226,REAL_MPLADS
PRJ-2026-0699,Healthcare Work 700,Construction and development of healthcare facilities.,350,350,14,350,350,Healthcare,97028528.36,97028528.36,97028528.36,97028528.36,completed,2024-03-25,2024-04-11,2025-03-25,2024-10-28,100.0,27.5816,74.2805,REAL_MPLADS
PRJ-2026-0700,Roads & Pathways Work 701,Construction and development of roads & pathways facilities.,350,350,14,350,350,Roads & Pathways,50036088.750000015,50036088.750000015,35025262.12500001,9740525.4,stalled,2024-02-06,2024-03-05,2025-02-05,,27.81,21.8445,78.8631,REAL_MPLADS
PRJ-2026-0701,Infrastructure Work 702,Construction and development of infrastructure facilities.,351,351,4,351,351,Infrastructure,75666587.73,75666587.73,0.0,0.0,sanctioned,2024-01-28,2024-02-07,2025-01-27,,0.0,24.8681,83.411,REAL_MPLADS
PRJ-2026-0702,Healthcare Work 703,Construction and development of healthcare facilities.,351,351,4,351,351,Healthcare,71333412.27,71333412.27,71333412.27,71333412.27,completed,2024-02-01,2024-02-25,2025-01-31,2024-09-12,100.0,20.9408,76.2033,REAL_MPLADS
PRJ-2026-0703,Roads & Pathways Work 704,Construction and development of roads & pathways facilities.,352,352,3,352,352,Roads & Pathways,101395886.16,101395886.16,70977120.31199999,31462733.06,ongoing,2024-03-30,2024-04-10,2025-03-30,,48.61,23.8307,80.4956,REAL_MPLADS
PRJ-2026-0704,Infrastructure Work 705,Construction and development of infrastructure facilities.,352,352,3,352,352,Infrastructure,45604113.84,45604113.84,31922879.688,11402287.01,ongoing,2024-04-21,2024-05-12,2025-04-21,,37.03,25.0078,83.0115,REAL_MPLADS
PRJ-2026-0705,Healthcare Work 706,Construction and development of healthcare facilities.,353,353,21,353,353,Healthcare,62041287.82,62041287.82,0.0,0.0,sanctioned,2024-03-05,2024-03-29,2025-03-05,,0.0,24.3789,80.4926,REAL_MPLADS
PRJ-2026-0706,Roads & Pathways Work 707,Construction and development of roads & pathways facilities.,353,353,21,353,353,Roads & Pathways,84958712.18,84958712.18,84958712.18,84958712.18,completed,2024-02-10,2024-03-10,2025-02-09,2024-09-26,100.0,23.1224,82.7594,REAL_MPLADS
PRJ-2026-0707,Education Work 708,Construction and development of education facilities.,354,354,23,354,354,Education,76697835.05,76697835.05,53688484.535,26844242.27,stalled,2024-03-13,2024-03-30,2025-03-13,,27.64,26.3653,77.1207,REAL_MPLADS
PRJ-2026-0708,Water & Sanitation Work 709,Construction and development of water & sanitation facilities.,354,354,23,354,354,Water & Sanitation,83009137.04,83009137.04,58106395.928,34750583.64,ongoing,2024-02-26,2024-03-09,2025-02-25,,58.22,25.3594,84.2137,REAL_MPLADS
PRJ-2026-0709,Water & Sanitation Work 710,Construction and development of water & sanitation facilities.,355,355,5,355,355,Water & Sanitation,56896072.77,56896072.77,56896072.77,56896072.77,completed,2024-03-22,2024-04-02,2025-03-22,2024-10-19,100.0,18.8555,85.7932,REAL_MPLADS
PRJ-2026-0710,Roads & Pathways Work 711,Construction and development of roads & pathways facilities.,355,355,5,355,355,Roads & Pathways,90103927.22999999,90103927.22999999,63072749.06099999,53639929.7,ongoing,2024-04-14,2024-05-01,2025-04-14,,80.17,17.714,75.6044,REAL_MPLADS
PRJ-2026-0711,Education Work 712,Construction and development of education facilities.,356,356,12,356,356,Education,93057310.18,93057310.18,65140117.126,15347011.59,stalled,2024-03-10,2024-03-30,2025-03-10,,23.56,20.4978,87.246,REAL_MPLADS
PRJ-2026-0712,Water & Sanitation Work 713,Construction and development of water & sanitation facilities.,356,356,12,356,356,Water & Sanitation,53942689.81999999,53942689.81999999,53942689.81999999,53942689.81999999,completed,2024-03-26,2024-04-14,2025-03-26,2024-10-31,100.0,24.5172,72.034,REAL_MPLADS
PRJ-2026-0713,Healthcare Work 714,Construction and development of healthcare facilities.,357,357,9,357,357,Healthcare,88885273.5,88885273.5,62219691.449999996,27886865.71,stalled,2024-03-04,2024-03-31,2025-03-04,,44.82,26.9821,75.1062,REAL_MPLADS
PRJ-2026-0714,Education Work 715,Construction and development of education facilities.,357,357,9,357,357,Education,74173511.87,74173511.87,74173511.87,74173511.87,completed,2024-03-10,2024-03-31,2025-03-10,2024-10-17,100.0,24.1175,82.9752,REAL_MPLADS
PRJ-2026-0715,Roads & Pathways Work 716,Construction and development of roads & pathways facilities.,358,358,3,358,358,Roads & Pathways,74048044.65,74048044.65,51833631.255,36626487.86,ongoing,2024-03-12,2024-03-31,2025-03-12,,66.18,18.7354,87.4223,REAL_MPLADS
PRJ-2026-0716,Roads & Pathways Work 717,Construction and development of roads & pathways facilities.,358,358,3,358,358,Roads & Pathways,72951955.35,72951955.35,72951955.35,72951955.35,completed,2024-04-13,2024-05-12,2025-04-13,2024-11-28,100.0,19.4666,78.122,REAL_MPLADS
PRJ-2026-0717,Water & Sanitation Work 718,Construction and development of water & sanitation facilities.,359,359,12,359,359,Water & Sanitation,99806814.09,99806814.09,69864769.863,34077270.91,ongoing,2024-02-14,2024-03-07,2025-02-13,,51.75,20.3655,83.7606,REAL_MPLADS
PRJ-2026-0718,Education Work 719,Construction and development of education facilities.,359,359,12,359,359,Education,47193185.91,47193185.91,33035230.136999995,19226503.94,stalled,2024-02-13,2024-03-03,2025-02-12,,58.2,18.2149,74.7506,REAL_MPLADS
PRJ-2026-0719,Water & Sanitation Work 720,Construction and development of water & sanitation facilities.,360,360,3,360,360,Water & Sanitation,90482410.46,90482410.46,0.0,0.0,recommended,2024-04-06,,2025-04-06,,0.0,20.913,83.3606,REAL_MPLADS
PRJ-2026-0720,Infrastructure Work 721,Construction and development of infrastructure facilities.,360,360,3,360,360,Infrastructure,56517589.54000001,56517589.54000001,39562312.678,33013942.13,ongoing,2024-03-12,2024-03-29,2025-03-12,,81.83,25.1002,75.9084,REAL_MPLADS
PRJ-2026-0721,Education Work 722,Construction and development of education facilities.,361,361,1,361,361,Education,68609414.08,68609414.08,0.0,0.0,recommended,2024-02-18,,2025-02-17,,0.0,24.9544,86.0852,REAL_MPLADS
PRJ-2026-0722,Infrastructure Work 723,Construction and development of infrastructure facilities.,361,361,1,361,361,Infrastructure,84269268.03000002,84269268.03000002,0.0,0.0,sanctioned,2024-02-03,2024-02-29,2025-02-02,,0.0,17.4555,84.4019,REAL_MPLADS
PRJ-2026-0723,Infrastructure Work 724,Construction and development of infrastructure facilities.,362,362,18,362,362,Infrastructure,80639755.2,80639755.2,56447828.64,40738397.93,stalled,2024-02-05,2024-03-03,2025-02-04,,72.17,17.0703,75.8922,REAL_MPLADS
PRJ-2026-0724,Healthcare Work 725,Construction and development of healthcare facilities.,362,362,18,362,362,Healthcare,98749211.91000001,98749211.91000001,0.0,0.0,recommended,2024-01-25,,2025-01-24,,0.0,25.9321,82.6013,REAL_MPLADS
PRJ-2026-0725,Infrastructure Work 726,Construction and development of infrastructure facilities.,363,363,5,363,363,Infrastructure,53934692.87,53934692.87,37754285.008999996,7452695.86,stalled,2024-02-08,2024-03-08,2025-02-07,,19.74,26.677,83.0278,REAL_MPLADS
PRJ-2026-0726,Roads & Pathways Work 727,Construction and development of roads & pathways facilities.,363,363,5,363,363,Roads & Pathways,93065307.13,93065307.13,0.0,0.0,stalled,2024-01-17,2024-01-30,2025-01-16,,39.06,24.7199,84.7267,REAL_MPLADS
PRJ-2026-0727,Roads & Pathways Work 728,Construction and development of roads & pathways facilities.,364,364,3,364,364,Roads & Pathways,51231593.44,51231593.44,0.0,0.0,sanctioned,2024-03-25,2024-04-24,2025-03-25,,0.0,18.357,78.5342,REAL_MPLADS
PRJ-2026-0728,Healthcare Work 729,Construction and development of healthcare facilities.,364,364,3,364,364,Healthcare,95768406.56,95768406.56,0.0,0.0,recommended,2024-04-15,,2025-04-15,,0.0,27.4257,80.7973,REAL_MPLADS
PRJ-2026-0729,Healthcare Work 730,Construction and development of healthcare facilities.,365,365,3,365,365,Healthcare,100330775.68,100330775.68,100330775.68,100330775.68,completed,2024-03-16,2024-03-28,2025-03-16,2024-10-14,100.0,22.2281,83.3759,REAL_MPLADS
PRJ-2026-0730,Education Work 731,Construction and development of education facilities.,365,365,3,365,365,Education,46669224.31999999,46669224.31999999,46669224.31999999,46669224.31999999,completed,2024-01-26,2024-02-17,2025-01-25,2024-09-04,100.0,24.6071,79.5428,REAL_MPLADS
PRJ-2026-0731,Roads & Pathways Work 732,Construction and development of roads & pathways facilities.,366,366,22,366,366,Roads & Pathways,83902509.34,83902509.34,0.0,0.0,ongoing,2024-03-07,2024-03-30,2025-03-07,,7.87,27.0349,78.656,REAL_MPLADS
PRJ-2026-0732,Healthcare Work 733,Construction and development of healthcare facilities.,366,366,22,366,366,Healthcare,63097490.66,63097490.66,0.0,0.0,recommended,2024-02-11,,2025-02-10,,0.0,24.5503,76.9649,REAL_MPLADS
PRJ-2026-0733,Infrastructure Work 734,Construction and development of infrastructure facilities.,367,367,3,367,367,Infrastructure,78704676.63,78704676.63,0.0,0.0,sanctioned,2024-01-28,2024-02-07,2025-01-27,,0.0,19.245,79.7075,REAL_MPLADS
PRJ-2026-0734,Healthcare Work 735,Construction and development of healthcare facilities.,367,367,3,367,367,Healthcare,68295323.37,68295323.37,47806726.359,8533500.66,stalled,2024-02-03,2024-03-01,2025-02-02,,17.85,20.9907,79.2986,REAL_MPLADS
PRJ-2026-0735,Roads & Pathways Work 736,Construction and development of roads & pathways facilities.,368,368,3,368,368,Roads & Pathways,101452673.12,101452673.12,0.0,0.0,sanctioned,2024-02-16,2024-02-28,2025-02-15,,0.0,22.8949,80.0164,REAL_MPLADS
PRJ-2026-0736,Infrastructure Work 737,Construction and development of infrastructure facilities.,368,368,3,368,368,Infrastructure,45547326.879999995,45547326.879999995,0.0,0.0,recommended,2024-04-17,,2025-04-17,,0.0,19.6315,84.3629,REAL_MPLADS
PRJ-2026-0737,Healthcare Work 738,Construction and development of healthcare facilities.,369,369,5,369,369,Healthcare,89094175.49,89094175.49,89094175.49,89094175.49,completed,2024-02-04,2024-02-20,2025-02-03,2024-09-07,100.0,26.0485,77.5526,REAL_MPLADS
PRJ-2026-0738,Water & Sanitation Work 739,Construction and development of water & sanitation facilities.,369,369,5,369,369,Water & Sanitation,57905824.510000005,57905824.510000005,40534077.157,16623025.04,stalled,2024-04-14,2024-04-24,2025-04-14,,41.01,22.9638,82.9197,REAL_MPLADS
PRJ-2026-0739,Infrastructure Work 740,Construction and development of infrastructure facilities.,370,370,5,370,370,Infrastructure,93215253.79,93215253.79,0.0,0.0,sanctioned,2024-03-15,2024-04-12,2025-03-15,,0.0,17.7929,84.9386,REAL_MPLADS
PRJ-2026-0740,Water & Sanitation Work 741,Construction and development of water & sanitation facilities.,370,370,5,370,370,Water & Sanitation,61593543.32000001,61593543.32000001,0.0,0.0,sanctioned,2024-04-15,2024-04-28,2025-04-15,,0.0,26.6414,73.9154,REAL_MPLADS
PRJ-2026-0741,Education Work 742,Construction and development of education facilities.,371,371,22,371,371,Education,98347920.13,98347920.13,0.0,0.0,recommended,2024-02-21,,2025-02-20,,0.0,17.7903,72.6664,REAL_MPLADS
PRJ-2026-0742,Infrastructure Work 743,Construction and development of infrastructure facilities.,371,371,22,371,371,Infrastructure,48652079.870000005,48652079.870000005,48652079.870000005,48652079.870000005,completed,2024-03-30,2024-04-11,2025-03-30,2024-10-28,100.0,26.0678,83.8691,REAL_MPLADS
PRJ-2026-0743,Education Work 744,Construction and development of education facilities.,372,372,4,372,372,Education,97548206.12,97548206.12,0.0,0.0,sanctioned,2024-03-02,2024-03-24,2025-03-02,,0.0,22.8069,74.2179,REAL_MPLADS
PRJ-2026-0744,Education Work 745,Construction and development of education facilities.,372,372,4,372,372,Education,49451793.879999995,49451793.879999995,34616255.716,9187154.27,stalled,2024-02-02,2024-02-28,2025-02-01,,26.54,26.0187,85.9059,REAL_MPLADS
PRJ-2026-0745,Water & Sanitation Work 746,Construction and development of water & sanitation facilities.,373,373,5,373,373,Water & Sanitation,48318226.91,48318226.91,33822758.837,18051206.39,stalled,2024-02-07,2024-02-18,2025-02-06,,53.37,21.0768,74.8869,REAL_MPLADS
PRJ-2026-0746,Roads & Pathways Work 747,Construction and development of roads & pathways facilities.,373,373,5,373,373,Roads & Pathways,98681773.09,98681773.09,69077241.163,34538620.58,stalled,2024-02-17,2024-03-05,2025-02-16,,27.04,22.9261,84.7614,REAL_MPLADS
PRJ-2026-0747,Roads & Pathways Work 748,Construction and development of roads & pathways facilities.,374,374,10,374,374,Roads & Pathways,67242020.26,67242020.26,67242020.26,33621010.13,stalled,2024-01-30,2024-02-22,2025-01-29,,23.24,19.4587,85.0256,REAL_MPLADS
PRJ-2026-0748,Healthcare Work 749,Construction and development of healthcare facilities.,374,374,10,374,374,Healthcare,79757979.74,79757979.74,0.0,0.0,recommended,2024-02-12,,2025-02-11,,0.0,17.6261,78.4638,REAL_MPLADS
PRJ-2026-0749,Healthcare Work 750,Construction and development of healthcare facilities.,375,375,5,375,375,Healthcare,141453026.21,141453026.21,141453026.21,141453026.21,completed,2024-02-25,2024-03-07,2025-02-24,2024-09-23,100.0,24.4567,78.4861,REAL_MPLADS
PRJ-2026-0750,Education Work 751,Construction and development of education facilities.,375,375,5,375,375,Education,62723930.900000006,62723930.900000006,0.0,0.0,recommended,2024-01-27,,2025-01-26,,0.0,23.2941,75.1706,REAL_MPLADS
PRJ-2026-0751,Water & Sanitation Work 752,Construction and development of water & sanitation facilities.,376,376,5,376,376,Water & Sanitation,96944366.59,96944366.59,0.0,0.0,stalled,2024-04-17,2024-05-17,2025-04-17,,33.3,24.4878,86.6715,REAL_MPLADS
PRJ-2026-0752,Water & Sanitation Work 753,Construction and development of water & sanitation facilities.,376,376,5,376,376,Water & Sanitation,54802511.52000001,54802511.52000001,0.0,0.0,sanctioned,2024-04-15,2024-04-30,2025-04-15,,0.0,21.7184,72.9566,REAL_MPLADS
PRJ-2026-0753,Water & Sanitation Work 754,Construction and development of water & sanitation facilities.,377,377,19,377,377,Water & Sanitation,51144206.66,51144206.66,35800944.66199999,17518882.56,ongoing,2024-01-23,2024-02-04,2025-01-22,,49.8,22.963,77.1948,REAL_MPLADS
PRJ-2026-0754,Education Work 755,Construction and development of education facilities.,377,377,19,377,377,Education,95855793.34,95855793.34,67099055.338,13641237.95,stalled,2024-02-29,2024-03-21,2025-02-28,,20.33,20.6428,75.5464,REAL_MPLADS
PRJ-2026-0755,Roads & Pathways Work 756,Construction and development of roads & pathways facilities.,378,378,5,378,378,Roads & Pathways,83617725.71,83617725.71,0.0,0.0,recommended,2024-02-03,,2025-02-02,,0.0,24.5039,84.6126,REAL_MPLADS
PRJ-2026-0756,Healthcare Work 757,Construction and development of healthcare facilities.,378,378,5,378,378,Healthcare,76439201.36,76439201.36,53507440.952,13820972.0,stalled,2024-02-11,2024-02-22,2025-02-10,,25.83,23.2184,78.3282,REAL_MPLADS
PRJ-2026-0757,Water & Sanitation Work 758,Construction and development of water & sanitation facilities.,379,379,5,379,379,Water & Sanitation,63046131.48,63046131.48,0.0,0.0,sanctioned,2024-01-15,2024-02-12,2025-01-14,,0.0,26.4886,76.2757,REAL_MPLADS
PRJ-2026-0758,Water & Sanitation Work 759,Construction and development of water & sanitation facilities.,379,379,5,379,379,Water & Sanitation,88185825.63000003,88185825.63000003,61730077.941000015,29319341.17,ongoing,2024-02-06,2024-03-01,2025-02-05,,46.58,19.7085,83.3967,REAL_MPLADS
PRJ-2026-0759,Roads & Pathways Work 760,Construction and development of roads & pathways facilities.,380,380,5,380,380,Roads & Pathways,76115551.94,76115551.94,76115551.94,76115551.94,completed,2024-01-26,2024-02-25,2025-01-25,2024-09-12,100.0,17.2797,79.0733,REAL_MPLADS
PRJ-2026-0760,Education Work 761,Construction and development of education facilities.,380,380,5,380,380,Education,70884448.06,70884448.06,49619113.642,29076800.59,stalled,2024-01-23,2024-02-07,2025-01-22,,58.6,18.5935,75.341,REAL_MPLADS
PRJ-2026-0761,Roads & Pathways Work 762,Construction and development of roads & pathways facilities.,381,381,21,381,381,Roads & Pathways,147066453.35,147066453.35,0.0,0.0,sanctioned,2024-02-11,2024-03-08,2025-02-10,,0.0,27.1009,84.6758,REAL_MPLADS
PRJ-2026-0762,Healthcare Work 763,Construction and development of healthcare facilities.,381,381,21,381,381,Healthcare,122433546.65,122433546.65,85703482.655,49742301.33,stalled,2024-01-21,2024-02-09,2025-01-20,,58.04,27.2978,82.4908,REAL_MPLADS
PRJ-2026-0763,Education Work 764,Construction and development of education facilities.,382,382,3,382,382,Education,80798902.3,80798902.3,0.0,0.0,recommended,2024-04-11,,2025-04-11,,0.0,21.4539,86.8942,REAL_MPLADS
PRJ-2026-0764,Infrastructure Work 765,Construction and development of infrastructure facilities.,382,382,3,382,382,Infrastructure,66201097.7,66201097.7,66201097.7,66201097.7,completed,2024-03-12,2024-03-25,2025-03-12,2024-10-11,100.0,26.1422,85.3356,REAL_MPLADS
PRJ-2026-0765,Infrastructure Work 766,Construction and development of infrastructure facilities.,383,383,20,383,383,Infrastructure,69764626.62,69764626.62,69764626.62,69764626.62,completed,2024-03-09,2024-03-19,2025-03-09,2024-10-05,100.0,24.5924,78.1617,REAL_MPLADS
PRJ-2026-0766,Infrastructure Work 767,Construction and development of infrastructure facilities.,383,383,20,383,383,Infrastructure,77794473.38,77794473.38,0.0,0.0,recommended,2024-02-16,,2025-02-15,,0.0,19.491,76.186,REAL_MPLADS
PRJ-2026-0767,Roads & Pathways Work 768,Construction and development of roads & pathways facilities.,384,384,10,384,384,Roads & Pathways,79831694.33,79831694.33,79831694.33,79831694.33,completed,2024-04-23,2024-05-20,2025-04-23,2024-12-06,100.0,17.5135,74.8264,REAL_MPLADS
PRJ-2026-0768,Infrastructure Work 769,Construction and development of infrastructure facilities.,384,384,10,384,384,Infrastructure,67168305.67,67168305.67,0.0,0.0,sanctioned,2024-01-30,2024-02-22,2025-01-29,,0.0,17.0464,87.6664,REAL_MPLADS
PRJ-2026-0769,Healthcare Work 770,Construction and development of healthcare facilities.,385,385,27,385,385,Healthcare,60455452.72,60455452.72,0.0,0.0,recommended,2024-04-03,,2025-04-03,,0.0,19.3217,80.3288,REAL_MPLADS
PRJ-2026-0770,Roads & Pathways Work 771,Construction and development of roads & pathways facilities.,385,385,27,385,385,Roads & Pathways,86544547.28,86544547.28,0.0,0.0,sanctioned,2024-02-02,2024-02-21,2025-02-01,,0.0,26.6038,86.5782,REAL_MPLADS
PRJ-2026-0771,Water & Sanitation Work 772,Construction and development of water & sanitation facilities.,386,386,12,386,386,Water & Sanitation,78700391.73,78700391.73,78700391.73,78700391.73,completed,2024-04-17,2024-05-04,2025-04-17,2024-11-20,100.0,18.1046,73.8768,REAL_MPLADS
PRJ-2026-0772,Healthcare Work 773,Construction and development of healthcare facilities.,386,386,12,386,386,Healthcare,68299608.27,68299608.27,47809725.789,9107752.76,stalled,2024-01-19,2024-02-15,2025-01-18,,19.05,18.8559,82.1037,REAL_MPLADS
PRJ-2026-0773,Infrastructure Work 774,Construction and development of infrastructure facilities.,387,387,3,387,387,Infrastructure,83144460.67,83144460.67,58201122.469,55291066.35,ongoing,2024-02-19,2024-03-02,2025-02-18,,2.17,24.2321,75.2694,REAL_MPLADS
PRJ-2026-0774,Infrastructure Work 775,Construction and development of infrastructure facilities.,387,387,3,387,387,Infrastructure,63855539.33,63855539.33,44698877.530999996,6994179.78,ongoing,2024-03-04,2024-03-31,2025-03-04,,15.52,17.4753,87.2418,REAL_MPLADS
PRJ-2026-0775,Education Work 776,Construction and development of education facilities.,388,388,1,388,388,Education,60096692.61,60096692.61,0.0,0.0,recommended,2024-04-22,,2025-04-22,,0.0,23.6079,79.6802,REAL_MPLADS
PRJ-2026-0776,Infrastructure Work 777,Construction and development of infrastructure facilities.,388,388,1,388,388,Infrastructure,86903307.39,86903307.39,0.0,0.0,recommended,2024-04-02,,2025-04-02,,0.0,24.989,72.3295,REAL_MPLADS
PRJ-2026-0777,Healthcare Work 778,Construction and development of healthcare facilities.,389,389,5,389,389,Healthcare,88756819.99,88756819.99,88756819.99,88756819.99,completed,2024-04-14,2024-05-10,2025-04-14,2024-11-26,100.0,25.6782,83.7865,REAL_MPLADS
PRJ-2026-0778,Infrastructure Work 779,Construction and development of infrastructure facilities.,389,389,5,389,389,Infrastructure,58243180.010000005,58243180.010000005,0.0,0.0,recommended,2024-04-20,,2025-04-20,,0.0,19.1823,76.9709,REAL_MPLADS
PRJ-2026-0779,Infrastructure Work 780,Construction and development of infrastructure facilities.,390,108,1,108,108,Infrastructure,94601840.45,94601840.45,66221288.315,27693742.77,stalled,2024-02-06,2024-02-23,2025-02-05,,41.82,20.4378,83.5802,REAL_MPLADS
PRJ-2026-0780,Education Work 781,Construction and development of education facilities.,390,108,1,108,108,Education,52398159.55,52398159.55,0.0,0.0,recommended,2024-01-31,,2025-01-30,,0.0,27.895,81.3278,REAL_MPLADS
PRJ-2026-0781,Healthcare Work 782,Construction and development of healthcare facilities.,391,390,34,390,390,Healthcare,72427486.26,72427486.26,50699240.382,19038154.77,ongoing,2024-02-22,2024-03-10,2025-02-21,,41.18,17.2533,73.8386,REAL_MPLADS
PRJ-2026-0782,Infrastructure Work 783,Construction and development of infrastructure facilities.,391,390,34,390,390,Infrastructure,74572513.74,74572513.74,74572513.74,74572513.74,completed,2024-02-05,2024-02-19,2025-02-04,2024-09-06,100.0,19.5461,87.4276,REAL_MPLADS
PRJ-2026-0783,Water & Sanitation Work 784,Construction and development of water & sanitation facilities.,392,391,15,391,391,Water & Sanitation,54637795.26,54637795.26,38246456.682,3579520.86,ongoing,2024-02-13,2024-03-08,2025-02-12,,10.17,19.2906,73.492,REAL_MPLADS
PRJ-2026-0784,Healthcare Work 785,Construction and development of healthcare facilities.,392,391,15,391,391,Healthcare,92837644.85000002,92837644.85000002,92837644.85000002,92837644.85000002,completed,2024-02-21,2024-03-08,2025-02-20,2024-09-24,100.0,17.0587,87.7127,REAL_MPLADS
PRJ-2026-0785,Roads & Pathways Work 786,Construction and development of roads & pathways facilities.,393,392,9,392,392,Roads & Pathways,99228776.46,99228776.46,69460143.52199998,28402252.69,stalled,2024-04-02,2024-04-25,2025-04-02,,40.89,17.3384,83.4659,REAL_MPLADS
PRJ-2026-0786,Infrastructure Work 787,Construction and development of infrastructure facilities.,393,392,9,392,392,Infrastructure,47771223.54000001,47771223.54000001,0.0,0.0,sanctioned,2024-04-09,2024-05-02,2025-04-09,,0.0,23.6641,85.8679,REAL_MPLADS
PRJ-2026-0787,Infrastructure Work 788,Construction and development of infrastructure facilities.,394,393,23,393,393,Infrastructure,82082315.25,82082315.25,57457620.675,25218149.71,stalled,2024-04-09,2024-04-27,2025-04-09,,43.89,27.2283,82.7877,REAL_MPLADS
PRJ-2026-0788,Roads & Pathways Work 789,Construction and development of roads & pathways facilities.,394,393,23,393,393,Roads & Pathways,70953098.75,70953098.75,49667169.125,36409908.45,ongoing,2024-02-29,2024-03-25,2025-02-28,,80.39,18.1132,81.535,REAL_MPLADS
PRJ-2026-0789,Infrastructure Work 790,Construction and development of infrastructure facilities.,395,394,5,394,394,Infrastructure,87520956.59,87520956.59,61264669.613,49387253.96,ongoing,2024-01-28,2024-02-13,2025-01-27,,76.45,23.3489,77.0887,REAL_MPLADS
PRJ-2026-0790,Roads & Pathways Work 791,Construction and development of roads & pathways facilities.,395,394,5,394,394,Roads & Pathways,59479043.41,59479043.41,0.0,0.0,recommended,2024-03-30,,2025-03-30,,0.0,18.5418,82.667,REAL_MPLADS
PRJ-2026-0791,Roads & Pathways Work 792,Construction and development of roads & pathways facilities.,396,395,14,395,395,Roads & Pathways,53967424.92,53967424.92,37777197.444,21030565.82,stalled,2024-01-21,2024-01-31,2025-01-20,,55.67,20.9137,74.207,REAL_MPLADS
PRJ-2026-0792,Roads & Pathways Work 793,Construction and development of roads & pathways facilities.,396,395,14,395,395,Roads & Pathways,101046532.19000001,101046532.19000001,70732572.533,41722732.23,ongoing,2024-02-26,2024-03-25,2025-02-25,,61.81,25.2253,84.0407,REAL_MPLADS
PRJ-2026-0793,Education Work 794,Construction and development of education facilities.,397,396,35,396,396,Education,81471862.29,81471862.29,0.0,0.0,sanctioned,2024-02-18,2024-03-16,2025-02-17,,0.0,18.5298,83.6107,REAL_MPLADS
PRJ-2026-0794,Education Work 795,Construction and development of education facilities.,397,396,35,396,396,Education,65528137.70999999,65528137.70999999,65528137.70999999,65528137.70999999,completed,2024-02-20,2024-03-14,2025-02-19,2024-09-30,100.0,23.0583,75.5621,REAL_MPLADS
PRJ-2026-0795,Healthcare Work 796,Construction and development of healthcare facilities.,398,397,15,397,397,Healthcare,78927030.79,78927030.79,0.0,0.0,sanctioned,2024-03-12,2024-03-26,2025-03-12,,0.0,20.8101,79.6086,REAL_MPLADS
PRJ-2026-0796,Infrastructure Work 797,Construction and development of infrastructure facilities.,398,397,15,397,397,Infrastructure,68072969.21,68072969.21,0.0,0.0,sanctioned,2024-03-15,2024-04-11,2025-03-15,,0.0,24.4958,82.7505,REAL_MPLADS
PRJ-2026-0797,Infrastructure Work 798,Construction and development of infrastructure facilities.,399,398,15,398,398,Infrastructure,107245215.28,107245215.28,0.0,0.0,sanctioned,2024-04-16,2024-04-29,2025-04-16,,0.0,20.3658,75.4526,REAL_MPLADS
PRJ-2026-0798,Water & Sanitation Work 799,Construction and development of water & sanitation facilities.,399,398,15,398,398,Water & Sanitation,73344117.06,73344117.06,0.0,0.0,sanctioned,2024-01-15,2024-02-02,2025-01-14,,0.0,22.7323,84.9511,REAL_MPLADS
PRJ-2026-0799,Healthcare Work 800,Construction and development of healthcare facilities.,400,399,15,399,399,Healthcare,77037057.59,77037057.59,0.0,0.0,recommended,2024-01-19,,2025-01-18,,0.0,23.7732,72.1923,REAL_MPLADS
PRJ-2026-0800,Infrastructure Work 801,Construction and development of infrastructure facilities.,400,399,15,399,399,Infrastructure,69962942.41,69962942.41,0.0,0.0,recommended,2024-01-30,,2025-01-29,,0.0,25.7671,75.4189,REAL_MPLADS
PRJ-2026-0801,Water & Sanitation Work 802,Construction and development of water & sanitation facilities.,401,400,21,400,400,Water & Sanitation,73279638.34,73279638.34,73279638.34,73279638.34,completed,2024-02-20,2024-03-17,2025-02-19,2024-10-03,100.0,26.6787,80.648,REAL_MPLADS
PRJ-2026-0802,Roads & Pathways Work 803,Construction and development of roads & pathways facilities.,401,400,21,400,400,Roads & Pathways,73720361.66,73720361.66,0.0,0.0,recommended,2024-03-31,,2025-03-31,,0.0,24.0914,85.2853,REAL_MPLADS
PRJ-2026-0803,Water & Sanitation Work 804,Construction and development of water & sanitation facilities.,402,401,16,401,401,Water & Sanitation,69109563.6,69109563.6,69109563.6,69109563.6,completed,2024-02-29,2024-03-19,2025-02-28,2024-10-05,100.0,25.9518,77.4048,REAL_MPLADS
PRJ-2026-0804,Education Work 805,Construction and development of education facilities.,402,401,16,401,401,Education,77890436.4,77890436.4,54523305.480000004,38910899.26,ongoing,2024-04-24,2024-05-09,2025-04-24,,65.74,23.2013,82.1506,REAL_MPLADS
PRJ-2026-0805,Water & Sanitation Work 806,Construction and development of water & sanitation facilities.,403,402,14,402,402,Water & Sanitation,82212703.42,82212703.42,82212703.42,82212703.42,completed,2024-03-29,2024-04-25,2025-03-29,2024-11-11,100.0,21.1029,74.4833,REAL_MPLADS
PRJ-2026-0806,Water & Sanitation Work 807,Construction and development of water & sanitation facilities.,403,402,14,402,402,Water & Sanitation,64787296.58,64787296.58,0.0,0.0,recommended,2024-03-23,,2025-03-23,,0.0,19.9658,79.3645,REAL_MPLADS
PRJ-2026-0807,Healthcare Work 808,Construction and development of healthcare facilities.,404,403,5,403,403,Healthcare,119395255.58,119395255.58,119395255.58,119395255.58,completed,2024-03-16,2024-04-15,2025-03-16,2024-11-01,100.0,18.5175,74.7779,REAL_MPLADS
PRJ-2026-0808,Infrastructure Work 809,Construction and development of infrastructure facilities.,404,403,5,403,403,Infrastructure,61024785.82000001,61024785.82000001,42717350.074,20367632.52,stalled,2024-04-20,2024-05-15,2025-04-20,,47.68,26.1929,78.6626,REAL_MPLADS
PRJ-2026-0809,Healthcare Work 810,Construction and development of healthcare facilities.,405,404,1,404,404,Healthcare,84955551.27,84955551.27,0.0,0.0,recommended,2024-02-26,,2025-02-25,,0.0,17.7972,74.7471,REAL_MPLADS
PRJ-2026-0810,Healthcare Work 811,Construction and development of healthcare facilities.,405,404,1,404,404,Healthcare,62044448.730000004,62044448.730000004,43431114.111,22194961.49,ongoing,2024-03-19,2024-04-08,2025-03-19,,50.66,20.5838,81.7118,REAL_MPLADS
PRJ-2026-0811,Infrastructure Work 812,Construction and development of infrastructure facilities.,406,405,1,405,405,Infrastructure,61163521.97,61163521.97,0.0,0.0,recommended,2024-03-26,,2025-03-26,,0.0,17.0964,79.2712,REAL_MPLADS
PRJ-2026-0812,Infrastructure Work 813,Construction and development of infrastructure facilities.,406,405,1,405,405,Infrastructure,85836478.03,85836478.03,0.0,0.0,sanctioned,2024-02-02,2024-02-28,2025-02-01,,0.0,22.8876,74.4964,REAL_MPLADS
PRJ-2026-0813,Education Work 814,Construction and development of education facilities.,407,406,3,406,406,Education,69435133.62,69435133.62,0.0,0.0,recommended,2024-04-06,,2025-04-06,,0.0,23.4531,77.3191,REAL_MPLADS
PRJ-2026-0814,Roads & Pathways Work 815,Construction and development of roads & pathways facilities.,407,406,3,406,406,Roads & Pathways,77564866.38,77564866.38,0.0,0.0,recommended,2024-02-04,,2025-02-03,,0.0,25.09,84.0804,REAL_MPLADS
PRJ-2026-0815,Education Work 816,Construction and development of education facilities.,408,407,19,407,407,Education,108405957.34,108405957.34,75884170.138,13659217.77,ongoing,2024-03-23,2024-04-03,2025-03-23,,17.07,23.3433,86.3929,REAL_MPLADS
PRJ-2026-0816,Roads & Pathways Work 817,Construction and development of roads & pathways facilities.,408,407,19,407,407,Roads & Pathways,64369359.77000001,64369359.77000001,0.0,0.0,sanctioned,2024-03-07,2024-03-17,2025-03-07,,0.0,24.8757,74.2,REAL_MPLADS
PRJ-2026-0817,Roads & Pathways Work 818,Construction and development of roads & pathways facilities.,409,408,17,408,408,Roads & Pathways,44398502.12,44398502.12,31078951.483999997,11244364.65,stalled,2024-01-27,2024-02-17,2025-01-26,,36.18,17.6495,85.3648,REAL_MPLADS
PRJ-2026-0818,Infrastructure Work 819,Construction and development of infrastructure facilities.,409,408,17,408,408,Infrastructure,102665854.99000001,102665854.99000001,0.0,0.0,sanctioned,2024-01-31,2024-02-29,2025-01-30,,0.0,17.0486,74.2047,REAL_MPLADS
PRJ-2026-0819,Education Work 820,Construction and development of education facilities.,410,409,1,409,409,Education,115849032.06,115849032.06,0.0,0.0,ongoing,2024-03-02,2024-03-29,2025-03-02,,4.19,24.1926,76.8535,REAL_MPLADS
PRJ-2026-0820,Water & Sanitation Work 821,Construction and development of water & sanitation facilities.,410,409,1,409,409,Water & Sanitation,69791390.94,69791390.94,48853973.65799999,7723813.24,stalled,2024-04-07,2024-05-04,2025-04-07,,15.81,19.327,84.2581,REAL_MPLADS
PRJ-2026-0821,Roads & Pathways Work 822,Construction and development of roads & pathways facilities.,411,410,12,410,410,Roads & Pathways,61946313.39,61946313.39,43362419.372999996,8048065.04,stalled,2024-02-21,2024-03-05,2025-02-20,,18.56,26.0544,80.7508,REAL_MPLADS
PRJ-2026-0822,Water & Sanitation Work 823,Construction and development of water & sanitation facilities.,411,410,12,410,410,Water & Sanitation,85053686.61,85053686.61,85053686.61,85053686.61,completed,2024-02-14,2024-03-08,2025-02-13,2024-09-24,100.0,25.3162,76.1905,REAL_MPLADS
PRJ-2026-0823,Education Work 824,Construction and development of education facilities.,412,411,23,411,411,Education,95904780.4,95904780.4,67133346.28,48531545.89,ongoing,2024-02-20,2024-03-07,2025-02-19,,75.87,18.1439,76.4724,REAL_MPLADS
PRJ-2026-0824,Healthcare Work 825,Construction and development of healthcare facilities.,412,411,23,411,411,Healthcare,51095219.599999994,51095219.599999994,0.0,0.0,recommended,2024-02-09,,2025-02-08,,0.0,26.219,83.7382,REAL_MPLADS
PRJ-2026-0825,Roads & Pathways Work 826,Construction and development of roads & pathways facilities.,413,412,14,412,412,Roads & Pathways,167150394.93,167150394.93,0.0,0.0,sanctioned,2024-02-29,2024-03-21,2025-02-28,,0.0,25.0353,84.9408,REAL_MPLADS
PRJ-2026-0826,Infrastructure Work 827,Construction and development of infrastructure facilities.,413,412,14,412,412,Infrastructure,102349605.07,102349605.07,0.0,0.0,recommended,2024-01-20,,2025-01-19,,0.0,21.3705,76.3539,REAL_MPLADS
PRJ-2026-0827,Infrastructure Work 828,Construction and development of infrastructure facilities.,414,413,13,413,413,Infrastructure,47466245.55,47466245.55,0.0,0.0,ongoing,2024-03-12,2024-03-30,2025-03-12,,4.38,23.9926,76.5609,REAL_MPLADS
PRJ-2026-0828,Roads & Pathways Work 829,Construction and development of roads & pathways facilities.,414,413,13,413,413,Roads & Pathways,103384102.60000001,103384102.60000001,72368871.82000001,26236274.6,ongoing,2024-03-28,2024-04-13,2025-03-28,,36.79,20.3698,73.8629,REAL_MPLADS
PRJ-2026-0829,Infrastructure Work 830,Construction and development of infrastructure facilities.,415,414,15,414,414,Infrastructure,85360711.9,85360711.9,0.0,0.0,sanctioned,2024-02-12,2024-03-13,2025-02-11,,0.0,27.7311,75.1247,REAL_MPLADS
PRJ-2026-0830,Education Work 831,Construction and development of education facilities.,415,414,15,414,414,Education,86139288.1,86139288.1,60297501.669999994,45318715.08,ongoing,2024-02-29,2024-03-11,2025-02-28,,80.85,24.5772,87.7326,REAL_MPLADS
PRJ-2026-0831,Infrastructure Work 832,Construction and development of infrastructure facilities.,416,415,27,415,415,Infrastructure,92157168.91,92157168.91,64510018.236999996,20152929.7,stalled,2024-04-01,2024-04-16,2025-04-01,,31.24,20.9909,74.9927,REAL_MPLADS
PRJ-2026-0832,Roads & Pathways Work 833,Construction and development of roads & pathways facilities.,416,415,27,415,415,Roads & Pathways,54842831.09,54842831.09,0.0,0.0,recommended,2024-01-19,,2025-01-18,,0.0,20.9865,82.1224,REAL_MPLADS
PRJ-2026-0833,Water & Sanitation Work 834,Construction and development of water & sanitation facilities.,417,416,4,416,416,Water & Sanitation,98247732.12,98247732.12,0.0,0.0,sanctioned,2024-03-03,2024-04-01,2025-03-03,,0.0,18.6512,83.8037,REAL_MPLADS
PRJ-2026-0834,Roads & Pathways Work 835,Construction and development of roads & pathways facilities.,417,416,4,416,416,Roads & Pathways,48752267.879999995,48752267.879999995,34126587.515999995,23806707.45,stalled,2024-04-10,2024-04-28,2025-04-10,,69.76,26.7962,85.0706,REAL_MPLADS
PRJ-2026-0835,Roads & Pathways Work 836,Construction and development of roads & pathways facilities.,418,417,9,417,417,Roads & Pathways,62125197.67,62125197.67,62125197.67,62125197.67,completed,2024-04-14,2024-04-29,2025-04-14,2024-11-15,100.0,25.0932,82.8164,REAL_MPLADS
PRJ-2026-0836,Water & Sanitation Work 837,Construction and development of water & sanitation facilities.,418,417,9,417,417,Water & Sanitation,84874802.33,84874802.33,59412361.631,18007886.81,stalled,2024-03-30,2024-04-10,2025-03-30,,30.31,25.7374,86.277,REAL_MPLADS
PRJ-2026-0837,Healthcare Work 838,Construction and development of healthcare facilities.,419,418,4,418,418,Healthcare,45064090.04,45064090.04,0.0,0.0,sanctioned,2024-02-27,2024-03-23,2025-02-26,,0.0,25.6419,75.6481,REAL_MPLADS
PRJ-2026-0838,Infrastructure Work 839,Construction and development of infrastructure facilities.,419,418,4,418,418,Infrastructure,101935909.96000001,101935909.96000001,0.0,0.0,recommended,2024-04-05,,2025-04-05,,0.0,26.0968,85.1396,REAL_MPLADS
PRJ-2026-0839,Roads & Pathways Work 840,Construction and development of roads & pathways facilities.,420,419,27,419,419,Roads & Pathways,55816217.98,55816217.98,39071352.585999995,6759344.0,stalled,2024-03-24,2024-04-11,2025-03-24,,17.3,22.4888,81.8557,REAL_MPLADS
PRJ-2026-0840,Education Work 841,Construction and development of education facilities.,420,419,27,419,419,Education,91183782.02000001,91183782.02000001,91183782.02000001,91183782.02000001,completed,2024-01-26,2024-02-09,2025-01-25,2024-08-27,100.0,26.019,79.333,REAL_MPLADS
PRJ-2026-0841,Water & Sanitation Work 842,Construction and development of water & sanitation facilities.,421,420,15,420,420,Water & Sanitation,95558589.12,95558589.12,0.0,0.0,recommended,2024-04-19,,2025-04-19,,0.0,21.0425,81.6523,REAL_MPLADS
PRJ-2026-0842,Education Work 843,Construction and development of education facilities.,421,420,15,420,420,Education,51441410.879999995,51441410.879999995,0.0,0.0,sanctioned,2024-03-29,2024-04-27,2025-03-29,,0.0,24.1386,74.1011,REAL_MPLADS
PRJ-2026-0843,Water & Sanitation Work 844,Construction and development of water & sanitation facilities.,422,421,15,421,421,Water & Sanitation,47850904.55,47850904.55,33495633.184999995,23996271.61,stalled,2024-02-13,2024-02-24,2025-02-12,,71.64,24.2189,76.2048,REAL_MPLADS
PRJ-2026-0844,Healthcare Work 845,Construction and development of healthcare facilities.,422,421,15,421,421,Healthcare,99149095.45,99149095.45,99149095.45,99149095.45,completed,2024-04-14,2024-04-25,2025-04-14,2024-11-11,100.0,17.727,86.9794,REAL_MPLADS
PRJ-2026-0845,Roads & Pathways Work 846,Construction and development of roads & pathways facilities.,423,422,6,422,422,Roads & Pathways,45530439.13,45530439.13,45530439.13,45530439.13,completed,2024-02-20,2024-03-08,2025-02-19,2024-09-24,100.0,21.9511,77.8197,REAL_MPLADS
PRJ-2026-0846,Education Work 847,Construction and development of education facilities.,423,422,6,422,422,Education,101469560.87,101469560.87,71028692.609,42160092.46,ongoing,2024-02-06,2024-03-02,2025-02-05,,56.25,27.0287,75.5112,REAL_MPLADS
PRJ-2026-0847,Education Work 848,Construction and development of education facilities.,424,423,3,423,423,Education,89569083.54,89569083.54,0.0,0.0,recommended,2024-04-16,,2025-04-16,,0.0,17.6784,79.997,REAL_MPLADS
PRJ-2026-0848,Infrastructure Work 849,Construction and development of infrastructure facilities.,424,423,3,423,423,Infrastructure,57430916.45999999,57430916.45999999,40201641.52199999,26677809.31,stalled,2024-03-14,2024-04-11,2025-03-14,,66.36,19.8372,83.6784,REAL_MPLADS
PRJ-2026-0849,Infrastructure Work 850,Construction and development of infrastructure facilities.,425,424,9,424,424,Infrastructure,47561646.89,47561646.89,0.0,0.0,sanctioned,2024-02-06,2024-02-25,2025-02-05,,0.0,27.0264,78.9716,REAL_MPLADS
PRJ-2026-0850,Water & Sanitation Work 851,Construction and development of water & sanitation facilities.,425,424,9,424,424,Water & Sanitation,99438353.11,99438353.11,0.0,0.0,sanctioned,2024-03-31,2024-04-23,2025-03-31,,0.0,25.5578,79.6852,REAL_MPLADS
PRJ-2026-0851,Infrastructure Work 852,Construction and development of infrastructure facilities.,426,425,5,425,425,Infrastructure,69747742.21,69747742.21,0.0,0.0,stalled,2024-02-06,2024-02-16,2025-02-05,,28.1,25.657,86.3491,REAL_MPLADS
PRJ-2026-0852,Water & Sanitation Work 853,Construction and development of water & sanitation facilities.,426,425,5,425,425,Water & Sanitation,77252257.79,77252257.79,0.0,0.0,sanctioned,2024-03-06,2024-03-27,2025-03-06,,0.0,17.7122,76.9051,REAL_MPLADS
PRJ-2026-0853,Infrastructure Work 854,Construction and development of infrastructure facilities.,427,426,4,426,426,Infrastructure,49660797.85,49660797.85,34762558.495,12940273.2,ongoing,2024-02-17,2024-02-28,2025-02-16,,38.48,17.7407,79.701,REAL_MPLADS
PRJ-2026-0854,Healthcare Work 855,Construction and development of healthcare facilities.,427,426,4,426,426,Healthcare,97339202.15,97339202.15,68137441.505,16332544.73,stalled,2024-01-24,2024-02-08,2025-01-23,,23.97,23.3507,72.5193,REAL_MPLADS
PRJ-2026-0855,Infrastructure Work 856,Construction and development of infrastructure facilities.,428,427,13,427,427,Infrastructure,49284838.86,49284838.86,49284838.86,49284838.86,completed,2024-01-25,2024-02-05,2025-01-24,2024-08-23,100.0,25.4113,73.6586,REAL_MPLADS
PRJ-2026-0856,Roads & Pathways Work 857,Construction and development of roads & pathways facilities.,428,427,13,427,427,Roads & Pathways,97715161.14,97715161.14,0.0,0.0,sanctioned,2024-04-19,2024-05-10,2025-04-19,,0.0,23.435,87.8222,REAL_MPLADS
PRJ-2026-0857,Education Work 858,Construction and development of education facilities.,429,428,9,428,428,Education,95205270.16,95205270.16,0.0,0.0,sanctioned,2024-01-24,2024-02-05,2025-01-23,,0.0,24.2202,72.1687,REAL_MPLADS
PRJ-2026-0858,Roads & Pathways Work 859,Construction and development of roads & pathways facilities.,429,428,9,428,428,Roads & Pathways,51794729.84,51794729.84,0.0,0.0,sanctioned,2024-01-27,2024-02-07,2025-01-26,,0.0,20.7172,83.2916,REAL_MPLADS
PRJ-2026-0859,Healthcare Work 860,Construction and development of healthcare facilities.,430,429,9,429,429,Healthcare,48595295.19,48595295.19,0.0,0.0,sanctioned,2024-02-17,2024-03-10,2025-02-16,,0.0,24.0892,85.7295,REAL_MPLADS
PRJ-2026-0860,Healthcare Work 861,Construction and development of healthcare facilities.,430,429,9,429,429,Healthcare,98404704.81,98404704.81,68883293.367,36487430.77,ongoing,2024-01-26,2024-02-19,2025-01-25,,50.54,26.433,82.6006,REAL_MPLADS
PRJ-2026-0861,Healthcare Work 862,Construction and development of healthcare facilities.,431,430,21,430,430,Healthcare,102543951.82,102543951.82,102543951.82,102543951.82,completed,2024-01-22,2024-02-10,2025-01-21,2024-08-28,100.0,22.8429,85.2205,REAL_MPLADS
PRJ-2026-0862,Education Work 863,Construction and development of education facilities.,431,430,21,430,430,Education,44456048.18000001,44456048.18000001,0.0,0.0,ongoing,2024-04-21,2024-05-02,2025-04-21,,8.85,24.5442,72.2296,REAL_MPLADS
PRJ-2026-0863,Healthcare Work 864,Construction and development of healthcare facilities.,432,431,22,431,431,Healthcare,88875251.59,88875251.59,62212676.113,34895090.03,stalled,2024-03-14,2024-04-13,2025-03-14,,56.09,17.6259,73.6123,REAL_MPLADS
PRJ-2026-0864,Healthcare Work 865,Construction and development of healthcare facilities.,432,431,22,431,431,Healthcare,58124748.41,58124748.41,40687323.886999995,17784429.27,stalled,2024-02-20,2024-03-01,2025-02-19,,43.71,25.9481,83.2921,REAL_MPLADS
PRJ-2026-0865,Healthcare Work 866,Construction and development of healthcare facilities.,433,432,21,432,432,Healthcare,50779264.25,50779264.25,50779264.25,50779264.25,completed,2024-03-21,2024-04-08,2025-03-21,2024-10-25,100.0,22.5139,74.6989,REAL_MPLADS
PRJ-2026-0866,Infrastructure Work 867,Construction and development of infrastructure facilities.,433,432,21,432,432,Infrastructure,96220735.75,96220735.75,96220735.75,96220735.75,completed,2024-02-29,2024-03-13,2025-02-28,2024-09-29,100.0,26.2664,80.2559,REAL_MPLADS
PRJ-2026-0867,Roads & Pathways Work 868,Construction and development of roads & pathways facilities.,434,433,27,433,433,Roads & Pathways,70918624.47,70918624.47,0.0,0.0,ongoing,2024-02-10,2024-03-05,2025-02-09,,9.04,26.4227,86.8384,REAL_MPLADS
PRJ-2026-0868,Infrastructure Work 869,Construction and development of infrastructure facilities.,434,433,27,433,433,Infrastructure,76081375.53,76081375.53,0.0,0.0,recommended,2024-01-17,,2025-01-16,,0.0,23.4862,87.8292,REAL_MPLADS
PRJ-2026-0869,Infrastructure Work 870,Construction and development of infrastructure facilities.,435,434,4,434,434,Infrastructure,91974308.19,91974308.19,0.0,0.0,sanctioned,2024-03-11,2024-04-06,2025-03-11,,0.0,20.6083,76.1937,REAL_MPLADS
PRJ-2026-0870,Infrastructure Work 871,Construction and development of infrastructure facilities.,435,434,4,434,434,Infrastructure,55025691.81,55025691.81,38517984.267,12198237.6,ongoing,2024-04-10,2024-04-23,2025-04-10,,30.35,26.6364,79.0568,REAL_MPLADS
PRJ-2026-0871,Roads & Pathways Work 872,Construction and development of roads & pathways facilities.,436,435,13,435,435,Roads & Pathways,50126032.87,50126032.87,35088223.008999996,9231711.47,stalled,2024-01-17,2024-02-01,2025-01-16,,26.31,21.3157,75.4643,REAL_MPLADS
PRJ-2026-0872,Infrastructure Work 873,Construction and development of infrastructure facilities.,436,435,13,435,435,Infrastructure,96873967.13,96873967.13,0.0,0.0,recommended,2024-04-18,,2025-04-18,,0.0,17.1229,82.2999,REAL_MPLADS
PRJ-2026-0873,Healthcare Work 874,Construction and development of healthcare facilities.,437,436,22,436,436,Healthcare,77393876.09,77393876.09,0.0,0.0,sanctioned,2024-03-16,2024-04-09,2025-03-16,,0.0,20.4796,72.0705,REAL_MPLADS
PRJ-2026-0874,Education Work 875,Construction and development of education facilities.,437,436,22,436,436,Education,69606123.91,69606123.91,0.0,0.0,recommended,2024-03-19,,2025-03-19,,0.0,20.4336,72.5498,REAL_MPLADS
PRJ-2026-0875,Water & Sanitation Work 876,Construction and development of water & sanitation facilities.,438,437,9,437,437,Water & Sanitation,54351402.02,54351402.02,38045981.414,8856043.95,ongoing,2024-02-16,2024-03-07,2025-02-15,,24.45,24.819,76.3885,REAL_MPLADS
PRJ-2026-0876,Water & Sanitation Work 877,Construction and development of water & sanitation facilities.,438,437,9,437,437,Water & Sanitation,92648597.97999999,92648597.97999999,64854018.58599999,34841418.86,ongoing,2024-02-03,2024-03-03,2025-02-02,,54.09,18.6265,80.7833,REAL_MPLADS
PRJ-2026-0877,Roads & Pathways Work 878,Construction and development of roads & pathways facilities.,439,438,12,438,438,Roads & Pathways,92712518.28,92712518.28,92712518.28,92712518.28,completed,2024-04-24,2024-05-07,2025-04-24,2024-11-23,100.0,18.1527,87.4355,REAL_MPLADS
PRJ-2026-0878,Education Work 879,Construction and development of education facilities.,439,438,12,438,438,Education,54287481.72,54287481.72,54287481.72,54287481.72,completed,2024-04-09,2024-04-24,2025-04-09,2024-11-10,100.0,21.2867,77.7453,REAL_MPLADS
PRJ-2026-0879,Roads & Pathways Work 880,Construction and development of roads & pathways facilities.,440,439,5,439,439,Roads & Pathways,81007985.75,81007985.75,0.0,0.0,recommended,2024-01-23,,2025-01-22,,0.0,27.8396,77.4315,REAL_MPLADS
PRJ-2026-0880,Education Work 881,Construction and development of education facilities.,440,439,5,439,439,Education,65992014.25,65992014.25,65992014.25,65992014.25,completed,2024-04-04,2024-04-20,2025-04-04,2024-11-06,100.0,18.1833,81.5848,REAL_MPLADS
PRJ-2026-0881,Infrastructure Work 882,Construction and development of infrastructure facilities.,441,440,21,440,440,Infrastructure,83707521.35,83707521.35,0.0,0.0,recommended,2024-04-22,,2025-04-22,,0.0,18.6973,85.4701,REAL_MPLADS
PRJ-2026-0882,Education Work 883,Construction and development of education facilities.,441,440,21,440,440,Education,63292478.650000006,63292478.650000006,0.0,0.0,sanctioned,2024-03-02,2024-03-15,2025-03-02,,0.0,22.9683,79.387,REAL_MPLADS
PRJ-2026-0883,Education Work 884,Construction and development of education facilities.,442,441,6,441,441,Education,71817072.87,71817072.87,0.0,0.0,recommended,2024-03-24,,2025-03-24,,0.0,22.0427,86.3821,REAL_MPLADS
PRJ-2026-0884,Water & Sanitation Work 885,Construction and development of water & sanitation facilities.,442,441,6,441,441,Water & Sanitation,92857697.24000001,92857697.24000001,0.0,0.0,recommended,2024-03-09,,2025-03-09,,0.0,27.5188,73.6457,REAL_MPLADS
PRJ-2026-0885,Water & Sanitation Work 886,Construction and development of water & sanitation facilities.,443,442,14,442,442,Water & Sanitation,90241193.55,90241193.55,90241193.55,90241193.55,completed,2024-03-26,2024-04-10,2025-03-26,2024-10-27,100.0,19.0307,81.3163,REAL_MPLADS
PRJ-2026-0886,Water & Sanitation Work 887,Construction and development of water & sanitation facilities.,443,442,14,442,442,Water & Sanitation,56758806.45,56758806.45,39731164.515,37744606.29,ongoing,2024-02-23,2024-03-13,2025-02-22,,2.14,21.8797,77.2211,REAL_MPLADS
PRJ-2026-0887,Roads & Pathways Work 888,Construction and development of roads & pathways facilities.,444,443,17,443,443,Roads & Pathways,69366888.02,69366888.02,48556821.61399999,34956055.88,stalled,2024-03-14,2024-03-24,2025-03-14,,71.99,19.2835,85.1302,REAL_MPLADS
PRJ-2026-0888,Roads & Pathways Work 889,Construction and development of roads & pathways facilities.,444,443,17,443,443,Roads & Pathways,77633111.98,77633111.98,77633111.98,77633111.98,completed,2024-03-08,2024-03-23,2025-03-08,2024-10-09,100.0,27.2172,74.5159,REAL_MPLADS
PRJ-2026-0889,Water & Sanitation Work 890,Construction and development of water & sanitation facilities.,445,444,4,444,444,Water & Sanitation,122710112.58,122710112.58,85897078.806,71925547.27,ongoing,2024-02-21,2024-03-06,2025-02-20,,89.13,18.6478,79.3625,REAL_MPLADS
PRJ-2026-0890,Healthcare Work 891,Construction and development of healthcare facilities.,445,444,4,444,444,Healthcare,78037251.42,78037251.42,0.0,0.0,recommended,2024-01-17,,2025-01-16,,0.0,25.9654,87.871,REAL_MPLADS
PRJ-2026-0891,Water & Sanitation Work 892,Construction and development of water & sanitation facilities.,446,445,13,445,445,Water & Sanitation,96712853.14,96712853.14,96712853.14,91877210.48,ongoing,2024-04-15,2024-05-14,2025-04-15,,2.73,20.4883,72.8789,REAL_MPLADS
PRJ-2026-0892,Roads & Pathways Work 893,Construction and development of roads & pathways facilities.,446,445,13,445,445,Roads & Pathways,50287146.86,50287146.86,50287146.86,47772789.52,ongoing,2024-02-27,2024-03-26,2025-02-26,,7.43,17.6797,76.8929,REAL_MPLADS
PRJ-2026-0893,Water & Sanitation Work 894,Construction and development of water & sanitation facilities.,447,446,12,446,446,Water & Sanitation,54720413.09,54720413.09,0.0,0.0,recommended,2024-01-15,,2025-01-14,,0.0,18.4275,87.0097,REAL_MPLADS
PRJ-2026-0894,Infrastructure Work 895,Construction and development of infrastructure facilities.,447,446,12,446,446,Infrastructure,92279586.91,92279586.91,92279586.91,92279586.91,completed,2024-02-24,2024-03-10,2025-02-23,2024-09-26,100.0,18.5519,82.8968,REAL_MPLADS
PRJ-2026-0895,Roads & Pathways Work 896,Construction and development of roads & pathways facilities.,448,447,6,447,447,Roads & Pathways,101638972.47,101638972.47,101638972.47,101638972.47,completed,2024-02-12,2024-02-26,2025-02-11,2024-09-13,100.0,18.9175,74.4383,REAL_MPLADS
PRJ-2026-0896,Water & Sanitation Work 897,Construction and development of water & sanitation facilities.,448,447,6,447,447,Water & Sanitation,60538287.640000015,60538287.640000015,60538287.640000015,60538287.640000015,completed,2024-01-20,2024-02-11,2025-01-19,2024-08-29,100.0,18.6327,73.8304,REAL_MPLADS
PRJ-2026-0897,Education Work 898,Construction and development of education facilities.,449,448,3,448,448,Education,44683317.29,44683317.29,0.0,0.0,ongoing,2024-02-10,2024-03-08,2025-02-09,,7.35,18.7097,81.1997,REAL_MPLADS
PRJ-2026-0898,Water & Sanitation Work 899,Construction and development of water & sanitation facilities.,449,448,3,448,448,Water & Sanitation,102316682.71000001,102316682.71000001,71621677.897,35939757.97,stalled,2024-01-18,2024-01-28,2025-01-17,,50.18,24.3549,77.615,REAL_MPLADS
PRJ-2026-0899,Water & Sanitation Work 900,Construction and development of water & sanitation facilities.,450,449,14,449,449,Water & Sanitation,103050251.11,103050251.11,0.0,0.0,sanctioned,2024-03-20,2024-04-02,2025-03-20,,0.0,22.9517,85.4153,REAL_MPLADS
PRJ-2026-0900,Education Work 901,Construction and development of education facilities.,450,449,14,449,449,Education,70046505.8,70046505.8,70046505.8,70046505.8,completed,2024-03-21,2024-04-13,2025-03-21,2024-10-30,100.0,27.6197,83.1247,REAL_MPLADS
PRJ-2026-0901,Infrastructure Work 902,Construction and development of infrastructure facilities.,451,450,2,450,450,Infrastructure,77435509.23,77435509.23,54204856.461,36985576.66,ongoing,2024-04-16,2024-04-28,2025-04-16,,70.31,19.2984,79.5007,REAL_MPLADS
PRJ-2026-0902,Water & Sanitation Work 903,Construction and development of water & sanitation facilities.,451,450,2,450,450,Water & Sanitation,69564490.77,69564490.77,69564490.77,69564490.77,completed,2024-02-03,2024-02-27,2025-02-02,2024-09-14,100.0,23.8999,81.7332,REAL_MPLADS
PRJ-2026-0903,Healthcare Work 904,Construction and development of healthcare facilities.,452,451,4,451,451,Healthcare,77407406.55,77407406.55,0.0,0.0,recommended,2024-04-12,,2025-04-12,,0.0,22.9412,78.7771,REAL_MPLADS
PRJ-2026-0904,Education Work 905,Construction and development of education facilities.,452,451,4,451,451,Education,69592593.45,69592593.45,48714815.415,21234788.04,stalled,2024-03-19,2024-04-03,2025-03-19,,43.59,20.282,87.2158,REAL_MPLADS
PRJ-2026-0905,Infrastructure Work 906,Construction and development of infrastructure facilities.,453,452,15,452,452,Infrastructure,82211895.85,82211895.85,57548327.09499999,51669678.33,ongoing,2024-02-23,2024-03-05,2025-02-22,,82.46,20.2488,72.368,REAL_MPLADS
PRJ-2026-0906,Water & Sanitation Work 907,Construction and development of water & sanitation facilities.,453,452,15,452,452,Water & Sanitation,76837388.26000002,76837388.26000002,76837388.26000002,76837388.26000002,completed,2024-03-01,2024-03-12,2025-03-01,2024-09-28,100.0,19.6457,85.6576,REAL_MPLADS
PRJ-2026-0907,Infrastructure Work 908,Construction and development of infrastructure facilities.,454,453,6,453,453,Infrastructure,53928977.4,53928977.4,37750284.18,22895547.36,stalled,2024-04-20,2024-05-18,2025-04-20,,60.65,25.2918,79.6894,REAL_MPLADS
PRJ-2026-0908,Roads & Pathways Work 909,Construction and development of roads & pathways facilities.,454,453,6,453,453,Roads & Pathways,93071022.6,93071022.6,65149715.81999999,61892230.03,ongoing,2024-02-08,2024-02-20,2025-02-07,,2.88,25.0302,73.7395,REAL_MPLADS
PRJ-2026-0909,Education Work 910,Construction and development of education facilities.,455,454,21,454,454,Education,81837625.91,81837625.91,0.0,0.0,recommended,2024-04-06,,2025-04-06,,0.0,18.5807,75.9475,REAL_MPLADS
PRJ-2026-0910,Water & Sanitation Work 911,Construction and development of water & sanitation facilities.,455,454,21,454,454,Water & Sanitation,65162374.09,65162374.09,65162374.09,65162374.09,completed,2024-01-17,2024-02-05,2025-01-16,2024-08-23,100.0,17.7466,75.3472,REAL_MPLADS
PRJ-2026-0911,Healthcare Work 912,Construction and development of healthcare facilities.,456,455,6,455,455,Healthcare,66004700.8,66004700.8,0.0,0.0,recommended,2024-02-03,,2025-02-02,,0.0,22.8009,82.716,REAL_MPLADS
PRJ-2026-0912,Healthcare Work 913,Construction and development of healthcare facilities.,456,455,6,455,455,Healthcare,80995299.2,80995299.2,56696709.44,28004009.58,ongoing,2024-04-16,2024-05-05,2025-04-16,,53.03,19.9433,72.0697,REAL_MPLADS
PRJ-2026-0913,Education Work 914,Construction and development of education facilities.,457,456,5,456,456,Education,81632734.86,81632734.86,57142914.401999995,36893063.41,ongoing,2024-01-31,2024-02-12,2025-01-30,,60.78,25.6399,83.3832,REAL_MPLADS
PRJ-2026-0914,Roads & Pathways Work 915,Construction and development of roads & pathways facilities.,457,456,5,456,456,Roads & Pathways,80437541.25000001,80437541.25000001,56306278.87500001,39178358.68,ongoing,2024-04-22,2024-05-13,2025-04-22,,64.53,19.1236,82.8979,REAL_MPLADS
PRJ-2026-0915,Water & Sanitation Work 916,Construction and development of water & sanitation facilities.,458,457,6,457,457,Water & Sanitation,59963119.34,59963119.34,0.0,0.0,sanctioned,2024-01-20,2024-02-09,2025-01-19,,0.0,23.8031,86.2073,REAL_MPLADS
PRJ-2026-0916,Infrastructure Work 917,Construction and development of infrastructure facilities.,458,457,6,457,457,Infrastructure,111514874.77000001,111514874.77000001,111514874.77000001,111514874.77000001,completed,2024-04-12,2024-05-10,2025-04-12,2024-11-26,100.0,21.6036,87.0857,REAL_MPLADS
PRJ-2026-0917,Roads & Pathways Work 918,Construction and development of roads & pathways facilities.,459,458,12,458,458,Roads & Pathways,63981158.45,63981158.45,44786810.915,30593870.54,stalled,2024-04-13,2024-05-07,2025-04-13,,68.31,24.4222,72.4766,REAL_MPLADS
PRJ-2026-0918,Water & Sanitation Work 919,Construction and development of water & sanitation facilities.,459,458,12,458,458,Water & Sanitation,83018841.55,83018841.55,83018841.55,83018841.55,completed,2024-02-11,2024-03-02,2025-02-10,2024-09-18,100.0,19.1942,80.2171,REAL_MPLADS
PRJ-2026-0919,Water & Sanitation Work 920,Construction and development of water & sanitation facilities.,460,459,6,459,459,Water & Sanitation,47614063.13,47614063.13,47614063.13,47614063.13,completed,2024-02-15,2024-03-01,2025-02-14,2024-09-17,100.0,17.018,79.7944,REAL_MPLADS
PRJ-2026-0920,Water & Sanitation Work 921,Construction and development of water & sanitation facilities.,460,459,6,459,459,Water & Sanitation,109140569.98000002,109140569.98000002,76398398.986,34127164.83,stalled,2024-04-07,2024-04-24,2025-04-07,,44.67,19.7969,75.0973,REAL_MPLADS
PRJ-2026-0921,Education Work 922,Construction and development of education facilities.,461,460,10,460,460,Education,80730765.26,80730765.26,0.0,0.0,sanctioned,2024-04-02,2024-04-12,2025-04-02,,0.0,24.1446,75.9283,REAL_MPLADS
PRJ-2026-0922,Education Work 923,Construction and development of education facilities.,461,460,10,460,460,Education,66269234.739999995,66269234.739999995,46388464.317999996,15696577.89,ongoing,2024-02-06,2024-02-27,2025-02-05,,30.93,20.1016,86.9437,REAL_MPLADS
PRJ-2026-0923,Roads & Pathways Work 924,Construction and development of roads & pathways facilities.,462,461,5,461,461,Roads & Pathways,98768372.51,98768372.51,98768372.51,98768372.51,completed,2024-03-11,2024-03-25,2025-03-11,2024-10-11,100.0,18.5616,75.1394,REAL_MPLADS
PRJ-2026-0924,Infrastructure Work 925,Construction and development of infrastructure facilities.,462,461,5,461,461,Infrastructure,48231627.489999995,48231627.489999995,33762139.24299999,13484598.41,stalled,2024-03-30,2024-04-11,2025-03-30,,39.94,25.6632,75.6601,REAL_MPLADS
PRJ-2026-0925,Education Work 926,Construction and development of education facilities.,463,462,4,462,462,Education,67828678.42,67828678.42,47480074.894,30824064.62,stalled,2024-03-07,2024-03-18,2025-03-07,,64.92,25.7966,85.4496,REAL_MPLADS
PRJ-2026-0926,Infrastructure Work 927,Construction and development of infrastructure facilities.,463,462,4,462,462,Infrastructure,79171321.58,79171321.58,79171321.58,79171321.58,completed,2024-02-23,2024-03-05,2025-02-22,2024-09-21,100.0,20.1987,75.5792,REAL_MPLADS
PRJ-2026-0927,Water & Sanitation Work 928,Construction and development of water & sanitation facilities.,464,463,9,463,463,Water & Sanitation,92423328.49,92423328.49,64696329.94299999,24733406.94,stalled,2024-03-03,2024-03-24,2025-03-03,,38.23,21.2112,83.6886,REAL_MPLADS
PRJ-2026-0928,Water & Sanitation Work 929,Construction and development of water & sanitation facilities.,464,463,9,463,463,Water & Sanitation,56564686.34000002,56564686.34000002,56564686.34000002,56564686.34000002,completed,2024-04-07,2024-04-21,2025-04-07,2024-11-07,100.0,27.7728,82.6149,REAL_MPLADS
PRJ-2026-0929,Roads & Pathways Work 930,Construction and development of roads & pathways facilities.,465,464,6,464,464,Roads & Pathways,93273917.35,93273917.35,93273917.35,93273917.35,completed,2024-01-15,2024-01-28,2025-01-14,2024-08-15,100.0,19.3997,76.8202,REAL_MPLADS
PRJ-2026-0930,Healthcare Work 931,Construction and development of healthcare facilities.,465,464,6,464,464,Healthcare,79155601.76000002,79155601.76000002,55408921.23200001,22742114.29,ongoing,2024-03-28,2024-04-24,2025-03-28,,40.94,26.1233,79.499,REAL_MPLADS
PRJ-2026-0931,Healthcare Work 932,Construction and development of healthcare facilities.,466,465,30,465,465,Healthcare,61257549.34,61257549.34,42880284.538,9699520.36,stalled,2024-04-24,2024-05-23,2025-04-24,,22.62,26.9212,82.5294,REAL_MPLADS
PRJ-2026-0932,Water & Sanitation Work 933,Construction and development of water & sanitation facilities.,466,465,30,465,465,Water & Sanitation,85742450.66,85742450.66,60019715.46199999,24542061.65,stalled,2024-02-26,2024-03-19,2025-02-25,,40.89,23.6735,79.5022,REAL_MPLADS
PRJ-2026-0933,Water & Sanitation Work 934,Construction and development of water & sanitation facilities.,467,466,15,466,466,Water & Sanitation,82183709.88,82183709.88,57528596.91599999,14658286.49,stalled,2024-02-02,2024-03-01,2025-02-01,,25.48,25.6215,76.9515,REAL_MPLADS
PRJ-2026-0934,Education Work 935,Construction and development of education facilities.,467,466,15,466,466,Education,89316290.12,89316290.12,62521403.084,47378719.26,stalled,2024-03-12,2024-03-25,2025-03-12,,75.78,27.3108,86.5079,REAL_MPLADS
PRJ-2026-0935,Infrastructure Work 936,Construction and development of infrastructure facilities.,468,467,1,467,467,Infrastructure,73702955.94,73702955.94,0.0,0.0,sanctioned,2024-01-20,2024-02-07,2025-01-19,,0.0,27.9541,77.1018,REAL_MPLADS
PRJ-2026-0936,Education Work 937,Construction and development of education facilities.,468,467,1,467,467,Education,73297044.06,73297044.06,51307930.842,35121059.0,ongoing,2024-01-29,2024-02-24,2025-01-28,,75.43,22.4254,85.6476,REAL_MPLADS
PRJ-2026-0937,Healthcare Work 938,Construction and development of healthcare facilities.,469,468,1,468,468,Healthcare,102884135.9,102884135.9,0.0,0.0,recommended,2024-02-27,,2025-02-26,,0.0,26.4417,81.184,REAL_MPLADS
PRJ-2026-0938,Water & Sanitation Work 939,Construction and development of water & sanitation facilities.,469,468,1,468,468,Water & Sanitation,44115864.099999994,44115864.099999994,30881104.869999994,29337049.63,ongoing,2024-02-18,2024-03-09,2025-02-17,,3.06,18.2528,73.2467,REAL_MPLADS
PRJ-2026-0939,Water & Sanitation Work 940,Construction and development of water & sanitation facilities.,470,469,26,469,469,Water & Sanitation,53558615.3,53558615.3,0.0,0.0,recommended,2024-04-19,,2025-04-19,,0.0,20.2212,75.4825,REAL_MPLADS
PRJ-2026-0940,Roads & Pathways Work 941,Construction and development of roads & pathways facilities.,470,469,26,469,469,Roads & Pathways,93441384.7,93441384.7,65408969.29,25021767.49,ongoing,2024-04-23,2024-05-14,2025-04-23,,39.41,17.1897,73.9254,REAL_MPLADS
PRJ-2026-0941,Education Work 942,Construction and development of education facilities.,471,470,1,470,470,Education,93215320.77,93215320.77,65250724.53899999,13800800.22,ongoing,2024-01-20,2024-02-18,2025-01-19,,19.8,17.1556,84.5126,REAL_MPLADS
PRJ-2026-0942,Water & Sanitation Work 943,Construction and development of water & sanitation facilities.,471,470,1,470,470,Water & Sanitation,53784679.230000004,53784679.230000004,37649275.461,26666267.87,ongoing,2024-04-11,2024-05-01,2025-04-11,,67.7,24.7999,85.7405,REAL_MPLADS
PRJ-2026-0943,Water & Sanitation Work 944,Construction and development of water & sanitation facilities.,472,471,1,471,471,Water & Sanitation,92093958.95,92093958.95,64465771.265,34396054.38,ongoing,2024-01-15,2024-02-03,2025-01-14,,50.21,17.2523,80.7247,REAL_MPLADS
PRJ-2026-0944,Healthcare Work 945,Construction and development of healthcare facilities.,472,471,1,471,471,Healthcare,54906041.05,54906041.05,0.0,0.0,recommended,2024-04-05,,2025-04-05,,0.0,24.3112,81.5121,REAL_MPLADS
PRJ-2026-0945,Roads & Pathways Work 946,Construction and development of roads & pathways facilities.,473,472,11,472,472,Roads & Pathways,88016029.51,88016029.51,0.0,0.0,recommended,2024-03-08,,2025-03-08,,0.0,26.423,86.6273,REAL_MPLADS
PRJ-2026-0946,Healthcare Work 947,Construction and development of healthcare facilities.,473,472,11,472,472,Healthcare,71848002.98,71848002.98,0.0,0.0,sanctioned,2024-03-27,2024-04-10,2025-03-27,,0.0,22.1705,80.6511,REAL_MPLADS
PRJ-2026-0947,Healthcare Work 948,Construction and development of healthcare facilities.,474,473,4,473,473,Healthcare,18324237.34,18324237.34,0.0,0.0,recommended,2024-03-21,,2025-03-21,,0.0,20.407,80.2914,REAL_MPLADS
PRJ-2026-0948,Education Work 949,Construction and development of education facilities.,474,473,4,473,473,Education,30675762.66,30675762.66,30675762.66,30675762.66,completed,2024-04-16,2024-04-29,2025-04-16,2024-11-15,100.0,24.9022,78.9166,REAL_MPLADS
PRJ-2026-0949,Education Work 950,Construction and development of education facilities.,475,474,1,474,474,Education,96606078.62,96606078.62,67624255.034,38751655.89,ongoing,2024-02-10,2024-03-06,2025-02-09,,52.88,17.8522,87.6371,REAL_MPLADS
PRJ-2026-0950,Education Work 951,Construction and development of education facilities.,475,474,1,474,474,Education,51501294.49000001,51501294.49000001,36050906.14300001,26562307.65,stalled,2024-02-26,2024-03-16,2025-02-25,,73.68,23.5125,81.0364,REAL_MPLADS
PRJ-2026-0951,Healthcare Work 952,Construction and development of healthcare facilities.,476,475,5,475,475,Healthcare,48849117.44,48849117.44,0.0,0.0,recommended,2024-01-31,,2025-01-30,,0.0,20.9636,73.89,REAL_MPLADS
PRJ-2026-0952,Water & Sanitation Work 953,Construction and development of water & sanitation facilities.,476,475,5,475,475,Water & Sanitation,98150882.56,98150882.56,68705617.792,49076422.79,stalled,2024-03-16,2024-04-08,2025-03-16,,71.43,22.1551,73.4859,REAL_MPLADS
PRJ-2026-0953,Healthcare Work 954,Construction and development of healthcare facilities.,477,476,14,476,476,Healthcare,80240280.65,80240280.65,56168196.455,27191023.9,stalled,2024-03-11,2024-03-21,2025-03-11,,48.41,27.6676,85.9743,REAL_MPLADS
PRJ-2026-0954,Infrastructure Work 955,Construction and development of infrastructure facilities.,477,476,14,476,476,Infrastructure,67180580.75999999,67180580.75999999,67180580.75999999,33590290.38,stalled,2024-02-27,2024-03-10,2025-02-26,,30.37,18.2982,78.1649,REAL_MPLADS
PRJ-2026-0955,Education Work 956,Construction and development of education facilities.,478,477,5,477,477,Education,94980625.5,94980625.5,66486437.849999994,28575870.99,stalled,2024-04-02,2024-04-30,2025-04-02,,42.98,26.1553,86.6284,REAL_MPLADS
PRJ-2026-0956,Education Work 957,Construction and development of education facilities.,478,477,5,477,477,Education,97061843.61000001,97061843.61000001,0.0,0.0,sanctioned,2024-02-21,2024-03-05,2025-02-20,,0.0,27.9293,73.6733,REAL_MPLADS
PRJ-2026-0957,Healthcare Work 958,Construction and development of healthcare facilities.,479,478,13,478,478,Healthcare,56790780.77,56790780.77,39753546.539,18790445.92,ongoing,2024-01-16,2024-02-09,2025-01-15,,45.95,27.2004,72.5922,REAL_MPLADS
PRJ-2026-0958,Education Work 959,Construction and development of education facilities.,479,478,13,478,478,Education,102985201.61999997,102985201.61999997,0.0,0.0,recommended,2024-02-17,,2025-02-16,,0.0,26.8138,78.5166,REAL_MPLADS
PRJ-2026-0959,Water & Sanitation Work 960,Construction and development of water & sanitation facilities.,480,479,5,479,479,Water & Sanitation,45228493.39,45228493.39,31659945.373,6563106.68,stalled,2024-04-12,2024-05-10,2025-04-12,,20.73,21.4124,83.842,REAL_MPLADS
PRJ-2026-0960,Infrastructure Work 961,Construction and development of infrastructure facilities.,480,479,5,479,479,Infrastructure,101771506.61,101771506.61,101771506.61,101771506.61,completed,2024-04-03,2024-04-13,2025-04-03,2024-10-30,100.0,26.2537,83.5451,REAL_MPLADS
PRJ-2026-0961,Education Work 962,Construction and development of education facilities.,481,480,9,480,480,Education,81928289.87,81928289.87,0.0,0.0,recommended,2024-03-04,,2025-03-04,,0.0,27.5376,79.9719,REAL_MPLADS
PRJ-2026-0962,Water & Sanitation Work 963,Construction and development of water & sanitation facilities.,481,480,9,480,480,Water & Sanitation,68796571.24000001,68796571.24000001,0.0,0.0,sanctioned,2024-02-16,2024-03-11,2025-02-15,,0.0,18.0387,85.7378,REAL_MPLADS
PRJ-2026-0963,Infrastructure Work 964,Construction and development of infrastructure facilities.,482,481,22,481,481,Infrastructure,57228050.24,57228050.24,40059635.168,31576579.76,ongoing,2024-04-03,2024-04-23,2025-04-03,,76.74,21.7361,84.6269,REAL_MPLADS
PRJ-2026-0964,Healthcare Work 965,Construction and development of healthcare facilities.,482,481,22,481,481,Healthcare,89771949.75999999,89771949.75999999,62840364.83199999,11213162.25,ongoing,2024-01-24,2024-02-07,2025-01-23,,19.76,23.9313,87.5304,REAL_MPLADS
PRJ-2026-0965,Roads & Pathways Work 966,Construction and development of roads & pathways facilities.,483,482,1,482,482,Roads & Pathways,88872069.95,88872069.95,0.0,0.0,recommended,2024-02-26,,2025-02-25,,0.0,24.2648,76.1799,REAL_MPLADS
PRJ-2026-0966,Water & Sanitation Work 967,Construction and development of water & sanitation facilities.,483,482,1,482,482,Water & Sanitation,64240516.16000001,64240516.16000001,64240516.16000001,64240516.16000001,completed,2024-02-28,2024-03-17,2025-02-27,2024-10-03,100.0,21.5805,83.9797,REAL_MPLADS
PRJ-2026-0967,Water & Sanitation Work 968,Construction and development of water & sanitation facilities.,484,483,15,483,483,Water & Sanitation,65006165.3,65006165.3,0.0,0.0,recommended,2024-03-30,,2025-03-30,,0.0,24.9439,77.7866,REAL_MPLADS
PRJ-2026-0968,Water & Sanitation Work 969,Construction and development of water & sanitation facilities.,484,483,15,483,483,Water & Sanitation,81993834.7,81993834.7,57395684.29,15135241.95,stalled,2024-03-07,2024-03-30,2025-03-07,,26.37,22.1445,72.3845,REAL_MPLADS
PRJ-2026-0969,Education Work 970,Construction and development of education facilities.,485,484,4,484,484,Education,81265287.26,81265287.26,56885701.082,42254698.76,stalled,2024-02-22,2024-03-07,2025-02-21,,74.28,18.1747,80.6111,REAL_MPLADS
PRJ-2026-0970,Infrastructure Work 971,Construction and development of infrastructure facilities.,485,484,4,484,484,Infrastructure,65734712.739999995,65734712.739999995,46014298.91799999,26462823.31,stalled,2024-04-01,2024-04-28,2025-04-01,,57.51,19.6027,76.5755,REAL_MPLADS
PRJ-2026-0971,Healthcare Work 972,Construction and development of healthcare facilities.,486,485,9,485,485,Healthcare,48171287.48,48171287.48,0.0,0.0,recommended,2024-01-26,,2025-01-25,,0.0,17.9184,76.8892,REAL_MPLADS
PRJ-2026-0972,Water & Sanitation Work 973,Construction and development of water & sanitation facilities.,486,485,9,485,485,Water & Sanitation,98828712.52000001,98828712.52000001,0.0,0.0,recommended,2024-04-18,,2025-04-18,,0.0,25.6465,80.0956,REAL_MPLADS
PRJ-2026-0973,Water & Sanitation Work 974,Construction and development of water & sanitation facilities.,487,486,14,486,486,Water & Sanitation,73149339.45,73149339.45,0.0,0.0,sanctioned,2024-02-19,2024-03-05,2025-02-18,,0.0,19.4358,79.721,REAL_MPLADS
PRJ-2026-0974,Infrastructure Work 975,Construction and development of infrastructure facilities.,487,486,14,486,486,Infrastructure,73850660.55,73850660.55,0.0,0.0,recommended,2024-03-16,,2025-03-16,,0.0,20.8709,77.6593,REAL_MPLADS
PRJ-2026-0975,Education Work 976,Construction and development of education facilities.,488,487,4,487,487,Education,46853466.62,46853466.62,0.0,0.0,recommended,2024-03-25,,2025-03-25,,0.0,19.3604,79.3734,REAL_MPLADS
PRJ-2026-0976,Education Work 977,Construction and development of education facilities.,488,487,4,487,487,Education,100146533.38,100146533.38,0.0,0.0,recommended,2024-04-23,,2025-04-23,,0.0,25.3031,75.7492,REAL_MPLADS
PRJ-2026-0977,Healthcare Work 978,Construction and development of healthcare facilities.,489,488,1,488,488,Healthcare,75566367.49,75566367.49,52896457.24299999,43491252.12,ongoing,2024-03-25,2024-04-15,2025-03-25,,82.58,27.3467,76.4784,REAL_MPLADS
PRJ-2026-0978,Healthcare Work 979,Construction and development of healthcare facilities.,489,488,1,488,488,Healthcare,71433632.51,71433632.51,50003542.757,7965564.36,stalled,2024-04-03,2024-04-15,2025-04-03,,15.93,24.5739,72.2512,REAL_MPLADS
PRJ-2026-0979,Infrastructure Work 980,Construction and development of infrastructure facilities.,490,489,3,489,489,Infrastructure,80701299.3,80701299.3,0.0,0.0,recommended,2024-02-02,,2025-02-01,,0.0,23.0375,76.735,REAL_MPLADS
PRJ-2026-0980,Roads & Pathways Work 981,Construction and development of roads & pathways facilities.,490,489,3,489,489,Roads & Pathways,66298700.7,66298700.7,46409090.49,20652045.27,stalled,2024-01-25,2024-02-16,2025-01-24,,44.5,20.2169,80.5662,REAL_MPLADS
PRJ-2026-0981,Roads & Pathways Work 982,Construction and development of roads & pathways facilities.,491,490,11,490,490,Roads & Pathways,59796686.17,59796686.17,0.0,0.0,recommended,2024-03-30,,2025-03-30,,0.0,21.9032,84.4802,REAL_MPLADS
PRJ-2026-0982,Roads & Pathways Work 983,Construction and development of roads & pathways facilities.,491,490,11,490,490,Roads & Pathways,105045235.83,105045235.83,105045235.83,99792974.04,ongoing,2024-03-06,2024-03-21,2025-03-06,,7.07,24.2206,76.4553,REAL_MPLADS
PRJ-2026-0983,Infrastructure Work 984,Construction and development of infrastructure facilities.,492,491,3,491,491,Infrastructure,80092597.46,80092597.46,80092597.46,80092597.46,completed,2024-04-06,2024-04-30,2025-04-06,2024-11-16,100.0,27.1709,78.2959,REAL_MPLADS
PRJ-2026-0984,Education Work 985,Construction and development of education facilities.,492,491,3,491,491,Education,66907402.54000001,66907402.54000001,0.0,0.0,recommended,2024-04-23,,2025-04-23,,0.0,18.6559,75.6698,REAL_MPLADS
PRJ-2026-0985,Healthcare Work 986,Construction and development of healthcare facilities.,493,492,15,492,492,Healthcare,65128217.72,65128217.72,0.0,0.0,sanctioned,2024-02-10,2024-03-07,2025-02-09,,0.0,22.6294,84.2425,REAL_MPLADS
PRJ-2026-0986,Infrastructure Work 987,Construction and development of infrastructure facilities.,493,492,15,492,492,Infrastructure,82204097.39000002,82204097.39000002,57542868.17300001,28771434.09,stalled,2024-04-04,2024-04-16,2025-04-04,,29.85,17.4588,74.2862,REAL_MPLADS
PRJ-2026-0987,Healthcare Work 988,Construction and development of healthcare facilities.,494,493,3,493,493,Healthcare,109745219.38,109745219.38,0.0,0.0,sanctioned,2024-04-19,2024-05-04,2025-04-19,,0.0,17.5422,73.3069,REAL_MPLADS
PRJ-2026-0988,Roads & Pathways Work 989,Construction and development of roads & pathways facilities.,494,493,3,493,493,Roads & Pathways,75466737.16,75466737.16,0.0,0.0,sanctioned,2024-02-14,2024-03-07,2025-02-13,,0.0,23.1656,81.8215,REAL_MPLADS
PRJ-2026-0989,Education Work 990,Construction and development of education facilities.,495,494,4,494,494,Education,98204496.92,98204496.92,0.0,0.0,sanctioned,2024-04-21,2024-05-08,2025-04-21,,0.0,20.6091,81.8227,REAL_MPLADS
PRJ-2026-0990,Water & Sanitation Work 991,Construction and development of water & sanitation facilities.,495,494,4,494,494,Water & Sanitation,48795503.08,48795503.08,0.0,0.0,sanctioned,2024-03-02,2024-03-24,2025-03-02,,0.0,21.1229,79.5857,REAL_MPLADS
PRJ-2026-0991,Healthcare Work 992,Construction and development of healthcare facilities.,496,495,14,495,495,Healthcare,79671889.66,79671889.66,0.0,0.0,recommended,2024-03-30,,2025-03-30,,0.0,27.7614,75.3773,REAL_MPLADS
PRJ-2026-0992,Water & Sanitation Work 993,Construction and development of water & sanitation facilities.,496,495,14,495,495,Water & Sanitation,111040534.45000002,111040534.45000002,0.0,0.0,sanctioned,2024-02-10,2024-02-25,2025-02-09,,0.0,20.1315,84.0307,REAL_MPLADS
PRJ-2026-0993,Healthcare Work 994,Construction and development of healthcare facilities.,497,496,17,496,496,Healthcare,69329606.47,69329606.47,0.0,0.0,recommended,2024-02-03,,2025-02-02,,0.0,26.0088,84.7933,REAL_MPLADS
PRJ-2026-0994,Healthcare Work 995,Construction and development of healthcare facilities.,497,496,17,496,496,Healthcare,102492350.64000002,102492350.64000002,71744645.448,39047401.6,ongoing,2024-01-31,2024-02-15,2025-01-30,,57.86,24.8169,75.9299,REAL_MPLADS
PRJ-2026-0995,Roads & Pathways Work 996,Construction and development of roads & pathways facilities.,498,497,13,497,497,Roads & Pathways,91960247.68,91960247.68,0.0,0.0,recommended,2024-02-17,,2025-02-16,,0.0,17.4183,77.732,REAL_MPLADS
PRJ-2026-0996,Healthcare Work 997,Construction and development of healthcare facilities.,498,497,13,497,497,Healthcare,55039752.31999999,55039752.31999999,0.0,0.0,sanctioned,2024-04-08,2024-04-21,2025-04-08,,0.0,25.0702,83.7698,REAL_MPLADS
PRJ-2026-0997,Infrastructure Work 998,Construction and development of infrastructure facilities.,499,498,21,498,498,Infrastructure,71813329.33,71813329.33,71813329.33,35906664.66,stalled,2024-02-10,2024-03-04,2025-02-09,,35.03,20.8661,79.0573,REAL_MPLADS
PRJ-2026-0998,Roads & Pathways Work 999,Construction and development of roads & pathways facilities.,499,498,21,498,498,Roads & Pathways,75186670.67,75186670.67,75186670.67,75186670.67,completed,2024-03-30,2024-04-13,2025-03-30,2024-10-30,100.0,27.6103,75.5645,REAL_MPLADS
PRJ-2026-0999,Healthcare Work 1000,Construction and development of healthcare facilities.,500,499,1,499,499,Healthcare,46099271.82,46099271.82,46099271.82,46099271.82,completed,2024-02-28,2024-03-21,2025-02-27,2024-10-07,100.0,17.3091,86.5367,REAL_MPLADS
PRJ-2026-1000,Healthcare Work 1001,Construction and development of healthcare facilities.,500,499,1,499,499,Healthcare,100900728.18,100900728.18,0.0,0.0,sanctioned,2024-03-19,2024-04-11,2025-03-19,,0.0,22.6364,72.7202,REAL_MPLADS
PRJ-2026-1001,Roads & Pathways Work 1002,Construction and development of roads & pathways facilities.,501,500,3,500,500,Roads & Pathways,87770994.58,87770994.58,0.0,0.0,sanctioned,2024-04-10,2024-04-27,2025-04-10,,0.0,17.4533,77.8929,REAL_MPLADS
PRJ-2026-1002,Water & Sanitation Work 1003,Construction and development of water & sanitation facilities.,501,500,3,500,500,Water & Sanitation,59229005.42,59229005.42,41460303.794,15385918.74,stalled,2024-03-08,2024-04-06,2025-03-08,,37.11,24.0348,87.1571,REAL_MPLADS
PRJ-2026-1003,Roads & Pathways Work 1004,Construction and development of roads & pathways facilities.,502,501,3,501,501,Roads & Pathways,73724005.86,73724005.86,73724005.86,73724005.86,completed,2024-01-26,2024-02-22,2025-01-25,2024-09-09,100.0,23.2551,85.2971,REAL_MPLADS
PRJ-2026-1004,Healthcare Work 1005,Construction and development of healthcare facilities.,502,501,3,501,501,Healthcare,81601708.14,81601708.14,0.0,0.0,sanctioned,2024-04-02,2024-04-30,2025-04-02,,0.0,27.1651,84.3623,REAL_MPLADS
PRJ-2026-1005,Water & Sanitation Work 1006,Construction and development of water & sanitation facilities.,503,502,6,502,502,Water & Sanitation,93044282.74,93044282.74,0.0,0.0,recommended,2024-03-02,,2025-03-02,,0.0,25.9964,80.7959,REAL_MPLADS
PRJ-2026-1006,Infrastructure Work 1007,Construction and development of infrastructure facilities.,503,502,6,502,502,Infrastructure,53955717.260000005,53955717.260000005,0.0,0.0,recommended,2024-04-12,,2025-04-12,,0.0,27.7257,77.1671,REAL_MPLADS
PRJ-2026-1007,Healthcare Work 1008,Construction and development of healthcare facilities.,504,503,18,503,503,Healthcare,78063752.76,78063752.76,0.0,0.0,sanctioned,2024-02-28,2024-03-14,2025-02-27,,0.0,27.536,77.0757,REAL_MPLADS
PRJ-2026-1008,Water & Sanitation Work 1009,Construction and development of water & sanitation facilities.,504,503,18,503,503,Water & Sanitation,75500204.35000001,75500204.35000001,52850143.045,18876830.8,ongoing,2024-01-15,2024-02-14,2025-01-14,,38.69,26.5827,74.5045,REAL_MPLADS
PRJ-2026-1009,Roads & Pathways Work 1010,Construction and development of roads & pathways facilities.,505,504,19,504,504,Roads & Pathways,98215485.57,98215485.57,68750839.89899999,21109725.77,ongoing,2024-02-10,2024-03-02,2025-02-09,,28.18,21.8475,76.1407,REAL_MPLADS
PRJ-2026-1010,Water & Sanitation Work 1011,Construction and development of water & sanitation facilities.,505,504,19,504,504,Water & Sanitation,48784514.43000001,48784514.43000001,34149160.101,17074580.05,stalled,2024-04-09,2024-04-28,2025-04-09,,20.41,21.608,83.0331,REAL_MPLADS
PRJ-2026-1011,Education Work 1012,Construction and development of education facilities.,506,505,5,505,505,Education,74860479.62,74860479.62,0.0,0.0,recommended,2024-01-28,,2025-01-27,,0.0,23.7084,76.0284,REAL_MPLADS
PRJ-2026-1012,Infrastructure Work 1013,Construction and development of infrastructure facilities.,506,505,5,505,505,Infrastructure,72139520.38,72139520.38,50497664.265999995,24103360.69,ongoing,2024-03-05,2024-03-17,2025-03-05,,52.15,20.6809,85.0529,REAL_MPLADS
PRJ-2026-1013,Education Work 1014,Construction and development of education facilities.,507,506,15,506,506,Education,46843210.43,46843210.43,46843210.43,46843210.43,completed,2024-04-01,2024-05-01,2025-04-01,2024-11-17,100.0,22.213,82.3775,REAL_MPLADS
PRJ-2026-1014,Infrastructure Work 1015,Construction and development of infrastructure facilities.,507,506,15,506,506,Infrastructure,100156789.57,100156789.57,70109752.69899999,25625747.44,ongoing,2024-02-06,2024-02-18,2025-02-05,,34.0,21.5295,79.1145,REAL_MPLADS
PRJ-2026-1015,Infrastructure Work 1016,Construction and development of infrastructure facilities.,508,507,11,507,507,Infrastructure,86956547.04,86956547.04,0.0,0.0,stalled,2024-03-10,2024-04-09,2025-03-10,,36.3,23.4872,80.9639,REAL_MPLADS
PRJ-2026-1016,Infrastructure Work 1017,Construction and development of infrastructure facilities.,508,507,11,507,507,Infrastructure,112461339.71999998,112461339.71999998,112461339.71999998,56230669.86,stalled,2024-01-29,2024-02-24,2025-01-28,,24.39,22.1839,84.2435,REAL_MPLADS
PRJ-2026-1017,Infrastructure Work 1018,Construction and development of infrastructure facilities.,509,508,5,508,508,Infrastructure,102266756.85,102266756.85,102266756.85,102266756.85,completed,2024-04-06,2024-04-20,2025-04-06,2024-11-06,100.0,27.786,77.5453,REAL_MPLADS
PRJ-2026-1018,Education Work 1019,Construction and development of education facilities.,509,508,5,508,508,Education,45931413.26000002,45931413.26000002,32151989.282000013,23895358.43,stalled,2024-01-30,2024-02-23,2025-01-29,,74.32,22.167,76.9015,REAL_MPLADS
PRJ-2026-1019,Infrastructure Work 1020,Construction and development of infrastructure facilities.,510,509,3,509,509,Infrastructure,53051450.32,53051450.32,53051450.32,53051450.32,completed,2024-03-24,2024-04-08,2025-03-24,2024-10-25,100.0,20.0103,83.4634,REAL_MPLADS
PRJ-2026-1020,Education Work 1021,Construction and development of education facilities.,510,509,3,509,509,Education,93948549.68,93948549.68,93948549.68,93948549.68,completed,2024-03-25,2024-04-21,2025-03-25,2024-11-07,100.0,27.6822,76.755,REAL_MPLADS
PRJ-2026-1021,Healthcare Work 1022,Construction and development of healthcare facilities.,511,510,15,510,510,Healthcare,107004592.74,107004592.74,107004592.74,101654363.1,ongoing,2024-02-23,2024-03-17,2025-02-22,,7.75,17.8298,87.8249,REAL_MPLADS
PRJ-2026-1022,Healthcare Work 1023,Construction and development of healthcare facilities.,511,510,15,510,510,Healthcare,89900942.37000002,89900942.37000002,89900942.37000002,89900942.37000002,completed,2024-04-21,2024-05-02,2025-04-21,2024-11-18,100.0,21.2531,72.0416,REAL_MPLADS
PRJ-2026-1023,Education Work 1024,Construction and development of education facilities.,512,511,15,511,511,Education,103094740.55,103094740.55,0.0,0.0,ongoing,2024-02-20,2024-03-04,2025-02-19,,4.02,24.3924,78.8746,REAL_MPLADS
PRJ-2026-1024,Infrastructure Work 1025,Construction and development of infrastructure facilities.,512,511,15,511,511,Infrastructure,64661199.260000005,64661199.260000005,64661199.260000005,64661199.260000005,completed,2024-01-28,2024-02-11,2025-01-27,2024-08-29,100.0,20.2657,74.0358,REAL_MPLADS
PRJ-2026-1025,Education Work 1026,Construction and development of education facilities.,513,512,15,512,512,Education,52170363.21,52170363.21,0.0,0.0,recommended,2024-04-18,,2025-04-18,,0.0,27.523,72.091,REAL_MPLADS
PRJ-2026-1026,Healthcare Work 1027,Construction and development of healthcare facilities.,513,512,15,512,512,Healthcare,116166761.13999999,116166761.13999999,0.0,0.0,sanctioned,2024-04-11,2024-04-29,2025-04-11,,0.0,27.5803,75.3889,REAL_MPLADS
PRJ-2026-1027,Water & Sanitation Work 1028,Construction and development of water & sanitation facilities.,514,513,15,513,513,Water & Sanitation,64029062.4,64029062.4,44820343.68,29742780.07,stalled,2024-04-07,2024-05-07,2025-04-07,,66.36,20.779,83.4155,REAL_MPLADS
PRJ-2026-1028,Healthcare Work 1029,Construction and development of healthcare facilities.,514,513,15,513,513,Healthcare,82970937.6,82970937.6,0.0,0.0,sanctioned,2024-01-18,2024-02-02,2025-01-17,,0.0,18.369,84.1647,REAL_MPLADS
PRJ-2026-1029,Roads & Pathways Work 1030,Construction and development of roads & pathways facilities.,515,514,15,514,514,Roads & Pathways,44259205.74,44259205.74,0.0,0.0,sanctioned,2024-02-04,2024-02-25,2025-02-03,,0.0,21.1495,87.6825,REAL_MPLADS
PRJ-2026-1030,Education Work 1031,Construction and development of education facilities.,515,514,15,514,514,Education,102740794.25999999,102740794.25999999,102740794.25999999,102740794.25999999,completed,2024-01-31,2024-02-20,2025-01-30,2024-09-07,100.0,25.7117,85.0968,REAL_MPLADS
PRJ-2026-1031,Roads & Pathways Work 1032,Construction and development of roads & pathways facilities.,516,515,23,515,515,Roads & Pathways,64732780.85,64732780.85,45312946.595,32051603.62,ongoing,2024-03-08,2024-04-03,2025-03-08,,68.39,23.7078,85.1418,REAL_MPLADS
PRJ-2026-1032,Roads & Pathways Work 1033,Construction and development of roads & pathways facilities.,516,515,23,515,515,Roads & Pathways,82267219.15,82267219.15,82267219.15,82267219.15,completed,2024-03-06,2024-03-25,2025-03-06,2024-10-11,100.0,25.8886,86.9475,REAL_MPLADS
PRJ-2026-1033,Healthcare Work 1034,Construction and development of healthcare facilities.,517,516,7,516,516,Healthcare,98204771.46,98204771.46,0.0,0.0,sanctioned,2024-01-22,2024-02-13,2025-01-21,,0.0,17.6074,83.2967,REAL_MPLADS
PRJ-2026-1034,Infrastructure Work 1035,Construction and development of infrastructure facilities.,517,516,7,516,516,Infrastructure,48795228.54000001,48795228.54000001,48795228.54000001,48795228.54000001,completed,2024-02-09,2024-03-09,2025-02-08,2024-09-25,100.0,17.8506,78.4388,REAL_MPLADS
PRJ-2026-1035,Healthcare Work 1036,Construction and development of healthcare facilities.,518,517,5,517,517,Healthcare,66678920.1,66678920.1,0.0,0.0,recommended,2024-01-21,,2025-01-20,,0.0,17.3098,77.4453,REAL_MPLADS
PRJ-2026-1036,Roads & Pathways Work 1037,Construction and development of roads & pathways facilities.,518,517,5,517,517,Roads & Pathways,80321079.9,80321079.9,56224755.93,10115671.85,ongoing,2024-04-02,2024-04-26,2025-04-02,,16.55,17.2634,84.0669,REAL_MPLADS
PRJ-2026-1037,Roads & Pathways Work 1038,Construction and development of roads & pathways facilities.,519,518,12,518,518,Roads & Pathways,100008432.51,100008432.51,0.0,0.0,stalled,2024-02-04,2024-02-28,2025-02-03,,24.51,23.9302,76.3494,REAL_MPLADS
PRJ-2026-1038,Infrastructure Work 1039,Construction and development of infrastructure facilities.,519,518,12,518,518,Infrastructure,46991567.489999995,46991567.489999995,46991567.489999995,46991567.489999995,completed,2024-01-24,2024-02-09,2025-01-23,2024-08-27,100.0,22.6004,82.9034,REAL_MPLADS
PRJ-2026-1039,Infrastructure Work 1040,Construction and development of infrastructure facilities.,520,519,5,519,519,Infrastructure,47745616.84,47745616.84,33421931.788,18305192.04,stalled,2024-03-19,2024-03-31,2025-03-19,,54.77,27.5489,77.2072,REAL_MPLADS
PRJ-2026-1040,Healthcare Work 1041,Construction and development of healthcare facilities.,520,519,5,519,519,Healthcare,99254383.16,99254383.16,99254383.16,99254383.16,completed,2024-03-14,2024-03-24,2025-03-14,2024-10-10,100.0,22.7715,79.7913,REAL_MPLADS
PRJ-2026-1041,Roads & Pathways Work 1042,Construction and development of roads & pathways facilities.,521,520,15,520,520,Roads & Pathways,109777411.97,109777411.97,109777411.97,109777411.97,completed,2024-03-02,2024-03-24,2025-03-02,2024-10-10,100.0,24.9905,81.2885,REAL_MPLADS
PRJ-2026-1042,Roads & Pathways Work 1043,Construction and development of roads & pathways facilities.,521,520,15,520,520,Roads & Pathways,52762518.140000015,52762518.140000015,0.0,0.0,sanctioned,2024-02-07,2024-02-26,2025-02-06,,0.0,22.581,84.7812,REAL_MPLADS
PRJ-2026-1043,Healthcare Work 1044,Construction and development of healthcare facilities.,522,521,21,521,521,Healthcare,95922623.56,95922623.56,67145836.492,6795158.65,stalled,2024-03-15,2024-04-07,2025-03-15,,10.12,25.9594,79.6018,REAL_MPLADS
PRJ-2026-1044,Roads & Pathways Work 1045,Construction and development of roads & pathways facilities.,522,521,21,521,521,Roads & Pathways,51077376.44,51077376.44,0.0,0.0,recommended,2024-03-06,,2025-03-06,,0.0,21.4485,79.114,REAL_MPLADS
PRJ-2026-1045,Education Work 1046,Construction and development of education facilities.,523,522,36,522,522,Education,119181768.97,119181768.97,83427238.279,38009449.76,stalled,2024-02-19,2024-02-29,2025-02-18,,45.56,24.9207,87.9573,REAL_MPLADS
PRJ-2026-1046,Roads & Pathways Work 1047,Construction and development of roads & pathways facilities.,523,522,36,522,522,Roads & Pathways,90187203.14000002,90187203.14000002,0.0,0.0,recommended,2024-02-13,,2025-02-12,,0.0,19.8542,72.155,REAL_MPLADS
PRJ-2026-1047,Infrastructure Work 1048,Construction and development of infrastructure facilities.,524,523,19,523,523,Infrastructure,56550707.4,56550707.4,39585495.18,15237179.52,ongoing,2024-01-29,2024-02-15,2025-01-28,,41.1,27.4256,86.6863,REAL_MPLADS
PRJ-2026-1048,Healthcare Work 1049,Construction and development of healthcare facilities.,524,523,19,523,523,Healthcare,91901013.71000001,91901013.71000001,0.0,0.0,sanctioned,2024-04-06,2024-04-22,2025-04-06,,0.0,17.443,83.1106,REAL_MPLADS
PRJ-2026-1049,Infrastructure Work 1050,Construction and development of infrastructure facilities.,525,524,27,524,524,Infrastructure,133721138.79,133721138.79,0.0,0.0,sanctioned,2024-04-18,2024-05-18,2025-04-18,,0.0,22.296,86.9066,REAL_MPLADS
PRJ-2026-1050,Roads & Pathways Work 1051,Construction and development of roads & pathways facilities.,525,524,27,524,524,Roads & Pathways,121733125.21,121733125.21,0.0,0.0,sanctioned,2024-03-13,2024-04-01,2025-03-13,,0.0,25.1795,83.6115,REAL_MPLADS
PRJ-2026-1051,Roads & Pathways Work 1052,Construction and development of roads & pathways facilities.,526,525,6,525,525,Roads & Pathways,105644134.09,105644134.09,105644134.09,105644134.09,completed,2024-02-28,2024-03-10,2025-02-27,2024-09-26,100.0,18.928,77.3181,REAL_MPLADS
PRJ-2026-1052,Roads & Pathways Work 1053,Construction and development of roads & pathways facilities.,526,525,6,525,525,Roads & Pathways,62163856.02000001,62163856.02000001,43514699.214,32218283.3,stalled,2024-03-11,2024-03-31,2025-03-11,,74.04,27.6112,72.9546,REAL_MPLADS
PRJ-2026-1053,Roads & Pathways Work 1054,Construction and development of roads & pathways facilities.,527,526,23,526,526,Roads & Pathways,76124385.63,76124385.63,53287069.94099999,34063726.3,ongoing,2024-03-16,2024-04-04,2025-03-16,,66.61,20.0729,78.0208,REAL_MPLADS
PRJ-2026-1054,Healthcare Work 1055,Construction and development of healthcare facilities.,527,526,23,526,526,Healthcare,70875614.37,70875614.37,0.0,0.0,sanctioned,2024-03-18,2024-04-12,2025-03-18,,0.0,24.9728,85.4965,REAL_MPLADS
PRJ-2026-1055,Roads & Pathways Work 1056,Construction and development of roads & pathways facilities.,528,527,5,527,527,Roads & Pathways,56851418.64,56851418.64,39795993.048,37806193.4,ongoing,2024-02-09,2024-03-06,2025-02-08,,7.9,20.0034,78.3865,REAL_MPLADS
PRJ-2026-1056,Infrastructure Work 1057,Construction and development of infrastructure facilities.,528,527,5,527,527,Infrastructure,92048581.36,92048581.36,92048581.36,92048581.36,completed,2024-04-22,2024-05-12,2025-04-22,2024-11-28,100.0,24.6229,84.9116,REAL_MPLADS
PRJ-2026-1057,Healthcare Work 1058,Construction and development of healthcare facilities.,529,528,17,528,528,Healthcare,86367620.5,86367620.5,0.0,0.0,sanctioned,2024-02-18,2024-03-15,2025-02-17,,0.0,25.5443,76.6539,REAL_MPLADS
PRJ-2026-1058,Education Work 1059,Construction and development of education facilities.,529,528,17,528,528,Education,60856336.610000014,60856336.610000014,0.0,0.0,recommended,2024-01-30,,2025-01-29,,0.0,24.2933,80.0327,REAL_MPLADS
PRJ-2026-1059,Roads & Pathways Work 1060,Construction and development of roads & pathways facilities.,530,529,3,529,529,Roads & Pathways,94368001.0,94368001.0,0.0,0.0,recommended,2024-01-18,,2025-01-17,,0.0,21.214,80.4869,REAL_MPLADS
PRJ-2026-1060,Education Work 1061,Construction and development of education facilities.,530,529,3,529,529,Education,52631999.0,52631999.0,0.0,0.0,recommended,2024-02-03,,2025-02-02,,0.0,22.0062,82.692,REAL_MPLADS
PRJ-2026-1061,Roads & Pathways Work 1062,Construction and development of roads & pathways facilities.,531,530,22,530,530,Roads & Pathways,87321483.11,87321483.11,61125038.17699999,10030618.76,stalled,2024-04-12,2024-04-27,2025-04-12,,16.41,17.4319,78.5923,REAL_MPLADS
PRJ-2026-1062,Roads & Pathways Work 1063,Construction and development of roads & pathways facilities.,531,530,22,530,530,Roads & Pathways,59678516.89,59678516.89,41774961.823,19533972.15,stalled,2024-02-16,2024-02-26,2025-02-15,,46.76,17.6679,78.4233,REAL_MPLADS
PRJ-2026-1063,Roads & Pathways Work 1064,Construction and development of roads & pathways facilities.,532,531,5,531,531,Roads & Pathways,82512725.4,82512725.4,0.0,0.0,stalled,2024-01-15,2024-02-06,2025-01-14,,29.11,27.4206,84.1528,REAL_MPLADS
PRJ-2026-1064,Healthcare Work 1065,Construction and development of healthcare facilities.,532,531,5,531,531,Healthcare,64487274.599999994,64487274.599999994,0.0,0.0,sanctioned,2024-04-18,2024-05-09,2025-04-18,,0.0,27.7738,81.9572,REAL_MPLADS
PRJ-2026-1065,Education Work 1066,Construction and development of education facilities.,533,532,9,532,532,Education,94567575.12,94567575.12,0.0,0.0,recommended,2024-01-18,,2025-01-17,,0.0,20.2557,83.1694,REAL_MPLADS
PRJ-2026-1066,Water & Sanitation Work 1067,Construction and development of water & sanitation facilities.,533,532,9,532,532,Water & Sanitation,52432424.879999995,52432424.879999995,0.0,0.0,sanctioned,2024-02-22,2024-03-12,2025-02-21,,0.0,27.6043,75.5136,REAL_MPLADS
PRJ-2026-1067,Water & Sanitation Work 1068,Construction and development of water & sanitation facilities.,534,533,5,533,533,Water & Sanitation,56152848.42,56152848.42,39306993.894,22682794.78,ongoing,2024-02-05,2024-02-22,2025-02-04,,52.98,23.2019,74.1908,REAL_MPLADS
PRJ-2026-1068,Water & Sanitation Work 1069,Construction and development of water & sanitation facilities.,534,533,5,533,533,Water & Sanitation,90847151.58,90847151.58,90847151.58,90847151.58,completed,2024-02-17,2024-03-13,2025-02-16,2024-09-29,100.0,26.6713,82.0442,REAL_MPLADS
PRJ-2026-1069,Roads & Pathways Work 1070,Construction and development of roads & pathways facilities.,535,534,1,534,534,Roads & Pathways,55481401.78,55481401.78,0.0,0.0,sanctioned,2024-04-24,2024-05-06,2025-04-24,,0.0,17.8917,79.4034,REAL_MPLADS
PRJ-2026-1070,Infrastructure Work 1071,Construction and development of infrastructure facilities.,535,534,1,534,534,Infrastructure,91518598.22,91518598.22,91518598.22,91518598.22,completed,2024-04-20,2024-05-07,2025-04-20,2024-11-23,100.0,20.005,76.9434,REAL_MPLADS
PRJ-2026-1071,Infrastructure Work 1072,Construction and development of infrastructure facilities.,536,535,17,535,535,Infrastructure,47840728.47,47840728.47,0.0,0.0,sanctioned,2024-04-07,2024-04-27,2025-04-07,,0.0,18.8024,82.4538,REAL_MPLADS
PRJ-2026-1072,Roads & Pathways Work 1073,Construction and development of roads & pathways facilities.,536,535,17,535,535,Roads & Pathways,110335354.64000002,110335354.64000002,77234748.24800001,24287268.35,ongoing,2024-01-31,2024-02-21,2025-01-30,,28.8,17.789,76.7068,REAL_MPLADS
PRJ-2026-1073,Roads & Pathways Work 1074,Construction and development of roads & pathways facilities.,537,536,9,536,536,Roads & Pathways,44523650.07,44523650.07,44523650.07,44523650.07,completed,2024-03-22,2024-04-04,2025-03-22,2024-10-21,100.0,27.9386,83.2828,REAL_MPLADS
PRJ-2026-1074,Healthcare Work 1075,Construction and development of healthcare facilities.,537,536,9,536,536,Healthcare,102476349.93,102476349.93,0.0,0.0,recommended,2024-02-28,,2025-02-27,,0.0,17.8634,73.8468,REAL_MPLADS
PRJ-2026-1075,Infrastructure Work 1076,Construction and development of infrastructure facilities.,538,537,21,537,537,Infrastructure,65544149.52,65544149.52,0.0,0.0,stalled,2024-04-01,2024-04-15,2025-04-01,,27.03,18.6084,81.8865,REAL_MPLADS
PRJ-2026-1076,Roads & Pathways Work 1077,Construction and development of roads & pathways facilities.,538,537,21,537,537,Roads & Pathways,81455850.47999999,81455850.47999999,57019095.33599999,41375924.52,ongoing,2024-01-18,2024-02-13,2025-01-17,,71.74,19.2682,79.0385,REAL_MPLADS
PRJ-2026-1077,Healthcare Work 1078,Construction and development of healthcare facilities.,539,538,3,538,538,Healthcare,102840660.32,102840660.32,71988462.22399999,9711243.55,stalled,2024-03-14,2024-03-29,2025-03-14,,13.49,23.7146,87.5099,REAL_MPLADS
PRJ-2026-1078,Water & Sanitation Work 1079,Construction and development of water & sanitation facilities.,539,538,3,538,538,Water & Sanitation,44159339.68000001,44159339.68000001,0.0,0.0,recommended,2024-01-21,,2025-01-20,,0.0,20.0519,86.2933,REAL_MPLADS
PRJ-2026-1079,Water & Sanitation Work 1080,Construction and development of water & sanitation facilities.,540,539,11,539,539,Water & Sanitation,79938190.35,79938190.35,79938190.35,79938190.35,completed,2024-01-30,2024-02-26,2025-01-29,2024-09-13,100.0,22.8193,78.083,REAL_MPLADS
PRJ-2026-1080,Water & Sanitation Work 1081,Construction and development of water & sanitation facilities.,540,539,11,539,539,Water & Sanitation,76492069.76000002,76492069.76000002,53544448.83200001,32683531.57,stalled,2024-03-31,2024-04-15,2025-03-31,,61.04,22.0334,72.6243,REAL_MPLADS
PRJ-2026-1081,Infrastructure Work 1082,Construction and development of infrastructure facilities.,541,540,21,540,540,Infrastructure,90433974.66,90433974.66,0.0,0.0,recommended,2024-04-17,,2025-04-17,,0.0,17.0142,72.5956,REAL_MPLADS
PRJ-2026-1082,Education Work 1083,Construction and development of education facilities.,541,540,21,540,540,Education,56566025.34,56566025.34,0.0,0.0,sanctioned,2024-02-01,2024-02-25,2025-01-31,,0.0,24.915,81.5795,REAL_MPLADS
PRJ-2026-1083,Infrastructure Work 1084,Construction and development of infrastructure facilities.,542,541,20,541,541,Infrastructure,71667893.42,71667893.42,71667893.42,71667893.42,completed,2024-02-23,2024-03-23,2025-02-22,2024-10-09,100.0,19.0217,73.5467,REAL_MPLADS
PRJ-2026-1084,Healthcare Work 1085,Construction and development of healthcare facilities.,542,541,20,541,541,Healthcare,76208413.58,76208413.58,0.0,0.0,recommended,2024-04-06,,2025-04-06,,0.0,26.5505,76.7553,REAL_MPLADS
PRJ-2026-1085,Education Work 1086,Construction and development of education facilities.,543,542,5,542,542,Education,49244422.74,49244422.74,34471095.918,15596763.5,ongoing,2024-03-13,2024-04-07,2025-03-13,,42.72,26.8172,85.0793,REAL_MPLADS
PRJ-2026-1086,Education Work 1087,Construction and development of education facilities.,543,542,5,542,542,Education,97755577.25999999,97755577.25999999,68428904.08199999,31519665.47,ongoing,2024-03-16,2024-04-10,2025-03-16,,45.39,26.2696,85.4524,REAL_MPLADS
