project_id,constituency,district,state,sanctioned_amount,released_amount,expenditure,project_status,sanctioned_duration_days,project_start_date,expected_completion_date,actual_completion_date,implementing_agency,project_category,progress_percent
WE10551,Howrah Constituency,Howrah,West Bengal,1500000,0,1000.0,recommended,545,2023-06-14,2024-12-10,,PWD,drinking water,
BI09187,Gaya Constituency,Gaya,Bihar,1000000,1000000.0,871520.46,SANCTIONED,90,20-05-2024,2024-08-18,,Jal Nigam,school,
AN10752,Visakhapatnam Constituency,Visakhapatnam,Andhra Pradesh,300000,300000.0,477661.5,ONGOING,730,2024-05-27,2026-05-27,,Rural Dev Dept,community hall,70.3
TA09768,Madurai Constituency,Madurai,Tamil Nadu,1500000,1500000.0,655472.8,sanctioned,90,2024-09-18,17-12-2024,,Jal Nigam,sanitation,
UT10259,Lucknow Constituency,Lucknow,Uttar Pradesh,1000000,500000.0,414218.15,sanctioned,730,2024-06-04,04-06-2026,,Rural Dev Dept,electricity,
AN10558,Krishna Constituency,Krishna,Andhra Pradesh,300000,300000.0,171997.8,sanctioned,365,2023-01-19,19-01-2024,,PWD,school,
TA09325,Madurai Constituency,Madurai,Tamil Nadu,1500000,,970091.21, stalled ,545,15-04-2023,2024-10-11,,Rural Dev Dept,road,67.9
MA09063,Nagpur Constituency,Nagpur,Maharashtra,1500000,750000.0,439988.08,completed,90,11-05-2023,2023-08-09,11-07-2023,PWD,road,100.0
BI09365,Gaya Constituency,Gaya,Bihar,750000,,370882.89,ongoing,270,2023-10-20,2024-07-16,,PWD,drinking water,34.4
BI10646,Gaya Constituency,Gaya,Bihar,200000,100000.0,99004.6,ongoing,180,2023-10-22,2024-04-19,,Jal Nigam,school,70.5
RA10207,Jaipur Constituency,Jaipur,Rajasthan,300000,300000.0,166696.59,completed,365,14-05-2024,2025-05-14,2025-09-24,Jal Nigam,electricity,100.0
AN10647,Visakhapatnam Constituency,Visakhapatnam,Andhra Pradesh,300000,150000.0,222795.98,ongoing,730,04-02-2024,03-02-2026,,Jal Nigam,electricity,18.9
WE09215,Howrah Constituency,Howrah,West Bengal,750000,750000.0,735653.64,ongoing,730,2024-03-05,2026-03-05,,Zilla Parishad,drinking water,40.6
KA09620,Belagavi Constituency,Belagavi,Karnataka,300000,300000.0,211282.21,STALLED,365,22-03-2024,22-03-2025,,Jal Nigam,electricity,67.5
MA10575,Pune Constituency,Pune,Maharashtra,750000,750000.0,456261.3,stalled,545,25-07-2024,2026-01-21,,Jal Nigam,drinking water,59.8
WE09382,Howrah Constituency,Howrah,West Bengal,2000000,2000000.0,1226351.87,completed,270,2023-06-18,2024-03-14,2024-04-21,PWD,sanitation,100.0
RA09509,Jodhpur Constituency,Jodhpur,Rajasthan,2000000,2000000.0,1034102.31,ongoing,90,2024-06-09,07-09-2024,,Rural Dev Dept,drinking water,55.8
BI09074,Patna Constituency,Patna,Bihar,500000,250000.0,146129.78,sanctioned,180,2024-09-08,07-03-2025,,PWD,community hall,
KA10394,Bengaluru Urban Constituency,Bengaluru Urban,Karnataka,200000,200000.0,106883.05,sanctioned,730,2023-10-15,2025-10-14,,PWD,road,
UT09323,Varanasi Constituency,Varanasi,Uttar Pradesh,500000,500000.0,709987.85,ongoing,365,2024-08-08,2025-08-08,,Zilla Parishad,road,35.0
WE09726,Howrah Constituency,Howrah,West Bengal,2000000,2000000.0,1642860.43,ongoing,545,2023-12-09,06-06-2025,,Rural Dev Dept,community hall,36.8
BI09920,Patna Constituency,Patna,Bihar,200000,100000.0,99359.58,completed,365,2024-05-17,2025-05-17,2025-05-22,Zilla Parishad,electricity,100.0
RA10109,Jaipur Constituency,Jaipur,Rajasthan,200000,0,0,recommended,545,24-06-2024,2025-12-21,,Rural Dev Dept,community hall,
BI10730,Gaya Constituency,Gaya,Bihar,200000,200000.0,193566.75,sanctioned,730,2024-10-02,2026-10-02,,Zilla Parishad,electricity,
TA10606,Chennai Constituency,Chennai,Tamil Nadu,300000,300000.0,316321.22,completed,365,2024-05-30,2025-05-30,2025-08-29,Jal Nigam,school,100.0
BI09503,Patna Constituency,Patna,Bihar,2000000,2000000.0,1016233.73,sanctioned,545,2023-04-06,2024-10-02,,Jal Nigam,sanitation,
AN10430,Guntur Constituency,Guntur,Andhra Pradesh,200000,200000.0,84461.61, ongoing ,545,26-02-2023,2024-08-24,,Jal Nigam,irrigation,57.8
AN10684,Krishna Constituency,Krishna,Andhra Pradesh,750000,750000.0,915326.84,sanctioned,365,2024-02-12,2025-02-11,,PWD,drinking water,
TA09008,Coimbatore Constituency,Coimbatore,Tamil Nadu,2000000,0,0,recommended,365,2024-06-11,2025-06-11,,Jal Nigam,school,
TA10688,Madurai Constituency,Madurai,Tamil Nadu,2000000,2000000.0,2701629.83,stalled,90,01-10-2024,2024-12-30,,PWD,community hall,61.6
AN09827,Visakhapatnam Constituency,Visakhapatnam,Andhra Pradesh,1000000,,481535.02,stalled,365,2023-09-28,2024-09-27,,Jal Nigam,road,58.7
UT09021,Lucknow Constituency,Lucknow,Uttar Pradesh,1500000,1500000.0,974972.86,ONGOING,730,06-05-2023,2025-05-05,,Zilla Parishad,community hall,59.8
RA09724,Jodhpur Constituency,Jodhpur,Rajasthan,750000,375000.0,169742.22,SANCTIONED,270,13-05-2024,07-02-2025,,Zilla Parishad,sanitation,
BI09278,Muzaffarpur Constituency,Muzaffarpur,Bihar,2000000,2000000.0,1485686.15,completed,730,2023-12-22,2025-12-21,2025-12-21,Zilla Parishad,drinking water,100.0
TA09848,Madurai Constituency,Madurai,Tamil Nadu,500000,,259118.02,sanctioned,270,2023-12-07,2024-09-02,,Rural Dev Dept,sanitation,
RA09345,Jodhpur Constituency,Jodhpur,Rajasthan,300000,150000.0,64479.47,completed,365,2023-09-30,2024-09-29,2025-02-20,Rural Dev Dept,irrigation,100.0
KE09542,Ernakulam Constituency,Ernakulam,Kerala,1000000,1000000.0,533731.18,stalled,270,2024-10-15,2025-07-12,,Jal Nigam,electricity,79.4
KE10223,Kozhikode Constituency,Kozhikode,Kerala,300000,0,398251.67,recommended,730,03-03-2023,2025-03-02,,Jal Nigam,irrigation,
KE09424,Kozhikode Constituency,Kozhikode,Kerala,2000000,1000000.0,781940.55, stalled ,180,2023-04-20,2023-10-17,,PWD,electricity,63.5
BI10750,Gaya Constituency,Gaya,Bihar,750000,375000.0,2090070.05, sanctioned ,545,2023-10-05,2025-04-02,,PWD,drinking water,
KE09073,Ernakulam Constituency, Ernakulam,Kerala,750000,375000.0,229098.13,COMPLETED,365,2024-05-24,24-05-2025,2025-05-09,Zilla Parishad,sanitation,100.0
UT09971,Varanasi Constituency,Varanasi,Uttar Pradesh,200000,,61729.09,ongoing,90,2024-06-25,2024-09-23,,Jal Nigam,school,53.4
UT10462,Kanpur Nagar Constituency,Kanpur Nagar,Uttar Pradesh,750000,0,0,recommended,365,2024-05-18,2025-05-18,,Zilla Parishad,sanitation,
KA09864,Bengaluru Urban Constituency,Bengaluru Urban,Karnataka,200000,200000.0,143361.19,sanctioned,365,2024-03-27,2025-03-27,,Rural Dev Dept,irrigation,
TA10043,Madurai Constituency,Madurai,Tamil Nadu,500000,0,0,recommended,90,2024-06-05,2024-09-03,,Zilla Parishad,school,
BI09944,Patna Constituency,Patna,Bihar,750000,750000.0,428293.95,stalled,90,24-06-2023,22-09-2023,,Rural Dev Dept,sanitation,37.9
MA09843,Pune Constituency,Pune,Maharashtra,750000,375000.0,1305442.38,completed,270,12-05-2023,2024-02-06,2024-04-21,Jal Nigam,drinking water,100.0
TA10167,Coimbatore Constituency,Coimbatore,Tamil Nadu,200000,200000.0,97934.0,ongoing,730,2024-09-29,2026-09-29,,Rural Dev Dept,sanitation,38.6
UT10298,Varanasi Constituency,Varanasi,Uttar Pradesh,500000,0,0,recommended,545,2023-11-14,2025-05-12,,Zilla Parishad,irrigation,
UT10710,Varanasi Constituency,Varanasi,Uttar Pradesh,300000,300000.0,286039.42,ongoing,180,2023-10-24,21-04-2024,,Zilla Parishad,electricity,58.7
BI09990,Patna Constituency,Patna,Bihar,500000,250000.0,211015.21, stalled ,180,2024-10-07,05-04-2025,,PWD,drinking water,35.3
UT10691,Lucknow Constituency,Lucknow,Uttar Pradesh,500000,250000.0,225450.18,stalled,545,2023-11-21,2025-05-19,,PWD,community hall,63.7
RA09090,Jaipur Constituency,Jaipur,Rajasthan,200000,100000.0,349846.06,completed,730,29-04-2024,29-04-2026,2026-07-11,Jal Nigam,irrigation,100.0
AN09691,Krishna Constituency,Krishna,Andhra Pradesh,300000,150000.0,122416.12, sanctioned ,90,2023-10-30,2024-01-28,,Zilla Parishad,irrigation,
BI09897,Patna Constituency,Patna,Bihar,750000,375000.0,181095.56,stalled,730,2024-03-05,2026-03-05,,PWD,drinking water,79.9
KA10216,Mysuru Constituency,Mysuru,Karnataka,500000,500000.0,303998.61,ongoing,180,27-06-2024,2024-12-24,,Rural Dev Dept,community hall,93.2
AN10558,Krishna Constituency,Krishna,Andhra Pradesh,300000,300000.0,120139.13,sanctioned,365,2023-01-19,19-01-2024,,PWD,school,
MA09777,Pune Constituency,Pune,Maharashtra,1000000,0,0,recommended,730,2024-11-01,2026-11-01,,Zilla Parishad,sanitation,
TA09015,Coimbatore Constituency,Coimbatore,Tamil Nadu,300000,300000.0,503388.44,ongoing,365,2024-03-31,2025-03-31,,Jal Nigam,community hall,77.7
BI10630,Muzaffarpur Constituency,Muzaffarpur,Bihar,1500000,0,1000.0,recommended,730,07-11-2023,2025-11-06,,Zilla Parishad,electricity,
AN10456,Visakhapatnam Constituency,Visakhapatnam,Andhra Pradesh,200000,200000.0,85840.73,sanctioned,365,24-02-2023,2024-02-24,,Zilla Parishad,irrigation,
TA10757,Chennai Constituency,Chennai,Tamil Nadu,300000,300000.0,394735.43,sanctioned,90,2024-06-03,2024-09-01,,Zilla Parishad,irrigation,
RA09649,Jodhpur Constituency,Jodhpur,Rajasthan,2000000,2000000.0,1274943.24,completed,365,2024-09-21,2025-09-21,30-12-2025,Jal Nigam,community hall,100.0
AN09455,Visakhapatnam Constituency,Visakhapatnam,Andhra Pradesh,750000,375000.0,908884.72,completed,90,2024-03-13,2024-06-11,12-07-2024,Jal Nigam,community hall,100.0
AN09140,Visakhapatnam Constituency,Visakhapatnam,Andhra Pradesh,2000000,2000000.0,3494614.75,sanctioned,730,2023-09-16,15-09-2025,,Rural Dev Dept,school,
MA10643,Pune Constituency,Pune,Maharashtra,300000,0,1000.0,recommended,270,2024-10-25,2025-07-22,,Rural Dev Dept,sanitation,
RA10336,Jaipur Constituency,Jaipur,Rajasthan,500000,500000.0,251087.07,stalled,730,2023-07-23,2025-07-22,,Rural Dev Dept,irrigation,71.1
MA09177,Pune Constituency,Pune,Maharashtra,750000,750000.0,349864.01, sanctioned ,365,2023-11-18,2024-11-17,,PWD,irrigation,
KA10334,Bengaluru Urban Constituency,Bengaluru Urban,Karnataka,1500000,750000.0,552834.48,stalled,180,2024-10-12,2025-04-10,,Zilla Parishad,road,28.2
UT09980,Varanasi Constituency,Varanasi,Uttar Pradesh,1000000,1000000.0,643833.46,sanctioned,90,2024-06-22,2024-09-20,,Jal Nigam,electricity,
AN09219,Guntur Constituency,Guntur,Andhra Pradesh,750000,375000.0,1340708.06, ongoing ,545,04-05-2024,2025-10-31,,PWD,school,12.2
TA09553,Coimbatore Constituency,Coimbatore,Tamil Nadu,750000,375000.0,153875.02,stalled,90,2023-05-07,05-08-2023,,Zilla Parishad,school,15.8
TA09136,Chennai Constituency,Chennai,Tamil Nadu,500000,500000.0,432090.08,ongoing,270,2024-03-23,2024-12-18,,Jal Nigam,irrigation,74.2
MA09781,Nagpur Constituency,Nagpur,Maharashtra,2000000,0,0,RECOMMENDED,365,2024-06-07,07-06-2025,,Rural Dev Dept,sanitation,
MA10020,Nagpur Constituency,Nagpur,Maharashtra,200000,100000.0,67262.81,stalled,545,2024-07-28,2026-01-24,,Jal Nigam,irrigation,48.0
BI10405,Gaya Constituency,Gaya,Bihar,750000,0,986506.08,recommended,270,2023-05-04,29-01-2024,,Rural Dev Dept,drinking water,
KE09968,Ernakulam Constituency,Ernakulam,Kerala,300000,300000.0,297879.17,ongoing,180,2024-04-06,2024-10-03,,PWD,road,27.6
KE10032,Kozhikode Constituency,Kozhikode,Kerala,200000,0,0,recommended,90,2024-08-09,2024-11-07,,Rural Dev Dept,irrigation,
TA09296,Chennai Constituency, Chennai,Tamil Nadu,300000,150000.0,459585.75,ongoing,730,04-09-2023,03-09-2025,,PWD,sanitation,44.0
AN09824,Visakhapatnam Constituency,Visakhapatnam,Andhra Pradesh,1500000,0,0,recommended,90,2023-07-18,2023-10-16,,Zilla Parishad,electricity,
RA10617,Jodhpur Constituency,Jodhpur,Rajasthan,1500000,750000.0,1185983.48,ongoing,180,2023-04-21,2023-10-18,,Rural Dev Dept,irrigation,60.3
WE09227,Howrah Constituency,Howrah,West Bengal,500000,250000.0,169262.81,completed,270,2024-06-19,16-03-2025,2025-03-13,Jal Nigam,road,100.0
TA09945,Chennai Constituency,Chennai,Tamil Nadu,200000,200000.0,253478.32,sanctioned,90,14-01-2024,13-04-2024,,Rural Dev Dept,irrigation,
KE09290,Ernakulam Constituency,Ernakulam,Kerala,300000,300000.0,283778.47, ongoing ,730,03-09-2024,2026-09-03,,Zilla Parishad,school,18.1
RA09753,Jaipur Constituency,Jaipur,Rajasthan,500000,0,715388.52,recommended,270,11-11-2024,2025-08-08,,Jal Nigam,electricity,
KA09938,Bengaluru Urban Constituency,Bengaluru Urban,Karnataka,300000,0,0,recommended,270,2023-08-31,2024-05-27,,Zilla Parishad,school,
BI10231,Patna Constituency, Patna,Bihar,200000,0,0,RECOMMENDED,545,06-05-2024,02-11-2025,,Rural Dev Dept,irrigation,
WE09925,Howrah Constituency,Howrah,West Bengal,500000,0,0,RECOMMENDED,270,2024-09-30,2025-06-27,,Zilla Parishad,school,
AN09873,Guntur Constituency,Guntur,Andhra Pradesh,2000000,2000000.0,1232431.16,completed,270,05-04-2023,2023-12-31,2024-07-05,PWD,sanitation,100.0
WE10609,Kolkata Constituency,Kolkata,West Bengal,200000,200000.0,325006.52,ongoing,545,26-08-2024,2026-02-22,,PWD,irrigation,80.7
UT10075,Varanasi Constituency,Varanasi,Uttar Pradesh,750000,750000.0,528168.98,sanctioned,270,30-12-2023,2024-09-25,,Jal Nigam,road,
MA09204,Pune Constituency,Pune,Maharashtra,500000,500000.0,847252.39,ONGOING,90,2024-09-05,2024-12-04,,Jal Nigam,school,56.7
TA09304,Madurai Constituency,Madurai,Tamil Nadu,200000,0,0,recommended,365,2023-10-11,10-10-2024,,Zilla Parishad,school,
KE10422,Kozhikode Constituency,Kozhikode,Kerala,750000,375000.0,1260647.14,sanctioned,270,19-09-2024,2025-06-16,,Rural Dev Dept,sanitation,
UT09845,Varanasi Constituency,Varanasi,Uttar Pradesh,500000,500000.0,310439.44,ongoing,90,2023-12-02,2024-03-01,,PWD,electricity,58.4
AN10469,Guntur Constituency,Guntur,Andhra Pradesh,1000000,0,1442500.15,recommended,365,19-11-2023,2024-11-18,,Zilla Parishad,road,
UT10420,Lucknow Constituency,Lucknow,Uttar Pradesh,200000,,263936.02,stalled,270,2023-05-17,11-02-2024,,Rural Dev Dept,drinking water,93.8
TA09054,Chennai Constituency,Chennai,Tamil Nadu,750000,375000.0,157659.42,STALLED,365,12-08-2023,2024-08-11,,PWD,school,49.6
AN10384,Guntur Constituency,Guntur,Andhra Pradesh,200000,100000.0,67450.8, stalled ,270,2023-10-18,2024-07-14,,Zilla Parishad,electricity,92.0
TA10676,Coimbatore Constituency,Coimbatore,Tamil Nadu,1000000,1000000.0,787399.81,sanctioned,180,2024-01-21,2024-07-19,,Jal Nigam,sanitation,
MA09499,Pune Constituency,Pune,Maharashtra,750000,0,0,RECOMMENDED,270,2024-09-08,2025-06-05,,Jal Nigam,sanitation,
AN09554,Guntur Constituency,Guntur,Andhra Pradesh,200000,0,0, recommended ,90,2023-01-06,06-04-2023,,Zilla Parishad,school,
BI09080,Gaya Constituency,Gaya,Bihar,200000,100000.0,44309.59,completed,90,2023-03-10,2023-06-08,04-06-2023,Rural Dev Dept,sanitation,100.0
WE10573,Howrah Constituency,Howrah,West Bengal,500000,250000.0,156388.88, completed ,90,12-08-2023,10-11-2023,2023-11-19,Rural Dev Dept,irrigation,100.0
RA10379,Jodhpur Constituency,Jodhpur,Rajasthan,2000000,1000000.0,427347.12,completed,270,15-02-2023,2023-11-12,2024-03-04,Jal Nigam,sanitation,100.0
KE10581,Kozhikode Constituency,Kozhikode,Kerala,500000,500000.0,310936.57,sanctioned,90,2023-10-06,2024-01-04,,Jal Nigam,drinking water,
RA10031,Jodhpur Constituency,Jodhpur,Rajasthan,200000,0,264346.15,recommended,270,2023-10-16,12-07-2024,,Jal Nigam,school,
BI10566,Muzaffarpur Constituency,Muzaffarpur,Bihar,1000000,0,2014009.48,recommended,365,04-09-2023,03-09-2024,,Zilla Parishad,road,
TA09289,Coimbatore Constituency, Coimbatore,Tamil Nadu,1000000,,0, recommended ,270,2024-04-13,2025-01-08,,Jal Nigam,sanitation,
UT09887,Lucknow Constituency,Lucknow,Uttar Pradesh,500000,500000.0,492330.65,COMPLETED,270,2023-10-03,2024-06-29,2024-10-19,PWD,electricity,100.0
WE10145,Kolkata Constituency, Kolkata,West Bengal,200000,200000.0,146828.1, stalled ,270,2024-09-27,2025-06-24,,PWD,irrigation,77.5
WE09430,Howrah Constituency,Howrah,West Bengal,500000,500000.0,240047.83,sanctioned,730,02-07-2023,01-07-2025,,Zilla Parishad,community hall,
UT09017,Lucknow Constituency,Lucknow,Uttar Pradesh,1000000,1000000.0,1358227.63,ongoing,545,16-05-2023,2024-11-11,,Rural Dev Dept,school,91.2
WE09515,Kolkata Constituency,Kolkata,West Bengal,1500000,1500000.0,2089562.0,stalled,180,2024-09-10,2025-03-09,,Jal Nigam,irrigation,54.6
UT10103,Lucknow Constituency,Lucknow,Uttar Pradesh,750000,0,0,recommended,90,2023-03-13,2023-06-11,,Jal Nigam,school,
MA09235,Pune Constituency,Pune,Maharashtra,1000000,1000000.0,1251124.6,sanctioned,180,2024-05-09,2024-11-05,,Zilla Parishad,irrigation,
UT09277,Lucknow Constituency,Lucknow,Uttar Pradesh,2000000,2000000.0,1164903.24,completed,90,2023-06-10,2023-09-08,27-02-2024,Jal Nigam,school,100.0
BI09831,Muzaffarpur Constituency,Muzaffarpur,Bihar,200000,0,0,recommended,730,2023-01-14,2025-01-13,,Jal Nigam,community hall,
AN10577,Visakhapatnam Constituency, Visakhapatnam,Andhra Pradesh,1500000,750000.0,817324.44, stalled ,270,2023-07-21,2024-04-16,,Zilla Parishad,electricity,83.3
WE10533,Kolkata Constituency,,West Bengal,1000000,500000.0,377522.67,completed,365,2023-03-15,2024-03-14,2024-06-19,Rural Dev Dept,sanitation,100.0
RA10340,Jodhpur Constituency,Jodhpur,Rajasthan,1000000,1000000.0,881462.33,ongoing,270,2023-10-05,01-07-2024,,PWD,drinking water,22.2
KA10085,Mysuru Constituency, Mysuru,Karnataka,500000,500000.0,469570.31,ongoing,90,2024-10-12,2025-01-10,,Rural Dev Dept,irrigation,87.1
KA10434,Bengaluru Urban Constituency,Bengaluru Urban,Karnataka,750000,750000.0,372314.44,stalled,365,2023-06-19,18-06-2024,,Jal Nigam,school,73.8
KE09975,Kozhikode Constituency,Kozhikode,Kerala,1500000,0,0,recommended,270,2023-01-09,06-10-2023,,Zilla Parishad,drinking water,
TA10494,Coimbatore Constituency,Coimbatore,Tamil Nadu,2000000,0,0,recommended,730,29-11-2024,2026-11-29,,Jal Nigam,school,
KA10024,Bengaluru Urban Constituency,Bengaluru Urban,Karnataka,2000000,1000000.0,730169.89,ongoing,545,2023-10-23,2025-04-20,,Rural Dev Dept,sanitation,30.3
BI10380,Patna Constituency,Patna,Bihar,500000,,0,recommended,730,06-03-2023,2025-03-05,,Rural Dev Dept,electricity,
KE10364,Ernakulam Constituency,Ernakulam,Kerala,500000,500000.0,704766.62,sanctioned,90,2023-10-17,2024-01-15,,PWD,electricity,
KE10766,Ernakulam Constituency,Ernakulam,Kerala,500000,0,1000.0,recommended,270,08-04-2023,2024-01-03,,Rural Dev Dept,irrigation,
WE09535,Howrah Constituency,Howrah,West Bengal,1500000,1500000.0,694457.46,sanctioned,545,2024-08-23,2026-02-19,,Rural Dev Dept,irrigation,
TA09614,Chennai Constituency,Chennai,Tamil Nadu,500000,500000.0,495439.21,ongoing,180,03-04-2024,30-09-2024,,PWD,community hall,25.1
MA09098,Pune Constituency,Pune,Maharashtra,200000,0,0,RECOMMENDED,545,2023-04-21,2024-10-17,,PWD,school,
KE09261,Ernakulam Constituency,Ernakulam,Kerala,750000,375000.0,298265.51,completed,90,20-04-2024,2024-07-19,23-07-2024,Rural Dev Dept,irrigation,100.0
AN09581,Guntur Constituency,Guntur,Andhra Pradesh,300000,150000.0,125476.78,completed,365,2024-03-02,02-03-2025,2025-02-21,PWD,school,100.0
UT09577,Kanpur Nagar Constituency,Kanpur Nagar,Uttar Pradesh,750000,,745251.75,sanctioned,180,2024-11-20,2025-05-19,,Jal Nigam,drinking water,
TA09835,Chennai Constituency,Chennai,Tamil Nadu,750000,750000.0,1185161.66, stalled ,90,2024-05-04,2024-08-02,,PWD,sanitation,12.1
BI09545,Patna Constituency,Patna,Bihar,2000000,2000000.0,1737166.89,sanctioned,180,2023-09-18,2024-03-16,,PWD,school,
MA09737,Nagpur Constituency,Nagpur,Maharashtra,750000,0,0,recommended,730,2024-11-10,2026-11-10,,PWD,sanitation,
BI10658,Gaya Constituency,Gaya,Bihar,200000,100000.0,73126.14,ongoing,730,22-09-2023,2025-09-21,,Zilla Parishad,community hall,15.6
KA09811,Bengaluru Urban Constituency,Bengaluru Urban,Karnataka,1500000,750000.0,312126.79,ONGOING,365,2024-06-17,17-06-2025,,PWD,school,66.6
AN09541,Visakhapatnam Constituency,Visakhapatnam,Andhra Pradesh,1000000,500000.0,383282.16,completed,180,2024-05-13,2024-11-09,26-04-2025,PWD,irrigation,100.0
MA09363,Nagpur Constituency,Nagpur,Maharashtra,500000,500000.0,478622.42,completed,365,2023-10-26,2024-10-25,02-03-2025,PWD,school,100.0
RA09171,Jodhpur Constituency,Jodhpur,Rajasthan,1500000,0,0, recommended ,365,2023-08-25,24-08-2024,,Rural Dev Dept,irrigation,
WE09276,Kolkata Constituency,Kolkata,West Bengal,300000,300000.0,254399.65,stalled,270,2024-07-21,2025-04-17,,Rural Dev Dept,community hall,88.6
WE09517,Howrah Constituency,Howrah,West Bengal,1000000,1000000.0,470487.38,completed,270,30-01-2023,27-10-2023,26-04-2024,Jal Nigam,drinking water,100.0
TA10669,Chennai Constituency,Chennai,Tamil Nadu,1000000,,746150.47,sanctioned,270,2023-09-15,11-06-2024,,Zilla Parishad,irrigation,
KA10423,Mysuru Constituency,Mysuru,Karnataka,1000000,500000.0,403252.46,sanctioned,365,2024-09-01,01-09-2025,,Zilla Parishad,road,
RA09960,Jaipur Constituency,Jaipur,Rajasthan,500000,500000.0,383252.63,sanctioned,545,2024-10-01,2026-03-30,,PWD,road,
TA09665,Chennai Constituency,Chennai,Tamil Nadu,1500000,0,0,recommended,730,2023-03-13,2025-03-12,,Zilla Parishad,irrigation,
AN09010,Guntur Constituency,Guntur,Andhra Pradesh,500000,500000.0,341895.06,stalled,365,19-05-2023,18-05-2024,,Rural Dev Dept,community hall,21.2
AN09317,Visakhapatnam Constituency,Visakhapatnam,Andhra Pradesh,500000,250000.0,186154.41,sanctioned,180,2024-10-22,2025-04-20,,Rural Dev Dept,sanitation,
RA09309,Jodhpur Constituency,Jodhpur,Rajasthan,750000,750000.0,659814.39,completed,365,2024-08-10,2025-08-10,2025-10-13,PWD,irrigation,100.0
UT10736,Lucknow Constituency,Lucknow,Uttar Pradesh,200000,100000.0,82497.71,sanctioned,90,2023-06-26,2023-09-24,,Jal Nigam,sanitation,
KE09483,Ernakulam Constituency,Ernakulam,Kerala,200000,200000.0,154178.91,SANCTIONED,270,2023-11-21,2024-08-17,,Jal Nigam,drinking water,
TA09260,Chennai Constituency,Chennai,Tamil Nadu,1500000,1500000.0,899230.31,stalled,180,2023-10-14,11-04-2024,,Jal Nigam,drinking water,54.1
RA10570,Jaipur Constituency,Jaipur,Rajasthan,1000000,500000.0,648921.01, completed ,270,2024-08-07,2025-05-04,2025-07-06,Zilla Parishad,sanitation,100.0
UT10675,Lucknow Constituency,Lucknow,Uttar Pradesh,300000,0,0,recommended,90,2024-10-21,19-01-2025,,Jal Nigam,sanitation,
AN09155,Guntur Constituency,Guntur,Andhra Pradesh,2000000,0,0,recommended,365,11-03-2023,10-03-2024,,Rural Dev Dept,community hall,
RA10625,Jodhpur Constituency, Jodhpur,Rajasthan,500000,500000.0,484324.78,completed,90,02-02-2023,2023-05-03,2023-05-10,PWD,community hall,100.0
UT10608,Lucknow Constituency,Lucknow,Uttar Pradesh,1500000,1500000.0,992129.23,stalled,545,21-09-2023,19-03-2025,,Rural Dev Dept,electricity,62.5
WE09847,Kolkata Constituency,Kolkata,West Bengal,750000,375000.0,305610.94,ONGOING,180,2024-10-01,30-03-2025,,Rural Dev Dept,sanitation,23.5
KE09680,Ernakulam Constituency,Ernakulam,Kerala,300000,0,0,recommended,365,2023-08-27,2024-08-26,,Rural Dev Dept,sanitation,
UT10607,Lucknow Constituency, Lucknow,Uttar Pradesh,200000,100000.0,110866.57,sanctioned,180,2024-05-16,2024-11-12,,Jal Nigam,drinking water,
BI09646,Gaya Constituency,Gaya,Bihar,1000000,500000.0,348931.24,sanctioned,730,11-04-2024,2026-04-11,,Jal Nigam,community hall,
WE10036,Kolkata Constituency,Kolkata,West Bengal,500000,250000.0,668822.37,stalled,730,2024-03-13,2026-03-13,,Jal Nigam,community hall,44.9
TA10567,Madurai Constituency,Madurai,Tamil Nadu,750000,750000.0,747037.19,sanctioned,90,06-09-2023,2023-12-05,,Jal Nigam,community hall,
AN10657,Krishna Constituency,Krishna,Andhra Pradesh,2000000,1000000.0,1265416.29,ONGOING,180,14-05-2024,2024-11-10,,Zilla Parishad,road,56.8
MA10217,Pune Constituency,Pune,Maharashtra,750000,750000.0,1081497.97,STALLED,270,2024-05-04,29-01-2025,,Jal Nigam,irrigation,75.8
KA09058,Belagavi Constituency,Belagavi,Karnataka,200000,100000.0,72412.99,STALLED,545,2024-10-12,10-04-2026,,PWD,sanitation,52.1
AN10735,Visakhapatnam Constituency, Visakhapatnam,Andhra Pradesh,2000000,1000000.0,1316404.33,ongoing,730,2024-09-03,03-09-2026,,Rural Dev Dept,drinking water,48.1
AN09113,Guntur Constituency,Guntur,Andhra Pradesh,2000000,0,0, recommended ,270,17-09-2023,2024-06-13,,Zilla Parishad,road,
KA09787,Mysuru Constituency,Mysuru,Karnataka,750000,750000.0,339939.49,sanctioned,730,21-06-2023,2025-06-20,,Zilla Parishad,electricity,
BI10468,Gaya Constituency,Gaya,Bihar,300000,300000.0,251298.63,sanctioned,180,2023-03-31,2023-09-27,,PWD,drinking water,
BI09106,Gaya Constituency,Gaya,Bihar,1000000,1000000.0,875596.44,sanctioned,90,2024-11-05,2025-02-03,,Zilla Parishad,road,
KA10708,Bengaluru Urban Constituency,Bengaluru Urban,Karnataka,750000,375000.0,454411.08,ongoing,180,25-07-2024,2025-01-21,,PWD,sanitation,52.8
AN10701,Visakhapatnam Constituency,Visakhapatnam,Andhra Pradesh,2000000,1000000.0,3003903.71,ongoing,180,19-07-2023,15-01-2024,,Rural Dev Dept,sanitation,29.3
MA10136,Nagpur Constituency, Nagpur,Maharashtra,200000,200000.0,114987.99, stalled ,365,29-07-2024,2025-07-29,,Rural Dev Dept,community hall,67.1
KE09425,Kozhikode Constituency,Kozhikode,Kerala,1500000,750000.0,2481796.69,ongoing,270,2023-06-02,27-02-2024,,Rural Dev Dept,drinking water,42.9
AN09634,Krishna Constituency,Krishna,Andhra Pradesh,750000,0,0,recommended,365,2024-11-26,2025-11-26,,Rural Dev Dept,road,
UT10092,Kanpur Nagar Constituency,Kanpur Nagar,Uttar Pradesh,1000000,500000.0,343470.79,ONGOING,545,2023-10-24,2025-04-21,,PWD,school,75.7
KE10602,Ernakulam Constituency,Ernakulam,Kerala,2000000,2000000.0,1904951.6,sanctioned,270,21-02-2024,2024-11-17,,PWD,school,
BI10589,Muzaffarpur Constituency,Muzaffarpur,Bihar,1000000,0,0,recommended,545,2024-01-18,2025-07-16,,Rural Dev Dept,irrigation,
AN10121,Guntur Constituency,Guntur,Andhra Pradesh,500000,250000.0,159529.07,stalled,180,2024-07-19,2025-01-15,,Zilla Parishad,drinking water,93.0
RA10402,Jodhpur Constituency,Jodhpur,Rajasthan,750000,750000.0,635228.0,stalled,180,04-03-2023,2023-08-31,,Rural Dev Dept,road,88.6
RA09183,Jodhpur Constituency, Jodhpur,Rajasthan,2000000,2000000.0,1451143.35,COMPLETED,365,11-11-2023,2024-11-10,17-02-2025,Zilla Parishad,road,100.0
WE10592,Howrah Constituency,Howrah,West Bengal,2000000,1000000.0,806536.44,sanctioned,730,18-01-2023,2025-01-17,,Zilla Parishad,irrigation,
KE09982,Kozhikode Constituency,Kozhikode,Kerala,2000000,2000000.0,1872391.28,COMPLETED,730,04-03-2023,03-03-2025,2025-07-19,Rural Dev Dept,community hall,100.0
AN10728,Visakhapatnam Constituency,Visakhapatnam,Andhra Pradesh,1000000,500000.0,622115.36,completed,545,24-09-2023,2025-03-22,2025-03-17,Jal Nigam,sanitation,100.0
MA09602,Nagpur Constituency,Nagpur,Maharashtra,2000000,2000000.0,2874771.37,stalled,90,29-09-2024,2024-12-28,,Jal Nigam,electricity,68.9
BI09128,Gaya Constituency,Gaya,Bihar,1500000,1500000.0,1041832.64,stalled,180,22-09-2024,2025-03-21,,Zilla Parishad,school,24.5
BI10773,Patna Constituency,Patna,Bihar,750000,0,2127935.08,recommended,545,2024-01-19,17-07-2025,,Jal Nigam,drinking water,
BI10576,Patna Constituency,Patna,Bihar,1000000,1000000.0,855112.5, ongoing ,270,2023-05-28,2024-02-22,,PWD,drinking water,54.6
TA09764,Chennai Constituency,Chennai,Tamil Nadu,500000,250000.0,213417.13,ongoing,270,2024-05-22,2025-02-16,,Jal Nigam,sanitation,26.8
AN09388,Visakhapatnam Constituency,Visakhapatnam,Andhra Pradesh,300000,300000.0,173311.71,sanctioned,180,04-06-2024,01-12-2024,,Jal Nigam,road,
BI09443,Muzaffarpur Constituency,Muzaffarpur,Bihar,1500000,0,0,recommended,180,2024-09-23,2025-03-22,,Zilla Parishad,community hall,
KE10205,Kozhikode Constituency,Kozhikode,Kerala,500000,500000.0,473147.21,stalled,270,2024-03-06,2024-12-01,,PWD,school,67.6
TA09718,Chennai Constituency,Chennai,Tamil Nadu,500000,0,0,recommended,270,11-12-2023,06-09-2024,,Rural Dev Dept,irrigation,
MA09934,Nagpur Constituency, Nagpur,Maharashtra,500000,500000.0,659324.43,sanctioned,365,2023-01-29,2024-01-29,,Jal Nigam,irrigation,
AN10473,Guntur Constituency,Guntur,Andhra Pradesh,1000000,500000.0,244615.29,SANCTIONED,365,2023-07-04,03-07-2024,,Zilla Parishad,irrigation,
BI09616,Patna Constituency,Patna,Bihar,2000000,1000000.0,749938.02,SANCTIONED,545,2023-02-11,2024-08-09,,Zilla Parishad,irrigation,
TA09101,Chennai Constituency, Chennai,Tamil Nadu,300000,150000.0,91632.92,completed,365,19-05-2024,2025-05-19,2025-05-14,PWD,electricity,100.0
AN09540,Krishna Constituency,Krishna,Andhra Pradesh,200000,200000.0,157870.59, sanctioned ,270,2024-01-29,25-10-2024,,PWD,electricity,
KA09837,Mysuru Constituency,Mysuru,Karnataka,1000000,500000.0,246939.9,sanctioned,730,19-11-2023,2025-11-18,,Jal Nigam,road,
BI10483,Muzaffarpur Constituency,Muzaffarpur,Bihar,1500000,1500000.0,1153814.23,completed,545,2024-11-26,2026-05-25,23-08-2026,PWD,community hall,100.0
MA10746,Nagpur Constituency,Nagpur,Maharashtra,500000,500000.0,707037.09,completed,270,2024-07-26,2025-04-22,2025-08-07,Zilla Parishad,sanitation,100.0
UT09256,Lucknow Constituency,Lucknow,Uttar Pradesh,1000000,1000000.0,953121.77, sanctioned ,270,2023-02-06,2023-11-03,,PWD,electricity,
KA10723,Mysuru Constituency,Mysuru,Karnataka,1500000,1500000.0,2388158.86,stalled,730,18-05-2024,2026-05-18,,PWD,community hall,35.6
MA09014,Nagpur Constituency,Nagpur,Maharashtra,300000,300000.0,215941.96,sanctioned,180,2024-02-04,2024-08-02,,Jal Nigam,school,
KE09387,Kozhikode Constituency,Kozhikode,Kerala,500000,500000.0,414326.24, stalled ,365,25-09-2023,2024-09-24,,PWD,irrigation,28.8
UT10720,Kanpur Nagar Constituency,Kanpur Nagar,Uttar Pradesh,1000000,1000000.0,630050.11,sanctioned,730,2023-12-09,2025-12-08,,Zilla Parishad,community hall,
MA09772,Nagpur Constituency, Nagpur,Maharashtra,200000,200000.0,88497.82,ongoing,180,2023-01-20,2023-07-19,,Zilla Parishad,irrigation,88.5
UT09966,Kanpur Nagar Constituency,Kanpur Nagar,Uttar Pradesh,1500000,1500000.0,638203.27,ongoing,270,2024-05-31,25-02-2025,,Jal Nigam,community hall,20.7
TA09496,Chennai Constituency,Chennai,Tamil Nadu,750000,0,0,recommended,365,11-03-2024,2025-03-11,,Jal Nigam,road,
UT09254,Kanpur Nagar Constituency,Kanpur Nagar,Uttar Pradesh,750000,,1193212.77,sanctioned,365,07-05-2023,06-05-2024,,Rural Dev Dept,sanitation,
WE10692,Howrah Constituency,Howrah,West Bengal,1000000,0,1000.0, recommended ,90,02-11-2024,2025-01-31,,Rural Dev Dept,drinking water,
TA09005,Madurai Constituency,Madurai,Tamil Nadu,1000000,1000000.0,477399.31,COMPLETED,545,26-01-2023,2024-07-24,2024-11-18,Jal Nigam,drinking water,100.0
KE09357,Ernakulam Constituency,Ernakulam,Kerala,2000000,2000000.0,1521506.93,sanctioned,90,07-03-2023,2023-06-05,,Jal Nigam,school,
KA09875,Belagavi Constituency,Belagavi,Karnataka,300000,300000.0,185881.46,stalled,545,2024-03-18,2025-09-14,,Zilla Parishad,drinking water,35.2
KE10248,Ernakulam Constituency,Ernakulam,Kerala,750000,,746576.24,SANCTIONED,545,2023-06-23,2024-12-19,,Zilla Parishad,school,
KA09884,Mysuru Constituency,Mysuru,Karnataka,200000,200000.0,151328.67, stalled ,545,2024-06-22,19-12-2025,,PWD,road,75.9
TA10077,Coimbatore Constituency,Coimbatore,Tamil Nadu,1500000,1500000.0,2536901.72,sanctioned,270,31-03-2023,26-12-2023,,Zilla Parishad,irrigation,
UT10736,Lucknow Constituency,Lucknow,Uttar Pradesh,200000,100000.0,54816.19,sanctioned,90,2023-06-26,2023-09-24,,Jal Nigam,sanitation,
BI10152,Patna Constituency, Patna,Bihar,1500000,1500000.0,1292448.66,sanctioned,90,11-09-2024,2024-12-10,,Zilla Parishad,irrigation,
WE09738,Howrah Constituency,Howrah,West Bengal,200000,200000.0,133129.42,stalled,90,09-11-2023,2024-02-07,,PWD,road,52.6
KE10560,Kozhikode Constituency,Kozhikode,Kerala,750000,0,1000.0, recommended ,270,2024-02-19,2024-11-15,,Zilla Parishad,drinking water,
AN10351,Visakhapatnam Constituency,Visakhapatnam,Andhra Pradesh,300000,,0,recommended,270,2023-04-19,2024-01-14,,Jal Nigam,road,
BI10612,Patna Constituency,Patna,Bihar,300000,150000.0,98470.4,ongoing,730,02-12-2023,01-12-2025,,PWD,drinking water,17.8
UT10016,Varanasi Constituency,Varanasi,Uttar Pradesh,750000,0,0,recommended,180,22-10-2023,2024-04-19,,Zilla Parishad,sanitation,
KA09569,Mysuru Constituency,Mysuru,Karnataka,300000,300000.0,150938.59,completed,365,2023-04-16,2024-04-15,03-08-2024,Zilla Parishad,sanitation,100.0
AN09078,Guntur Constituency, Guntur,Andhra Pradesh,2000000,2000000.0,1738799.44, ongoing ,730,2023-12-26,2025-12-25,,PWD,road,10.9
KE10713,Ernakulam Constituency,Ernakulam,Kerala,1000000,1000000.0,1224789.89,SANCTIONED,270,2023-07-10,2024-04-05,,Rural Dev Dept,electricity,
KA09918,Mysuru Constituency,Mysuru,Karnataka,1500000,1500000.0,2367089.1,stalled,90,13-06-2023,2023-09-11,,PWD,drinking water,79.7
UT09521,Varanasi Constituency,Varanasi,Uttar Pradesh,300000,300000.0,373034.2,stalled,730,25-02-2023,2025-02-24,,PWD,road,79.1
AN10498,Guntur Constituency,Guntur,Andhra Pradesh,750000,375000.0,1173103.72,stalled,90,06-01-2023,2023-04-06,,Rural Dev Dept,school,90.5
KE10050,Ernakulam Constituency,Ernakulam,Kerala,1000000,1000000.0,537345.32,ongoing,365,2023-01-17,2024-01-17,,Rural Dev Dept,community hall,81.9
AN10756,Guntur Constituency,Guntur,Andhra Pradesh,200000,200000.0,156533.24,sanctioned,730,2023-01-17,16-01-2025,,Zilla Parishad,sanitation,
WE09347,Kolkata Constituency,Kolkata,West Bengal,2000000,1000000.0,699168.62, ongoing ,180,2023-05-01,2023-10-28,,Rural Dev Dept,school,90.4
UT09582,Kanpur Nagar Constituency,Kanpur Nagar,Uttar Pradesh,500000,0,659670.13,recommended,180,2023-06-03,30-11-2023,,Jal Nigam,school,
RA09173,Jaipur Constituency,Jaipur,Rajasthan,750000,750000.0,705474.22, sanctioned ,365,2024-11-03,03-11-2025,,Rural Dev Dept,community hall,
RA10740,Jodhpur Constituency,Jodhpur,Rajasthan,200000,200000.0,304285.31,ongoing,365,2024-03-15,2025-03-15,,Jal Nigam,school,27.3
RA09663,Jodhpur Constituency,Jodhpur,Rajasthan,1500000,750000.0,505092.94,completed,365,2024-10-07,2025-10-07,2025-11-21,Rural Dev Dept,community hall,100.0
AN10154,Krishna Constituency,Krishna,Andhra Pradesh,300000,300000.0,147496.62,completed,180,02-01-2024,2024-06-30,2024-07-13,Rural Dev Dept,school,100.0
TA10250,Chennai Constituency,Chennai,Tamil Nadu,750000,375000.0,339232.61,ongoing,90,2024-02-13,13-05-2024,,Rural Dev Dept,community hall,35.0
UT09519,Kanpur Nagar Constituency,Kanpur Nagar,Uttar Pradesh,1500000,1500000.0,2143311.18,COMPLETED,270,2023-08-15,2024-05-11,2024-08-02,PWD,sanitation,100.0
AN10425,Krishna Constituency,Krishna,Andhra Pradesh,750000,375000.0,304666.05,sanctioned,90,2023-05-24,2023-08-22,,PWD,road,
UT10586,Varanasi Constituency,Varanasi,Uttar Pradesh,750000,0,1000.0,recommended,545,2024-04-17,2025-10-14,,Zilla Parishad,drinking water,
WE10257,Howrah Constituency,Howrah,West Bengal,500000,250000.0,626572.7,ONGOING,545,2024-03-12,2025-09-08,,Rural Dev Dept,electricity,34.3
UT10720,Kanpur Nagar Constituency,Kanpur Nagar,Uttar Pradesh,1000000,1000000.0,465595.21,sanctioned,730,2023-12-09,2025-12-08,,Zilla Parishad,community hall,
UT09167,Lucknow Constituency,Lucknow,Uttar Pradesh,300000,300000.0,246518.44,SANCTIONED,270,2024-08-13,2025-05-10,,Jal Nigam,school,
TA10774,Madurai Constituency,Madurai,Tamil Nadu,300000,300000.0,273708.31,SANCTIONED,730,2023-01-23,2025-01-22,,Rural Dev Dept,drinking water,
UT10712,Varanasi Constituency, Varanasi,Uttar Pradesh,200000,200000.0,231228.69,completed,180,2024-11-02,2025-05-01,2025-04-07,PWD,irrigation,100.0
TA09505,Chennai Constituency,Chennai,Tamil Nadu,1500000,1500000.0,2072434.06,ongoing,730,2023-03-18,2025-03-17,,Zilla Parishad,electricity,64.6
KE09898,Ernakulam Constituency, Ernakulam,Kerala,500000,0,0,recommended,545,2024-02-25,2025-08-23,,Jal Nigam,drinking water,
BI10166,Muzaffarpur Constituency,Muzaffarpur,Bihar,750000,750000.0,467140.85,sanctioned,545,20-02-2023,2024-08-18,,Rural Dev Dept,sanitation,
BI10178,Gaya Constituency,Gaya,Bihar,750000,750000.0,403501.89,stalled,90,2024-04-06,2024-07-05,,PWD,electricity,90.0
MA09694,Nagpur Constituency,Nagpur,Maharashtra,1500000,1500000.0,1479868.76, ongoing ,730,2023-01-07,2025-01-06,,Zilla Parishad,electricity,74.5
UT09462,Varanasi Constituency,Varanasi,Uttar Pradesh,1000000,0,0,recommended,365,2023-04-15,2024-04-14,,Zilla Parishad,sanitation,
BI10611,Patna Constituency,Patna,Bihar,500000,500000.0,423843.0,sanctioned,270,2023-07-24,2024-04-19,,Rural Dev Dept,community hall,
MA10738,Pune Constituency,Pune,Maharashtra,1500000,750000.0,1260361.41,stalled,730,20-04-2023,19-04-2025,,Jal Nigam,electricity,22.5
MA09732,Pune Constituency,Pune,Maharashtra,750000,0,0,recommended,365,2024-03-16,2025-03-16,,Zilla Parishad,sanitation,
UT10503,Lucknow Constituency,,Uttar Pradesh,750000,0,0,recommended,545,12-10-2024,2026-04-10,,Rural Dev Dept,electricity,
KE09076,Kozhikode Constituency,Kozhikode,Kerala,2000000,,1170756.8,STALLED,180,02-01-2024,2024-06-30,,Rural Dev Dept,irrigation,32.6
UT10013,Varanasi Constituency, Varanasi,Uttar Pradesh,2000000,0,3342090.97,recommended,365,2023-08-03,2024-08-02,,Zilla Parishad,irrigation,
KA10480,Bengaluru Urban Constituency,Bengaluru Urban,Karnataka,2000000,2000000.0,1368491.09,ongoing,365,2024-02-16,2025-02-15,,Jal Nigam,electricity,56.3
MA10226,Pune Constituency,Pune,Maharashtra,2000000,1000000.0,478191.92,SANCTIONED,730,2024-11-07,2026-11-07,,PWD,community hall,
KE09306,Ernakulam Constituency,Ernakulam,Kerala,2000000,2000000.0,1694087.76, sanctioned ,90,2023-02-05,2023-05-06,,Rural Dev Dept,irrigation,
KE10453,Ernakulam Constituency,Ernakulam,Kerala,2000000,2000000.0,819809.35,completed,365,06-11-2023,2024-11-05,2024-12-22,Zilla Parishad,sanitation,100.0
BI09846,Patna Constituency,Patna,Bihar,200000,200000.0,85042.72,stalled,180,08-03-2023,04-09-2023,,Rural Dev Dept,sanitation,11.2
UT10610,Lucknow Constituency,Lucknow,Uttar Pradesh,1000000,0,1000.0,recommended,90,2023-03-05,03-06-2023,,Zilla Parishad,irrigation,
MA09466,Nagpur Constituency,Nagpur,Maharashtra,1000000,500000.0,489500.15,sanctioned,270,2024-08-15,12-05-2025,,Jal Nigam,irrigation,
UT10307,Varanasi Constituency,Varanasi,Uttar Pradesh,1000000,1000000.0,867431.87,sanctioned,365,2024-06-14,2025-06-14,,Zilla Parishad,sanitation,
RA09858,Jodhpur Constituency,Jodhpur,Rajasthan,2000000,1000000.0,961221.75,sanctioned,180,21-05-2023,17-11-2023,,Jal Nigam,road,
KE09936,Ernakulam Constituency,Ernakulam,Kerala,750000,0,1198817.37,recommended,545,2023-12-15,2025-06-12,,Jal Nigam,sanitation,
MA09556,Pune Constituency,Pune,Maharashtra,750000,750000.0,614778.66,completed,365,06-11-2023,2024-11-05,2024-10-28,Zilla Parishad,sanitation,100.0
BI09528,Muzaffarpur Constituency,Muzaffarpur,Bihar,300000,300000.0,191093.41,ongoing,90,12-04-2024,2024-07-11,,Jal Nigam,irrigation,65.7
RA10263,Jodhpur Constituency,Jodhpur,Rajasthan,750000,375000.0,169130.86,sanctioned,730,2023-10-18,17-10-2025,,Rural Dev Dept,irrigation,
WE09546,Kolkata Constituency,Kolkata,West Bengal,750000,750000.0,435501.86,sanctioned,365,2023-11-10,09-11-2024,,Jal Nigam,sanitation,
UT10350,Lucknow Constituency,Lucknow,Uttar Pradesh,750000,375000.0,1299533.38,sanctioned,90,04-05-2023,2023-08-02,,Zilla Parishad,community hall,
KE09979,Kozhikode Constituency,Kozhikode,Kerala,1000000,0,0,recommended,90,2023-11-12,2024-02-10,,Zilla Parishad,electricity,
AN10707,Visakhapatnam Constituency, Visakhapatnam,Andhra Pradesh,500000,500000.0,318563.78,ongoing,90,2024-07-27,2024-10-25,,Rural Dev Dept,road,72.7
TA09199,Coimbatore Constituency,Coimbatore,Tamil Nadu,500000,250000.0,218017.23,sanctioned,365,2023-01-13,2024-01-13,,PWD,road,
AN09754,Krishna Constituency,Krishna,Andhra Pradesh,750000,750000.0,488232.31,ongoing,365,27-03-2023,2024-03-26,,Zilla Parishad,drinking water,60.2
UT09339,Kanpur Nagar Constituency,Kanpur Nagar,Uttar Pradesh,1000000,1000000.0,571670.18,stalled,730,2023-05-07,2025-05-06,,Jal Nigam,irrigation,90.8
KA09162,Belagavi Constituency,Belagavi,Karnataka,500000,,365450.77,SANCTIONED,270,2023-08-20,16-05-2024,,Zilla Parishad,sanitation,
RA10732,Jaipur Constituency,Jaipur,Rajasthan,1500000,1500000.0,1541487.76,SANCTIONED,180,04-02-2024,2024-08-02,,Jal Nigam,community hall,
KA09368,Bengaluru Urban Constituency,Bengaluru Urban,Karnataka,1500000,750000.0,484591.71,stalled,90,2023-12-05,04-03-2024,,Rural Dev Dept,drinking water,21.0
BI09050,Gaya Constituency,Gaya,Bihar,1000000,1000000.0,755822.74,sanctioned,365,2024-01-22,2025-01-21,,Rural Dev Dept,community hall,
MA10362,Nagpur Constituency,Nagpur,Maharashtra,200000,0,0,RECOMMENDED,90,2023-06-27,2023-09-25,,PWD,school,
UT09439,Kanpur Nagar Constituency,Kanpur Nagar,Uttar Pradesh,750000,750000.0,656064.07,stalled,365,30-07-2023,2024-07-29,,PWD,drinking water,69.7
AN09536,Visakhapatnam Constituency,Visakhapatnam,Andhra Pradesh,500000,250000.0,123281.6,completed,180,28-10-2024,2025-04-26,24-10-2025,PWD,school,100.0
KA10264,Bengaluru Urban Constituency,Bengaluru Urban,Karnataka,500000,250000.0,171760.09,ongoing,365,14-02-2024,2025-02-13,,Zilla Parishad,electricity,52.7
UT09913,Kanpur Nagar Constituency,Kanpur Nagar,Uttar Pradesh,1500000,750000.0,407112.01,completed,545,2023-01-28,2024-07-26,2024-11-11,Rural Dev Dept,school,100.0
TA10240,Coimbatore Constituency,Coimbatore,Tamil Nadu,500000,500000.0,445527.65, stalled ,90,2024-07-19,2024-10-17,,Jal Nigam,drinking water,23.3
RA10564,Jodhpur Constituency,Jodhpur,Rajasthan,750000,750000.0,1271642.21,SANCTIONED,270,22-04-2024,17-01-2025,,Rural Dev Dept,electricity,
BI09902,Gaya Constituency,Gaya,Bihar,300000,300000.0,145800.73,sanctioned,365,2024-08-18,2025-08-18,,Zilla Parishad,school,
AN09182,Visakhapatnam Constituency,Visakhapatnam,Andhra Pradesh,200000,,119017.08,ongoing,90,27-02-2023,2023-05-28,,Jal Nigam,electricity,25.8
MA10695,Pune Constituency,Pune,Maharashtra,1500000,750000.0,534263.76,sanctioned,545,2024-04-18,2025-10-15,,PWD,community hall,
KE10376,Ernakulam Constituency,Ernakulam,Kerala,200000,200000.0,83672.44,sanctioned,545,2023-07-22,2025-01-17,,Jal Nigam,school,
RA09175,Jaipur Constituency,Jaipur,Rajasthan,750000,375000.0,290460.43,SANCTIONED,270,2024-01-02,2024-09-28,,PWD,sanitation,
BI10312,Muzaffarpur Constituency,Muzaffarpur,Bihar,1000000,1000000.0,811743.69,completed,730,2024-10-07,07-10-2026,2027-04-16,Rural Dev Dept,road,100.0
RA10594,Jodhpur Constituency,Jodhpur,Rajasthan,1000000,1000000.0,1349289.56,stalled,365,2024-07-05,2025-07-05,,Rural Dev Dept,school,52.8
RA10110,Jaipur Constituency,Jaipur,Rajasthan,200000,200000.0,108657.8,stalled,90,07-03-2024,05-06-2024,,Rural Dev Dept,sanitation,77.8
KA10170,Bengaluru Urban Constituency,Bengaluru Urban,Karnataka,1000000,0,0,RECOMMENDED,90,2024-05-17,2024-08-15,,Rural Dev Dept,irrigation,
KE10624,Ernakulam Constituency,Ernakulam,Kerala,1500000,750000.0,743778.32, sanctioned ,90,2024-08-10,2024-11-08,,Jal Nigam,drinking water,
BI10603,Patna Constituency,Patna,Bihar,750000,375000.0,248457.43,stalled,90,2024-07-14,2024-10-12,,PWD,drinking water,18.5
BI10771,Muzaffarpur Constituency,Muzaffarpur,Bihar,1500000,1500000.0,930091.59,ongoing,365,2023-07-10,2024-07-09,,Rural Dev Dept,drinking water,81.2
KE09682,Ernakulam Constituency,Ernakulam,Kerala,1000000,0,1503594.12,recommended,365,2024-07-15,15-07-2025,,PWD,electricity,
AN10530,Krishna Constituency,,Andhra Pradesh,1500000,,0,recommended,730,2023-12-29,28-12-2025,,Zilla Parishad,irrigation,
TA10698,Coimbatore Constituency,Coimbatore,Tamil Nadu,200000,0,0, recommended ,180,08-02-2023,2023-08-07,,PWD,road,
BI10033,Patna Constituency,Patna,Bihar,200000,100000.0,89811.06,sanctioned,180,2024-10-05,03-04-2025,,Zilla Parishad,sanitation,
KE10621,Kozhikode Constituency,Kozhikode,Kerala,300000,300000.0,190871.45,ongoing,180,2024-01-22,2024-07-20,,Zilla Parishad,community hall,41.2
TA10662,Madurai Constituency,Madurai,Tamil Nadu,200000,200000.0,182677.14,completed,90,2024-04-23,2024-07-22,16-08-2024,Zilla Parishad,irrigation,100.0
TA09420,Madurai Constituency,Madurai,Tamil Nadu,750000,750000.0,746510.27,ongoing,270,2023-09-27,2024-06-23,,Rural Dev Dept,community hall,48.3
KE10370,Ernakulam Constituency,Ernakulam,Kerala,1000000,1000000.0,814854.61,COMPLETED,180,08-08-2023,2024-02-04,06-01-2024,Zilla Parishad,sanitation,100.0
UT10538,Lucknow Constituency,,Uttar Pradesh,2000000,1000000.0,952809.34,sanctioned,730,2023-05-11,2025-05-10,,Rural Dev Dept,school,
KA09324,Mysuru Constituency,Mysuru,Karnataka,200000,200000.0,131845.79,STALLED,730,2024-09-05,2026-09-05,,Rural Dev Dept,community hall,23.2
KA10641,Bengaluru Urban Constituency,Bengaluru Urban,Karnataka,1000000,1000000.0,1124523.49,sanctioned,180,2023-09-11,09-03-2024,,PWD,drinking water,
AN09104,Guntur Constituency,Guntur,Andhra Pradesh,1500000,1500000.0,882665.86,completed,270,2023-11-18,2024-08-14,2024-09-19,Zilla Parishad,electricity,100.0
UT10439,Kanpur Nagar Constituency,Kanpur Nagar,Uttar Pradesh,300000,0,0,RECOMMENDED,365,2023-06-28,2024-06-27,,Rural Dev Dept,road,
KA09024,Belagavi Constituency,Belagavi,Karnataka,500000,500000.0,365894.63,sanctioned,545,2023-04-02,2024-09-28,,Rural Dev Dept,road,
RA10222,Jaipur Constituency, Jaipur,Rajasthan,1000000,1000000.0,1223019.36,stalled,730,11-05-2024,2026-05-11,,Zilla Parishad,drinking water,29.8
BI09525,Muzaffarpur Constituency,Muzaffarpur,Bihar,500000,500000.0,231372.98,completed,730,2024-01-14,2026-01-13,2026-06-04,PWD,road,100.0
KE10634,Kozhikode Constituency,Kozhikode,Kerala,1000000,1000000.0,789871.0,sanctioned,90,2024-04-07,2024-07-06,,Zilla Parishad,road,
TA09011,Madurai Constituency,Madurai,Tamil Nadu,750000,750000.0,947760.27, sanctioned ,180,2024-01-21,19-07-2024,,Jal Nigam,school,
KE10550,Kozhikode Constituency,,Kerala,750000,375000.0,179293.91, stalled ,365,29-11-2024,2025-11-29,,Jal Nigam,road,11.4
TA10443,Coimbatore Constituency,Coimbatore,Tamil Nadu,2000000,1000000.0,815121.58,completed,545,27-08-2023,2025-02-22,19-02-2025,PWD,road,100.0
TA09549,Madurai Constituency,Madurai,Tamil Nadu,750000,0,0,recommended,180,22-08-2023,2024-02-18,,Zilla Parishad,road,
TA09099,Coimbatore Constituency,Coimbatore,Tamil Nadu,200000,100000.0,68647.07,sanctioned,270,2024-06-21,2025-03-18,,PWD,school,
AN09689,Krishna Constituency,Krishna,Andhra Pradesh,500000,0,670681.11,recommended,365,2024-08-16,16-08-2025,,PWD,drinking water,
TA10064,Madurai Constituency,Madurai,Tamil Nadu,1500000,1500000.0,1243291.94,SANCTIONED,270,28-06-2024,2025-03-25,,PWD,drinking water,
KE09452,Kozhikode Constituency,Kozhikode,Kerala,500000,250000.0,129960.27,SANCTIONED,730,2023-11-22,21-11-2025,,PWD,drinking water,
BI09993,Patna Constituency,Patna,Bihar,200000,,136985.39,stalled,365,2024-07-06,2025-07-06,,Jal Nigam,sanitation,52.7
WE10748,Kolkata Constituency,Kolkata,West Bengal,2000000,1000000.0,535390.47, sanctioned ,365,2023-01-28,2024-01-28,,Jal Nigam,community hall,
KA09808,Belagavi Constituency,Belagavi,Karnataka,300000,150000.0,73277.0,sanctioned,180,20-11-2023,18-05-2024,,Rural Dev Dept,sanitation,
TA10113,Chennai Constituency,Chennai,Tamil Nadu,1500000,0,0,recommended,270,2024-03-14,2024-12-09,,Jal Nigam,road,
KA10079,Belagavi Constituency,Belagavi,Karnataka,1500000,,872018.6, sanctioned ,365,2023-06-11,2024-06-10,,Zilla Parishad,irrigation,
AN10279,Visakhapatnam Constituency,Visakhapatnam,Andhra Pradesh,300000,0,0,recommended,545,2023-10-17,14-04-2025,,Jal Nigam,drinking water,
BI09355,Gaya Constituency, Gaya,Bihar,300000,150000.0,420137.12,STALLED,180,2023-06-13,2023-12-10,,PWD,drinking water,31.2
BI10174,Patna Constituency,Patna,Bihar,1500000,1500000.0,800354.06,ongoing,90,22-11-2024,2025-02-20,,Zilla Parishad,road,45.3
KA10553,Bengaluru Urban Constituency,Bengaluru Urban,Karnataka,1500000,750000.0,520341.27,completed,365,2023-10-13,2024-10-12,2024-09-21,Jal Nigam,community hall,100.0
KE10286,Ernakulam Constituency,Ernakulam,Kerala,300000,300000.0,168195.73,ongoing,730,07-03-2023,2025-03-06,,Jal Nigam,community hall,43.4
KE10361,Kozhikode Constituency,Kozhikode,Kerala,300000,300000.0,287972.4,sanctioned,90,2024-01-01,31-03-2024,,Jal Nigam,irrigation,
WE09457,Kolkata Constituency,Kolkata,West Bengal,2000000,2000000.0,1011345.42,STALLED,270,2024-04-22,17-01-2025,,Jal Nigam,drinking water,94.9
WE09705,Kolkata Constituency, Kolkata,West Bengal,750000,0,0,recommended,90,2024-01-16,15-04-2024,,Jal Nigam,electricity,
WE10076,Kolkata Constituency,Kolkata,West Bengal,1500000,1500000.0,640016.76,stalled,180,2024-03-15,2024-09-11,,Jal Nigam,sanitation,17.2
BI09168,Patna Constituency,Patna,Bihar,500000,500000.0,389845.26,ongoing,365,2024-11-12,12-11-2025,,Rural Dev Dept,school,49.0
BI10518,Patna Constituency,,Bihar,500000,500000.0,218205.27,sanctioned,365,2024-01-09,2025-01-08,,Zilla Parishad,electricity,
WE10164,Kolkata Constituency,Kolkata,West Bengal,300000,0,0,recommended,545,17-07-2024,2026-01-13,,Rural Dev Dept,drinking water,
TA10572,Chennai Constituency,Chennai,Tamil Nadu,500000,250000.0,232960.1,completed,270,2024-02-10,2024-11-06,13-10-2024,Rural Dev Dept,electricity,100.0
UT10432,Kanpur Nagar Constituency,Kanpur Nagar,Uttar Pradesh,750000,750000.0,469886.69,completed,545,2024-03-18,14-09-2025,2025-09-06,PWD,electricity,100.0
BI10671,Patna Constituency,Patna,Bihar,500000,500000.0,778191.3,stalled,90,2023-09-28,2023-12-27,,Zilla Parishad,electricity,77.6
UT09461,Lucknow Constituency,Lucknow,Uttar Pradesh,750000,0,0,recommended,90,10-08-2024,08-11-2024,,Rural Dev Dept,school,
UT10100,Kanpur Nagar Constituency,Kanpur Nagar,Uttar Pradesh,1000000,0,1291558.79,recommended,180,2024-08-30,2025-02-26,,PWD,irrigation,
BI10763,Patna Constituency,Patna,Bihar,300000,150000.0,99396.08, completed ,90,2023-07-31,2023-10-29,2023-11-18,Rural Dev Dept,school,100.0
KA10192,Mysuru Constituency,Mysuru,Karnataka,500000,0,609833.13, recommended ,365,2023-01-03,2024-01-03,,Jal Nigam,drinking water,
TA10343,Madurai Constituency,Madurai,Tamil Nadu,500000,0,0, recommended ,545,31-05-2024,27-11-2025,,Zilla Parishad,community hall,
TA09346,Madurai Constituency,Madurai,Tamil Nadu,300000,150000.0,96506.56, ongoing ,90,2024-06-15,2024-09-13,,Zilla Parishad,road,76.8
UT10535,Varanasi Constituency,,Uttar Pradesh,750000,750000.0,749933.31,sanctioned,90,2023-03-16,2023-06-14,,Zilla Parishad,community hall,
MA10579,Nagpur Constituency,Nagpur,Maharashtra,200000,0,0,recommended,545,2024-05-26,22-11-2025,,Zilla Parishad,drinking water,
RA10406,Jaipur Constituency,Jaipur,Rajasthan,1000000,500000.0,491702.15,sanctioned,180,2024-07-23,2025-01-19,,Jal Nigam,school,
WE09613,Kolkata Constituency,Kolkata,West Bengal,300000,0,0, recommended ,365,2024-10-24,24-10-2025,,Zilla Parishad,school,
RA09992,Jaipur Constituency,Jaipur,Rajasthan,200000,200000.0,183085.05,stalled,270,05-03-2024,2024-11-30,,PWD,electricity,54.0
MA10057,Nagpur Constituency,Nagpur,Maharashtra,500000,250000.0,166257.15,stalled,730,2023-05-25,2025-05-24,,Zilla Parishad,community hall,60.0
KE09044,Ernakulam Constituency,Ernakulam,Kerala,1000000,0,0,recommended,730,2023-02-05,04-02-2025,,Zilla Parishad,drinking water,
TA09059,Chennai Constituency,Chennai,Tamil Nadu,1000000,0,0,recommended,365,2024-11-22,2025-11-22,,Zilla Parishad,sanitation,
KA10584,Bengaluru Urban Constituency,Bengaluru Urban,Karnataka,1000000,500000.0,759462.54,completed,270,22-08-2023,2024-05-18,2024-10-29,Zilla Parishad,sanitation,100.0
RA09212,Jodhpur Constituency,Jodhpur,Rajasthan,300000,300000.0,225050.39,sanctioned,270,2023-07-12,2024-04-07,,Zilla Parishad,road,
UT10527,Varanasi Constituency,,Uttar Pradesh,750000,750000.0,609192.29, stalled ,180,22-10-2024,2025-04-20,,Zilla Parishad,school,46.6
BI09814,Gaya Constituency,Gaya,Bihar,750000,0,0, recommended ,180,2023-04-24,21-10-2023,,Rural Dev Dept,road,
UT10534,Lucknow Constituency,,Uttar Pradesh,300000,150000.0,104730.74,ONGOING,365,2024-05-18,2025-05-18,,Jal Nigam,community hall,29.1
AN10600,Guntur Constituency,Guntur,Andhra Pradesh,300000,150000.0,446788.53,completed,180,2024-02-29,2024-08-27,17-12-2024,Jal Nigam,sanitation,100.0
MA10683,Nagpur Constituency,Nagpur,Maharashtra,1000000,1000000.0,2069379.67,stalled,90,06-03-2023,2023-06-04,,Zilla Parishad,sanitation,59.4
KE10372,Kozhikode Constituency,Kozhikode,Kerala,300000,0,444172.01,RECOMMENDED,545,2023-02-05,2024-08-03,,Zilla Parishad,irrigation,
TA10673,Chennai Constituency,Chennai,Tamil Nadu,300000,300000.0,198399.23,completed,545,2023-08-14,09-02-2025,2025-03-10,Rural Dev Dept,irrigation,100.0
BI10548,Muzaffarpur Constituency,,Bihar,1000000,500000.0,367766.9, sanctioned ,270,2024-02-17,13-11-2024,,Rural Dev Dept,drinking water,
WE10461,Kolkata Constituency,Kolkata,West Bengal,200000,100000.0,78012.41,sanctioned,365,2023-08-07,2024-08-06,,Zilla Parishad,irrigation,
AN10401,Krishna Constituency, Krishna,Andhra Pradesh,500000,500000.0,304273.19,ongoing,270,2023-05-14,2024-02-08,,Zilla Parishad,sanitation,87.3
KE10753,Kozhikode Constituency,Kozhikode,Kerala,1500000,750000.0,4634182.35,ONGOING,90,10-07-2024,2024-10-08,,Jal Nigam,irrigation,20.3
AN10087,Visakhapatnam Constituency,Visakhapatnam,Andhra Pradesh,300000,150000.0,92359.11,stalled,545,2024-10-23,2026-04-21,,PWD,school,43.6
AN09688,Krishna Constituency,Krishna,Andhra Pradesh,750000,750000.0,362850.22,sanctioned,180,2023-10-01,2024-03-29,,PWD,sanitation,
AN09293,Guntur Constituency,Guntur,Andhra Pradesh,500000,500000.0,790594.07, sanctioned ,365,2023-05-26,25-05-2024,,Rural Dev Dept,road,
BI10119,Muzaffarpur Constituency,Muzaffarpur,Bihar,200000,200000.0,101804.35,sanctioned,270,02-07-2023,28-03-2024,,Rural Dev Dept,electricity,
AN10101,Guntur Constituency,Guntur,Andhra Pradesh,750000,375000.0,310552.26, completed ,180,2023-04-19,2023-10-16,2023-11-01,Jal Nigam,electricity,100.0
KA10027,Bengaluru Urban Constituency,Bengaluru Urban,Karnataka,2000000,2000000.0,801587.1,completed,180,2023-08-10,2024-02-06,18-05-2024,PWD,school,100.0
BI09822,Muzaffarpur Constituency,Muzaffarpur,Bihar,750000,750000.0,347756.19,stalled,365,2024-08-07,2025-08-07,,PWD,sanitation,25.4
KA10552,Belagavi Constituency,Belagavi,Karnataka,750000,0,1000.0,RECOMMENDED,545,2023-10-04,2025-04-01,,PWD,irrigation,
TA09370,Chennai Constituency, Chennai,Tamil Nadu,300000,,284367.34,completed,270,2024-01-30,26-10-2024,2025-04-20,PWD,electricity,100.0
KA10270,Mysuru Constituency,Mysuru,Karnataka,750000,375000.0,368470.69,ongoing,270,2024-10-27,2025-07-24,,Rural Dev Dept,community hall,64.4
UT10719,Lucknow Constituency,Lucknow,Uttar Pradesh,2000000,1000000.0,427108.76,stalled,270,2023-01-16,13-10-2023,,Zilla Parishad,sanitation,89.4
UT10455,Varanasi Constituency, Varanasi,Uttar Pradesh,500000,250000.0,143441.76,completed,545,2024-02-15,13-08-2025,2025-09-22,Zilla Parishad,drinking water,100.0
BI10604,Muzaffarpur Constituency,Muzaffarpur,Bihar,750000,,158561.92,sanctioned,90,2023-05-04,2023-08-02,,Rural Dev Dept,electricity,
RA09573,Jaipur Constituency,Jaipur,Rajasthan,1500000,750000.0,317717.66, sanctioned ,545,03-05-2024,30-10-2025,,Rural Dev Dept,electricity,
KE10137,Kozhikode Constituency,Kozhikode,Kerala,200000,200000.0,104809.23,completed,365,23-11-2023,22-11-2024,2024-11-14,Rural Dev Dept,school,100.0
AN09349,Krishna Constituency,Krishna,Andhra Pradesh,300000,,434880.98, sanctioned ,180,2023-09-30,2024-03-28,,Rural Dev Dept,irrigation,
UT10141,Kanpur Nagar Constituency,Kanpur Nagar,Uttar Pradesh,2000000,2000000.0,1481937.99,COMPLETED,270,2023-11-13,2024-08-09,06-12-2024,Rural Dev Dept,drinking water,100.0
MA10025,Nagpur Constituency,Nagpur,Maharashtra,300000,300000.0,194097.06,ONGOING,545,2023-01-25,23-07-2024,,Rural Dev Dept,electricity,63.2
BI10663,Patna Constituency,Patna,Bihar,2000000,2000000.0,935984.8,stalled,90,31-10-2023,29-01-2024,,Zilla Parishad,school,90.3
BI09263,Muzaffarpur Constituency,Muzaffarpur,Bihar,500000,250000.0,857302.34,stalled,545,2023-12-07,2025-06-04,,Zilla Parishad,irrigation,28.4
RA09594,Jodhpur Constituency,Jodhpur,Rajasthan,750000,750000.0,1222155.55,ongoing,730,2023-08-11,10-08-2025,,Zilla Parishad,sanitation,35.8
TA09547,Madurai Constituency,Madurai,Tamil Nadu,1000000,1000000.0,1787858.91, completed ,90,2024-03-10,08-06-2024,2024-09-22,Zilla Parishad,school,100.0
AN10308,Guntur Constituency, Guntur,Andhra Pradesh,300000,300000.0,196597.09,ongoing,90,26-01-2024,2024-04-25,,Jal Nigam,community hall,53.2
TA10066,Coimbatore Constituency,Coimbatore,Tamil Nadu,300000,0,0,recommended,90,2023-12-30,29-03-2024,,Rural Dev Dept,sanitation,
BI09350,Muzaffarpur Constituency,Muzaffarpur,Bihar,1000000,1000000.0,892078.88,COMPLETED,90,2024-05-23,2024-08-21,2024-11-12,PWD,road,100.0
TA09731,Madurai Constituency,Madurai,Tamil Nadu,300000,150000.0,483248.61,ongoing,90,06-11-2024,2025-02-04,,Jal Nigam,road,48.0
KA09678,Belagavi Constituency,Belagavi,Karnataka,750000,750000.0,314795.43,sanctioned,545,2024-04-27,2025-10-24,,Jal Nigam,irrigation,
AN10093,Krishna Constituency,Krishna,Andhra Pradesh,1000000,1000000.0,809204.15,stalled,545,2023-10-03,2025-03-31,,Jal Nigam,drinking water,78.4
AN10515,Krishna Constituency,,Andhra Pradesh,500000,500000.0,366535.71, sanctioned ,730,2024-08-27,27-08-2026,,PWD,irrigation,
KA09860,Bengaluru Urban Constituency,Bengaluru Urban,Karnataka,2000000,2000000.0,1639723.29,completed,180,2023-08-07,2024-02-03,2024-06-11,Jal Nigam,school,100.0
BI10700,Muzaffarpur Constituency,Muzaffarpur,Bihar,1000000,0,2629291.83,recommended,365,2023-09-11,10-09-2024,,PWD,irrigation,
WE09674,Kolkata Constituency, Kolkata,West Bengal,500000,500000.0,723444.2,completed,365,18-08-2023,2024-08-17,2024-09-12,Zilla Parishad,community hall,100.0
BI10272,Muzaffarpur Constituency,Muzaffarpur,Bihar,200000,0,0,RECOMMENDED,545,2024-01-12,2025-07-10,,Zilla Parishad,sanitation,
RA09195,Jodhpur Constituency,Jodhpur,Rajasthan,1000000,1000000.0,754937.7,ONGOING,90,2024-10-09,2025-01-07,,Zilla Parishad,road,51.6
KA10754,Belagavi Constituency, Belagavi,Karnataka,1500000,750000.0,3849973.68,sanctioned,90,2023-10-19,17-01-2024,,Zilla Parishad,sanitation,
BI10467,Patna Constituency,Patna,Bihar,500000,500000.0,382151.52,completed,270,2023-01-11,08-10-2023,2023-10-12,Rural Dev Dept,sanitation,100.0
WE10363,Howrah Constituency,Howrah,West Bengal,2000000,2000000.0,1994527.97,sanctioned,545,07-06-2023,2024-12-03,,PWD,electricity,
KE10520,Ernakulam Constituency,,Kerala,2000000,,768353.08,stalled,730,2023-01-18,17-01-2025,,PWD,electricity,82.6
KA09999,Belagavi Constituency,Belagavi,Karnataka,200000,200000.0,173499.65,sanctioned,270,2023-11-19,15-08-2024,,PWD,sanitation,
TA09819,Madurai Constituency,Madurai,Tamil Nadu,300000,300000.0,440314.09,completed,90,17-07-2023,2023-10-15,2023-12-21,Jal Nigam,drinking water,100.0
KA09890,Bengaluru Urban Constituency,Bengaluru Urban,Karnataka,750000,750000.0,740755.53,ongoing,270,2023-12-23,2024-09-18,,PWD,electricity,19.4
UT10356,Lucknow Constituency,Lucknow,Uttar Pradesh,300000,150000.0,123140.61, completed ,545,2023-06-14,10-12-2024,13-06-2025,PWD,school,100.0
UT10011,Lucknow Constituency,Lucknow,Uttar Pradesh,1500000,750000.0,664628.2, sanctioned ,545,2024-03-26,2025-09-22,,Zilla Parishad,school,
RA10718,Jaipur Constituency,Jaipur,Rajasthan,1000000,1000000.0,1586564.67,stalled,180,2024-08-07,2025-02-03,,Rural Dev Dept,irrigation,10.9
WE09767,Kolkata Constituency,Kolkata,West Bengal,1500000,1500000.0,2528209.75,stalled,270,2023-12-26,21-09-2024,,Rural Dev Dept,electricity,53.1
KE09411,Ernakulam Constituency,Ernakulam,Kerala,1500000,1500000.0,1172664.08,ongoing,365,05-09-2023,04-09-2024,,Rural Dev Dept,sanitation,42.8
KA09531,Belagavi Constituency,Belagavi,Karnataka,1000000,500000.0,485054.84,ongoing,730,13-03-2024,2026-03-13,,Jal Nigam,drinking water,90.3
WE10690,Howrah Constituency,Howrah,West Bengal,750000,0,0,recommended,365,2024-05-28,2025-05-28,,Zilla Parishad,community hall,
MA09116,Pune Constituency,Pune,Maharashtra,2000000,2000000.0,3255795.17,stalled,365,10-02-2024,09-02-2025,,Zilla Parishad,electricity,40.6
TA10714,Chennai Constituency,Chennai,Tamil Nadu,1000000,1000000.0,844635.79,STALLED,545,2024-08-13,2026-02-09,,PWD,drinking water,21.3
WE09630,Howrah Constituency,Howrah,West Bengal,500000,0,0,recommended,730,2024-11-13,2026-11-13,,Zilla Parishad,irrigation,
RA09223,Jodhpur Constituency,Jodhpur,Rajasthan,2000000,,718884.78,ONGOING,270,2023-11-23,2024-08-19,,PWD,road,23.2
BI09006,Patna Constituency,Patna,Bihar,1500000,1500000.0,1202778.54,completed,365,2024-07-12,2025-07-12,15-08-2025,Rural Dev Dept,road,100.0
UT10099,Lucknow Constituency,Lucknow,Uttar Pradesh,2000000,0,2872676.42,RECOMMENDED,90,10-07-2024,2024-10-08,,Rural Dev Dept,road,
AN10347,Guntur Constituency,Guntur,Andhra Pradesh,1000000,0,0,recommended,545,2024-02-01,30-07-2025,,Zilla Parishad,electricity,
TA10062,Coimbatore Constituency,Coimbatore,Tamil Nadu,750000,750000.0,1300835.25,COMPLETED,545,05-12-2023,2025-06-02,23-07-2025,PWD,road,100.0
WE10578,Kolkata Constituency,Kolkata,West Bengal,500000,500000.0,1226260.0, ongoing ,180,05-10-2024,2025-04-03,,PWD,school,54.8
UT09958,Kanpur Nagar Constituency,Kanpur Nagar,Uttar Pradesh,1500000,1500000.0,1319909.45,sanctioned,545,2023-10-01,29-03-2025,,Zilla Parishad,school,
KE10613,Ernakulam Constituency,Ernakulam,Kerala,300000,150000.0,221508.55,stalled,365,2023-07-04,2024-07-03,,Zilla Parishad,irrigation,51.8
UT10484,Kanpur Nagar Constituency,Kanpur Nagar,Uttar Pradesh,500000,0,0,recommended,730,2023-07-08,2025-07-07,,Zilla Parishad,electricity,
BI10290,Muzaffarpur Constituency,Muzaffarpur,Bihar,750000,0,0,recommended,730,2024-06-09,09-06-2026,,Zilla Parishad,sanitation,
MA09886,Nagpur Constituency,Nagpur,Maharashtra,500000,250000.0,230288.12,stalled,270,2023-05-16,10-02-2024,,Jal Nigam,community hall,37.5
UT10667,Varanasi Constituency,Varanasi,Uttar Pradesh,1000000,500000.0,467616.97,sanctioned,180,2024-06-19,2024-12-16,,PWD,community hall,
TA09563,Madurai Constituency,Madurai,Tamil Nadu,1000000,1000000.0,427664.9,sanctioned,730,2024-05-30,2026-05-30,,PWD,drinking water,
UT10028,Lucknow Constituency, Lucknow,Uttar Pradesh,200000,200000.0,134988.48,ongoing,365,14-01-2023,14-01-2024,,Jal Nigam,electricity,36.6
TA10588,Coimbatore Constituency,Coimbatore,Tamil Nadu,750000,750000.0,325657.34,sanctioned,365,2023-06-11,10-06-2024,,Jal Nigam,electricity,
TA09117,Coimbatore Constituency,Coimbatore,Tamil Nadu,750000,375000.0,352055.65,ongoing,730,10-06-2023,2025-06-09,,Jal Nigam,road,63.4
MA09583,Pune Constituency,Pune,Maharashtra,200000,200000.0,162434.21, ongoing ,365,2023-09-06,2024-09-05,,Rural Dev Dept,road,83.7
KA10531,Bengaluru Urban Constituency,,Karnataka,200000,100000.0,92950.89,ONGOING,90,2024-10-09,07-01-2025,,Jal Nigam,electricity,62.6
KE09994,Kozhikode Constituency,Kozhikode,Kerala,200000,200000.0,116723.98,STALLED,180,2023-10-26,23-04-2024,,PWD,drinking water,83.1
AN10728,Visakhapatnam Constituency,Visakhapatnam,Andhra Pradesh,1000000,500000.0,320433.35,completed,545,24-09-2023,2025-03-22,2025-03-17,Jal Nigam,sanitation,100.0
KE09513,Ernakulam Constituency,Ernakulam,Kerala,300000,300000.0,294462.93,stalled,365,2024-04-18,2025-04-18,,Zilla Parishad,electricity,56.1
UT10206,Varanasi Constituency,Varanasi,Uttar Pradesh,1500000,750000.0,509206.05, sanctioned ,90,15-08-2024,2024-11-13,,PWD,drinking water,
MA10761,Nagpur Constituency,Nagpur,Maharashtra,300000,,330888.63,stalled,545,01-08-2024,2026-01-28,,Rural Dev Dept,sanitation,44.6
BI10768,Gaya Constituency, Gaya,Bihar,750000,750000.0,1030368.33,ongoing,545,2024-09-18,17-03-2026,,Zilla Parishad,road,59.0
TA10622,Chennai Constituency,Chennai,Tamil Nadu,500000,0,1000.0,recommended,270,2024-08-04,01-05-2025,,Zilla Parishad,school,
AN10445,Guntur Constituency,Guntur,Andhra Pradesh,1000000,1000000.0,479204.33,completed,180,2023-10-23,2024-04-20,2024-05-09,Zilla Parishad,sanitation,100.0
KA10489,Bengaluru Urban Constituency,Bengaluru Urban,Karnataka,1500000,750000.0,681400.14,sanctioned,270,2024-03-22,2024-12-17,,PWD,sanitation,
WE10236,Kolkata Constituency,Kolkata,West Bengal,1000000,0,0,recommended,730,2024-03-06,2026-03-06,,Zilla Parishad,electricity,
BI10700,Muzaffarpur Constituency,Muzaffarpur,Bihar,1000000,0,1798448.76,recommended,365,2023-09-11,10-09-2024,,PWD,irrigation,
KA09093,Mysuru Constituency,Mysuru,Karnataka,1500000,1500000.0,767966.49,ongoing,90,2023-07-19,2023-10-17,,Rural Dev Dept,electricity,49.1
UT09605,Varanasi Constituency,Varanasi,Uttar Pradesh,1000000,500000.0,1603457.77, ongoing ,270,29-12-2023,2024-09-24,,Rural Dev Dept,irrigation,18.6
TA09408,Madurai Constituency,Madurai,Tamil Nadu,1000000,500000.0,356211.48, sanctioned ,180,04-05-2024,2024-10-31,,Jal Nigam,drinking water,
UT09157,Varanasi Constituency,Varanasi,Uttar Pradesh,2000000,2000000.0,3140485.92,stalled,90,2024-03-10,2024-06-08,,Rural Dev Dept,sanitation,22.1
BI10067,Patna Constituency,Patna,Bihar,300000,0,0,recommended,270,2023-04-29,2024-01-24,,PWD,electricity,
KE10704,Ernakulam Constituency,Ernakulam,Kerala,300000,300000.0,161963.22, sanctioned ,545,2024-03-16,12-09-2025,,Zilla Parishad,school,
UT10715,Varanasi Constituency,Varanasi,Uttar Pradesh,1500000,1500000.0,1124686.36, completed ,730,01-09-2023,2025-08-31,2025-10-30,Jal Nigam,drinking water,100.0
KE10637,Ernakulam Constituency,Ernakulam,Kerala,750000,0,1000.0,RECOMMENDED,90,03-10-2024,2025-01-01,,Zilla Parishad,road,
KA09206,Bengaluru Urban Constituency,Bengaluru Urban,Karnataka,1500000,1500000.0,749063.67, ongoing ,90,2024-04-27,2024-07-26,,PWD,drinking water,84.8
BI10497,Patna Constituency,Patna,Bihar,300000,300000.0,165733.51,completed,545,2024-05-28,2025-11-24,2026-01-08,Jal Nigam,sanitation,100.0
KA10117,Belagavi Constituency,Belagavi,Karnataka,750000,0,1147034.35,recommended,730,2023-07-20,2025-07-19,,Zilla Parishad,school,
WE10310,Kolkata Constituency,Kolkata,West Bengal,1000000,500000.0,1752257.66,sanctioned,90,2023-03-04,02-06-2023,,Rural Dev Dept,school,
RA09937,Jaipur Constituency,Jaipur,Rajasthan,750000,375000.0,258942.48, sanctioned ,545,2024-09-23,22-03-2026,,Rural Dev Dept,community hall,
RA10599,Jodhpur Constituency,Jodhpur,Rajasthan,200000,200000.0,123594.01,COMPLETED,365,31-01-2023,31-01-2024,23-07-2024,Rural Dev Dept,road,100.0
WE09756,Kolkata Constituency,Kolkata,West Bengal,300000,150000.0,111974.8, completed ,270,2024-04-05,31-12-2024,2025-04-05,Jal Nigam,community hall,100.0
TA09954,Chennai Constituency,Chennai,Tamil Nadu,1500000,750000.0,568400.67, sanctioned ,730,2023-07-21,2025-07-20,,Rural Dev Dept,drinking water,
WE09264,Kolkata Constituency,Kolkata,West Bengal,1000000,500000.0,406084.26,ongoing,545,2024-07-02,2025-12-29,,Zilla Parishad,drinking water,50.8
AN09859,Visakhapatnam Constituency,Visakhapatnam,Andhra Pradesh,200000,100000.0,97220.11,ONGOING,90,2024-05-27,2024-08-25,,Zilla Parishad,sanitation,91.4
TA10703,Madurai Constituency,Madurai,Tamil Nadu,750000,750000.0,610530.82,stalled,365,2023-08-29,2024-08-28,,Jal Nigam,community hall,37.9
MA10689,Pune Constituency,Pune,Maharashtra,200000,200000.0,555133.6, ongoing ,730,27-11-2023,2025-11-26,,Rural Dev Dept,sanitation,84.5
MA10120,Nagpur Constituency, Nagpur,Maharashtra,2000000,0,0,recommended,90,17-08-2024,2024-11-15,,Rural Dev Dept,electricity,
TA09612,Coimbatore Constituency,Coimbatore,Tamil Nadu,200000,100000.0,98534.56,completed,270,05-06-2024,2025-03-02,10-09-2025,Jal Nigam,community hall,100.0
TA10068,Coimbatore Constituency,Coimbatore,Tamil Nadu,1500000,1500000.0,1217839.84, completed ,270,2024-10-18,2025-07-15,05-01-2026,Zilla Parishad,community hall,100.0
UT10080,Varanasi Constituency,Varanasi,Uttar Pradesh,750000,750000.0,453429.7,sanctioned,730,2023-05-25,2025-05-24,,PWD,electricity,
AN09436,Guntur Constituency, Guntur,Andhra Pradesh,1000000,1000000.0,608421.19,ongoing,270,2023-03-18,2023-12-13,,Rural Dev Dept,school,93.9
KA10202,Belagavi Constituency,Belagavi,Karnataka,1000000,1000000.0,906030.62,stalled,730,2023-12-07,06-12-2025,,Jal Nigam,school,93.6
KA10369,Mysuru Constituency,Mysuru,Karnataka,200000,200000.0,149227.87,stalled,365,2023-07-07,2024-07-06,,PWD,community hall,18.3
TA09775,Coimbatore Constituency, Coimbatore,Tamil Nadu,1000000,0,1639724.48,recommended,730,2024-03-30,2026-03-30,,Zilla Parishad,community hall,
KA10116,Bengaluru Urban Constituency,Bengaluru Urban,Karnataka,750000,750000.0,630124.65,sanctioned,730,2024-11-18,2026-11-18,,Zilla Parishad,community hall,
BI09186,Muzaffarpur Constituency, Muzaffarpur,Bihar,200000,200000.0,131386.55,SANCTIONED,90,2024-01-24,2024-04-23,,Zilla Parishad,irrigation,
WE09351,Howrah Constituency,Howrah,West Bengal,1500000,750000.0,404355.73,sanctioned,270,01-02-2023,2023-10-29,,Zilla Parishad,school,
BI10386,Gaya Constituency,Gaya,Bihar,2000000,0,0, recommended ,730,05-07-2023,2025-07-04,,Jal Nigam,drinking water,
AN09255,Visakhapatnam Constituency,Visakhapatnam,Andhra Pradesh,1500000,1500000.0,881835.25,stalled,365,2024-09-09,2025-09-09,,Zilla Parishad,school,76.4
UT10198,Kanpur Nagar Constituency,Kanpur Nagar,Uttar Pradesh,300000,0,0,RECOMMENDED,270,04-11-2024,2025-08-01,,Jal Nigam,drinking water,
MA09850,Pune Constituency,Pune,Maharashtra,1500000,750000.0,674108.6,completed,545,2023-12-01,29-05-2025,2025-12-07,Rural Dev Dept,irrigation,100.0
UT10607,Lucknow Constituency, Lucknow,Uttar Pradesh,200000,100000.0,68110.1,sanctioned,180,2024-05-16,2024-11-12,,Jal Nigam,drinking water,
AN10684,Krishna Constituency,Krishna,Andhra Pradesh,750000,750000.0,671387.77,sanctioned,365,2024-02-12,2025-02-11,,PWD,drinking water,
TA09823,Madurai Constituency,Madurai,Tamil Nadu,1500000,1500000.0,1233775.1,STALLED,730,2023-12-16,15-12-2025,,Jal Nigam,sanitation,90.3
MA09703,Nagpur Constituency,Nagpur,Maharashtra,300000,300000.0,173616.92,completed,545,01-03-2024,2025-08-28,2025-09-16,Zilla Parishad,irrigation,100.0
TA09870,Coimbatore Constituency,Coimbatore,Tamil Nadu,300000,0,0,recommended,545,28-08-2024,2026-02-24,,Jal Nigam,road,
BI10568,Gaya Constituency,Gaya,Bihar,500000,500000.0,485832.61, ongoing ,270,21-03-2023,2023-12-16,,Zilla Parishad,drinking water,61.1
KA10760,Belagavi Constituency,Belagavi,Karnataka,750000,750000.0,580833.41,completed,545,2024-02-23,2025-08-21,25-08-2025,Jal Nigam,sanitation,100.0
AN10685,Krishna Constituency,Krishna,Andhra Pradesh,1500000,1500000.0,877507.12,completed,365,2023-05-06,2024-05-05,27-05-2024,Jal Nigam,road,100.0
KE09510,Ernakulam Constituency,Ernakulam,Kerala,300000,150000.0,84697.66, sanctioned ,365,2023-10-18,17-10-2024,,Jal Nigam,community hall,
BI09673,Gaya Constituency,Gaya,Bihar,1000000,,756226.27,ongoing,180,2023-09-28,26-03-2024,,Jal Nigam,drinking water,39.5
WE10554,Kolkata Constituency,Kolkata,West Bengal,1000000,1000000.0,1566740.02,ongoing,270,2024-09-07,2025-06-04,,Rural Dev Dept,school,12.0
RA09833,Jaipur Constituency,Jaipur,Rajasthan,200000,200000.0,304968.89,completed,90,2024-10-06,2025-01-04,27-03-2025,Rural Dev Dept,community hall,100.0
UT09035,Lucknow Constituency,Lucknow,Uttar Pradesh,1000000,1000000.0,597501.94, completed ,365,2024-02-14,2025-02-13,2025-01-19,Zilla Parishad,sanitation,100.0
MA09661,Nagpur Constituency,Nagpur,Maharashtra,1500000,1500000.0,1044129.59,stalled,90,04-06-2024,02-09-2024,,PWD,drinking water,90.2
KA10048,Bengaluru Urban Constituency,Bengaluru Urban,Karnataka,750000,750000.0,597439.2,stalled,180,2023-12-26,2024-06-23,,Rural Dev Dept,electricity,68.2
BI09246,Muzaffarpur Constituency,Muzaffarpur,Bihar,200000,100000.0,271401.71,sanctioned,90,2023-03-07,2023-06-05,,PWD,community hall,
UT09899,Kanpur Nagar Constituency,Kanpur Nagar,Uttar Pradesh,1500000,0,0,RECOMMENDED,180,2024-01-10,2024-07-08,,Zilla Parishad,drinking water,
BI10411,Muzaffarpur Constituency,Muzaffarpur,Bihar,1000000,0,0,recommended,270,2024-07-10,2025-04-06,,PWD,irrigation,
UT10435,Kanpur Nagar Constituency,Kanpur Nagar,Uttar Pradesh,500000,0,0,recommended,90,2024-11-19,17-02-2025,,Rural Dev Dept,road,
KA10574,Belagavi Constituency,Belagavi,Karnataka,1500000,0,1000.0,recommended,270,28-03-2024,2024-12-23,,Zilla Parishad,irrigation,
TA09987,Coimbatore Constituency,Coimbatore,Tamil Nadu,500000,500000.0,469235.92, sanctioned ,730,2024-05-27,2026-05-27,,PWD,community hall,
MA09070,Pune Constituency,Pune,Maharashtra,1000000,1000000.0,418644.46,COMPLETED,180,21-03-2024,2024-09-17,2024-12-27,PWD,sanitation,100.0
WE09135,Howrah Constituency,Howrah,West Bengal,2000000,2000000.0,1872668.98,completed,270,2023-04-09,2024-01-04,20-03-2024,PWD,irrigation,100.0
BI09102,Gaya Constituency,Gaya,Bihar,2000000,2000000.0,1744094.64,stalled,365,2023-01-21,2024-01-21,,Zilla Parishad,drinking water,61.3
TA10731,Chennai Constituency,Chennai,Tamil Nadu,300000,150000.0,95695.16,completed,730,23-07-2024,2026-07-23,18-08-2026,Rural Dev Dept,drinking water,100.0
UT09234,Lucknow Constituency,Lucknow,Uttar Pradesh,200000,200000.0,164491.51,ongoing,90,26-06-2024,2024-09-24,,Jal Nigam,irrigation,40.5
KE09335,Ernakulam Constituency,Ernakulam,Kerala,2000000,0,2900387.19,RECOMMENDED,90,10-10-2024,2025-01-08,,Rural Dev Dept,drinking water,
MA09232,Pune Constituency,Pune,Maharashtra,300000,150000.0,71125.24,STALLED,545,2023-05-28,2024-11-23,,Rural Dev Dept,sanitation,27.3
KE10242,Ernakulam Constituency, Ernakulam,Kerala,750000,375000.0,950787.67,stalled,90,06-12-2023,2024-03-05,,Jal Nigam,school,14.8
RA09130,Jodhpur Constituency,Jodhpur,Rajasthan,1000000,1000000.0,1578875.16,ongoing,730,17-02-2023,2025-02-16,,PWD,electricity,70.5
MA10403,Pune Constituency,Pune,Maharashtra,200000,,121223.99,completed,545,06-11-2024,2026-05-05,2026-07-10,Jal Nigam,drinking water,100.0
KA09470,Bengaluru Urban Constituency,Bengaluru Urban,Karnataka,300000,300000.0,260019.3,ONGOING,730,01-07-2023,2025-06-30,,Jal Nigam,community hall,52.1
MA09926,Pune Constituency,Pune,Maharashtra,200000,100000.0,90614.39,ongoing,90,19-10-2023,17-01-2024,,Rural Dev Dept,drinking water,73.7
KA09040,Belagavi Constituency,Belagavi,Karnataka,200000,100000.0,90191.04,completed,90,2024-05-07,2024-08-05,2025-01-29,PWD,irrigation,100.0
AN10476,Guntur Constituency, Guntur,Andhra Pradesh,500000,500000.0,347872.17,sanctioned,90,19-03-2024,2024-06-17,,Zilla Parishad,school,
WE10243,Howrah Constituency,Howrah,West Bengal,500000,250000.0,110949.96,stalled,730,2023-08-30,2025-08-29,,Jal Nigam,drinking water,13.7
UT10470,Lucknow Constituency, Lucknow,Uttar Pradesh,300000,150000.0,117264.27,completed,365,2024-07-26,26-07-2025,2025-10-18,Zilla Parishad,community hall,100.0
KA10004,Bengaluru Urban Constituency,Bengaluru Urban,Karnataka,300000,300000.0,496423.86,stalled,545,22-07-2023,2025-01-17,,Jal Nigam,community hall,10.2
TA09863,Chennai Constituency,Chennai,Tamil Nadu,750000,375000.0,270101.17, completed ,90,09-03-2023,2023-06-07,13-06-2023,Zilla Parishad,drinking water,100.0
AN09640,Krishna Constituency,Krishna,Andhra Pradesh,1000000,1000000.0,920132.81,stalled,365,2023-01-19,19-01-2024,,Jal Nigam,electricity,10.1
RA10764,Jodhpur Constituency,Jodhpur,Rajasthan,750000,375000.0,166341.17, completed ,180,2024-07-09,05-01-2025,2025-06-26,Zilla Parishad,road,100.0
TA10555,Chennai Constituency,Chennai,Tamil Nadu,1000000,1000000.0,1303458.58,completed,90,31-08-2024,2024-11-29,13-11-2024,Rural Dev Dept,drinking water,100.0
WE10571,Howrah Constituency,Howrah,West Bengal,750000,750000.0,580049.28,sanctioned,365,22-06-2023,21-06-2024,,Rural Dev Dept,drinking water,
RA10090,Jodhpur Constituency,Jodhpur,Rajasthan,500000,0,0,RECOMMENDED,730,2024-06-10,2026-06-10,,Zilla Parishad,electricity,
BI10639,Muzaffarpur Constituency,Muzaffarpur,Bihar,300000,150000.0,219241.3,sanctioned,270,2023-01-21,2023-10-18,,Zilla Parishad,sanitation,
BI09224,Patna Constituency,Patna,Bihar,300000,150000.0,137307.92,ongoing,730,2023-12-14,13-12-2025,,Jal Nigam,sanitation,62.9
KA10759,Belagavi Constituency,Belagavi,Karnataka,1000000,500000.0,416202.14,stalled,180,2024-02-14,2024-08-12,,Jal Nigam,electricity,13.0
WE10303,Kolkata Constituency,Kolkata,West Bengal,2000000,0,0,recommended,365,21-08-2023,2024-08-20,,Jal Nigam,electricity,
RA09302,Jaipur Constituency,Jaipur,Rajasthan,2000000,2000000.0,1826778.18,completed,90,2024-04-25,2024-07-24,2024-12-06,Rural Dev Dept,road,100.0
KA10659,Belagavi Constituency,Belagavi,Karnataka,750000,750000.0,743201.4,completed,90,2023-04-16,2023-07-15,2023-11-22,PWD,road,100.0
UT10053,Kanpur Nagar Constituency,Kanpur Nagar,Uttar Pradesh,500000,500000.0,658358.23,STALLED,270,2023-05-22,2024-02-16,,PWD,community hall,93.5
KE10753,Kozhikode Constituency,Kozhikode,Kerala,1500000,750000.0,2419799.02,ONGOING,90,10-07-2024,2024-10-08,,Jal Nigam,irrigation,20.3
BI09964,Patna Constituency,Patna,Bihar,750000,0,0,recommended,270,02-05-2024,2025-01-27,,Zilla Parishad,school,
UT09591,Varanasi Constituency,Varanasi,Uttar Pradesh,750000,750000.0,316524.48,stalled,90,2023-09-22,2023-12-21,,Rural Dev Dept,electricity,44.2
KE10621,Kozhikode Constituency,Kozhikode,Kerala,300000,300000.0,121890.67,ongoing,180,2024-01-22,2024-07-20,,Zilla Parishad,community hall,41.2
KA10687,Bengaluru Urban Constituency,Bengaluru Urban,Karnataka,750000,750000.0,497793.31, stalled ,90,03-07-2024,2024-10-01,,Jal Nigam,irrigation,66.5
WE09156,Kolkata Constituency,Kolkata,West Bengal,1000000,500000.0,302900.74, sanctioned ,180,02-06-2023,2023-11-29,,Zilla Parishad,road,
TA09588,Madurai Constituency,Madurai,Tamil Nadu,1000000,1000000.0,634264.89,SANCTIONED,90,2023-10-04,2024-01-02,,Zilla Parishad,community hall,
KA10668,Mysuru Constituency,Mysuru,Karnataka,200000,200000.0,213774.74,ongoing,365,2024-08-30,2025-08-30,,PWD,electricity,27.6
BI10597,Muzaffarpur Constituency,Muzaffarpur,Bihar,500000,0,0, recommended ,180,2024-07-18,14-01-2025,,PWD,road,
BI09239,Patna Constituency,Patna,Bihar,300000,300000.0,258247.03,stalled,180,2023-06-14,2023-12-11,,Zilla Parishad,irrigation,33.7
WE10554,Kolkata Constituency,Kolkata,West Bengal,1000000,1000000.0,977899.39,ongoing,270,2024-09-07,2025-06-04,,Rural Dev Dept,school,12.0
RA09428,Jaipur Constituency,Jaipur,Rajasthan,500000,500000.0,239494.78,ongoing,730,22-07-2023,2025-07-21,,PWD,community hall,43.2
KA10218,Mysuru Constituency,Mysuru,Karnataka,200000,100000.0,73856.78,stalled,90,2024-12-01,2025-03-01,,PWD,sanitation,75.4
MA09844,Pune Constituency,Pune,Maharashtra,200000,200000.0,111065.78, stalled ,180,2023-10-16,2024-04-13,,Rural Dev Dept,school,25.1
KA09865,Bengaluru Urban Constituency, Bengaluru Urban,Karnataka,200000,100000.0,76768.67, stalled ,365,25-08-2023,2024-08-24,,Rural Dev Dept,sanitation,28.8
WE10542,Howrah Constituency,,West Bengal,1000000,1000000.0,832175.03,sanctioned,180,31-05-2023,2023-11-27,,Jal Nigam,drinking water,
KA10150,Mysuru Constituency,Mysuru,Karnataka,200000,200000.0,140428.91,stalled,730,06-07-2024,2026-07-06,,Zilla Parishad,drinking water,11.7
BI09083,Patna Constituency,Patna,Bihar,300000,300000.0,274342.87,COMPLETED,90,2024-01-04,03-04-2024,12-06-2024,Rural Dev Dept,community hall,100.0
BI10200,Patna Constituency,Patna,Bihar,1500000,1500000.0,1482677.47,stalled,270,02-12-2023,28-08-2024,,Jal Nigam,irrigation,35.6
KE10634,Kozhikode Constituency,Kozhikode,Kerala,1000000,1000000.0,526351.88,sanctioned,90,2024-04-07,2024-07-06,,Zilla Parishad,road,
MA10228,Pune Constituency,Pune,Maharashtra,300000,150000.0,405924.79,ongoing,270,2023-09-28,2024-06-24,,Jal Nigam,electricity,19.6
MA10746,Nagpur Constituency,Nagpur,Maharashtra,500000,500000.0,1144712.21,completed,270,2024-07-26,2025-04-22,2025-08-07,Zilla Parishad,sanitation,100.0
KA10212,Belagavi Constituency,Belagavi,Karnataka,300000,150000.0,137153.54,stalled,90,2023-04-29,2023-07-28,,Rural Dev Dept,school,26.9
KA10668,Mysuru Constituency,Mysuru,Karnataka,200000,200000.0,113699.91,ongoing,365,2024-08-30,2025-08-30,,PWD,electricity,27.6
UT10677,Varanasi Constituency,Varanasi,Uttar Pradesh,300000,150000.0,907444.31,ongoing,365,10-01-2024,2025-01-09,,Zilla Parishad,irrigation,55.7
UT09386,Varanasi Constituency,Varanasi,Uttar Pradesh,200000,0,0,recommended,365,14-11-2023,2024-11-13,,Rural Dev Dept,irrigation,
MA09501,Nagpur Constituency,Nagpur,Maharashtra,1000000,1000000.0,616223.81,ongoing,365,2024-11-25,25-11-2025,,Zilla Parishad,electricity,22.2
BI09410,Patna Constituency,Patna,Bihar,1500000,1500000.0,2308459.0,completed,90,2023-03-03,2023-06-01,03-12-2023,PWD,drinking water,100.0
TA09803,Coimbatore Constituency,Coimbatore,Tamil Nadu,300000,300000.0,224989.93,stalled,730,17-03-2023,2025-03-16,,Zilla Parishad,sanitation,17.1
KA10129,Bengaluru Urban Constituency,Bengaluru Urban,Karnataka,200000,100000.0,93321.25,stalled,90,2024-11-08,06-02-2025,,Zilla Parishad,drinking water,63.2
WE09422,Kolkata Constituency,Kolkata,West Bengal,1500000,1500000.0,883658.37, stalled ,365,2023-03-11,2024-03-10,,PWD,school,31.3
MA10182,Nagpur Constituency,Nagpur,Maharashtra,1500000,,336276.93,stalled,730,2023-12-30,29-12-2025,,Jal Nigam,sanitation,73.4
KE09043,Kozhikode Constituency,Kozhikode,Kerala,750000,750000.0,592894.18,sanctioned,730,2023-11-30,29-11-2025,,Zilla Parishad,drinking water,
RA09750,Jaipur Constituency,Jaipur,Rajasthan,200000,200000.0,321731.92, ongoing ,90,2024-06-24,22-09-2024,,Rural Dev Dept,sanitation,16.5
MA10189,Pune Constituency,Pune,Maharashtra,200000,200000.0,134987.71,STALLED,730,2023-07-18,2025-07-17,,Jal Nigam,drinking water,21.4
RA09828,Jodhpur Constituency,Jodhpur,Rajasthan,1000000,1000000.0,954147.32,completed,270,2024-03-06,01-12-2024,2024-12-31,Jal Nigam,drinking water,100.0
AN10368,Visakhapatnam Constituency,Visakhapatnam,Andhra Pradesh,2000000,2000000.0,1853997.96,ongoing,270,2024-10-08,05-07-2025,,Rural Dev Dept,electricity,90.6
RA10732,Jaipur Constituency,Jaipur,Rajasthan,1500000,1500000.0,916450.24,SANCTIONED,180,04-02-2024,2024-08-02,,Jal Nigam,community hall,
UT09133,Kanpur Nagar Constituency,Kanpur Nagar,Uttar Pradesh,750000,750000.0,585768.19,ONGOING,730,2023-09-11,10-09-2025,,Zilla Parishad,irrigation,74.4
KE10704,Ernakulam Constituency,Ernakulam,Kerala,300000,300000.0,298110.95, sanctioned ,545,2024-03-16,12-09-2025,,Zilla Parishad,school,
UT10615,Lucknow Constituency,Lucknow,Uttar Pradesh,500000,250000.0,223269.58, sanctioned ,730,2024-10-07,07-10-2026,,Jal Nigam,electricity,
MA10738,Pune Constituency,Pune,Maharashtra,1500000,750000.0,701828.24,stalled,730,20-04-2023,19-04-2025,,Jal Nigam,electricity,22.5
BI10644,Gaya Constituency,Gaya,Bihar,500000,500000.0,472420.35, stalled ,180,2023-05-03,2023-10-30,,Zilla Parishad,drinking water,59.4
AN09871,Guntur Constituency,Guntur,Andhra Pradesh,500000,,0,recommended,90,2023-04-13,2023-07-12,,Zilla Parishad,community hall,
RA09632,Jaipur Constituency,Jaipur,Rajasthan,300000,0,0,recommended,545,2024-04-30,2025-10-27,,Jal Nigam,sanitation,
MA10040,Nagpur Constituency,Nagpur,Maharashtra,2000000,2000000.0,1804388.86,stalled,365,2023-02-12,2024-02-12,,Zilla Parishad,school,75.5
UT10521,Lucknow Constituency,,Uttar Pradesh,200000,100000.0,50505.36,sanctioned,90,2024-05-15,2024-08-13,,Jal Nigam,electricity,
UT09855,Kanpur Nagar Constituency,Kanpur Nagar,Uttar Pradesh,200000,0,267185.54,recommended,545,2024-09-03,2026-03-02,,PWD,drinking water,
RA09527,Jaipur Constituency,Jaipur,Rajasthan,750000,0,0,recommended,545,2024-10-20,18-04-2026,,Zilla Parishad,drinking water,
AN10487,Visakhapatnam Constituency,Visakhapatnam,Andhra Pradesh,1500000,750000.0,441519.7,completed,180,2023-01-21,2023-07-20,2023-12-22,Jal Nigam,electricity,100.0
BI10281,Patna Constituency,Patna,Bihar,300000,300000.0,297307.36, ongoing ,545,2024-06-08,2025-12-05,,Zilla Parishad,road,50.4
RA10660,Jaipur Constituency,Jaipur,Rajasthan,1000000,1000000.0,1427456.46,ongoing,270,2023-09-20,2024-06-16,,Zilla Parishad,sanitation,60.5
UT10743,Varanasi Constituency, Varanasi,Uttar Pradesh,300000,300000.0,541922.37,completed,730,2024-02-18,17-02-2026,30-07-2026,Jal Nigam,community hall,100.0
AN09123,Guntur Constituency,Guntur,Andhra Pradesh,200000,200000.0,182337.59,SANCTIONED,180,2023-06-21,2023-12-18,,Rural Dev Dept,school,
AN10431,Visakhapatnam Constituency,Visakhapatnam,Andhra Pradesh,1500000,750000.0,691828.21, completed ,270,02-01-2024,2024-09-28,04-04-2025,Rural Dev Dept,irrigation,100.0
KA09228,Belagavi Constituency,Belagavi,Karnataka,200000,0,0,RECOMMENDED,270,2024-06-08,05-03-2025,,Jal Nigam,school,
KA10629,Belagavi Constituency, Belagavi,Karnataka,300000,300000.0,263529.59,sanctioned,90,2024-04-19,18-07-2024,,Zilla Parishad,drinking water,
MA10293,Nagpur Constituency,Nagpur,Maharashtra,750000,750000.0,576159.04,stalled,90,2024-04-27,26-07-2024,,Zilla Parishad,community hall,90.2
MA09615,Pune Constituency,Pune,Maharashtra,200000,200000.0,129164.68,stalled,90,2023-04-18,2023-07-17,,Rural Dev Dept,community hall,66.2
RA09794,Jaipur Constituency,Jaipur,Rajasthan,2000000,2000000.0,1567130.27,sanctioned,270,25-10-2024,2025-07-22,,Jal Nigam,sanitation,
WE10261,Howrah Constituency,Howrah,West Bengal,300000,300000.0,237231.16, sanctioned ,730,29-04-2024,2026-04-29,,Zilla Parishad,electricity,
UT10705,Varanasi Constituency, Varanasi,Uttar Pradesh,500000,250000.0,355543.13,completed,90,2024-06-23,21-09-2024,2024-10-25,Rural Dev Dept,road,100.0
UT10631,Kanpur Nagar Constituency,Kanpur Nagar,Uttar Pradesh,2000000,1000000.0,755023.67,COMPLETED,270,2024-11-11,08-08-2025,13-09-2025,Zilla Parishad,drinking water,100.0
AN10143,Visakhapatnam Constituency,Visakhapatnam,Andhra Pradesh,750000,0,0,recommended,90,08-08-2024,2024-11-06,,Jal Nigam,drinking water,
BI09852,Patna Constituency,Patna,Bihar,750000,750000.0,579069.43,completed,545,04-03-2024,2025-08-31,2025-11-25,PWD,road,100.0
KE10220,Ernakulam Constituency,Ernakulam,Kerala,1000000,1000000.0,954187.66,ongoing,730,2023-01-13,2025-01-12,,Zilla Parishad,road,52.5
KE09997,Kozhikode Constituency,Kozhikode,Kerala,1000000,1000000.0,570951.83,stalled,545,06-10-2023,2025-04-03,,Jal Nigam,drinking water,12.6
WE10191,Kolkata Constituency,Kolkata,West Bengal,500000,0,698059.97, recommended ,545,27-08-2023,2025-02-22,,Zilla Parishad,irrigation,
KA10619,Bengaluru Urban Constituency,Bengaluru Urban,Karnataka,750000,750000.0,699218.95,ongoing,270,05-05-2023,30-01-2024,,Rural Dev Dept,community hall,55.6
UT09356,Varanasi Constituency,Varanasi,Uttar Pradesh,1000000,1000000.0,857265.59,sanctioned,730,09-06-2024,2026-06-09,,PWD,irrigation,
KA09085,Bengaluru Urban Constituency,Bengaluru Urban,Karnataka,300000,300000.0,227143.65,sanctioned,365,2023-03-08,2024-03-07,,Zilla Parishad,irrigation,
KE10772,Ernakulam Constituency,Ernakulam,Kerala,300000,,479931.44,ongoing,545,2023-11-01,29-04-2025,,Jal Nigam,community hall,69.4
TA10567,Madurai Constituency,Madurai,Tamil Nadu,750000,750000.0,387766.38,sanctioned,90,06-09-2023,2023-12-05,,Jal Nigam,community hall,
UT09508,Lucknow Constituency,Lucknow,Uttar Pradesh,300000,150000.0,411909.93,stalled,365,23-01-2023,2024-01-23,,PWD,sanitation,66.3
RA09684,Jaipur Constituency,Jaipur,Rajasthan,200000,200000.0,161366.38,completed,90,2023-08-12,2023-11-10,2024-04-19,Jal Nigam,irrigation,100.0
AN09205,Krishna Constituency,Krishna,Andhra Pradesh,750000,750000.0,307712.85,COMPLETED,180,2024-08-29,2025-02-25,2025-04-05,PWD,road,100.0
KE10613,Ernakulam Constituency,Ernakulam,Kerala,300000,150000.0,135321.48,stalled,365,2023-07-04,2024-07-03,,Zilla Parishad,irrigation,51.8
UT10047,Varanasi Constituency,Varanasi,Uttar Pradesh,750000,750000.0,586309.59,ongoing,730,2023-11-21,2025-11-20,,Zilla Parishad,sanitation,86.6
TA09609,Chennai Constituency,Chennai,Tamil Nadu,2000000,1000000.0,910884.86,COMPLETED,545,2023-08-02,2025-01-28,05-03-2025,Zilla Parishad,community hall,100.0
BI10653,Gaya Constituency, Gaya,Bihar,1000000,1000000.0,433681.78,ongoing,90,05-05-2024,03-08-2024,,Rural Dev Dept,drinking water,53.9
UT10610,Lucknow Constituency,Lucknow,Uttar Pradesh,1000000,0,0,recommended,90,2023-03-05,03-06-2023,,Zilla Parishad,irrigation,
KE10210,Kozhikode Constituency,Kozhikode,Kerala,500000,0,0,recommended,270,2023-08-31,2024-05-27,,Jal Nigam,sanitation,
AN10600,Guntur Constituency,Guntur,Andhra Pradesh,300000,150000.0,753065.59,completed,180,2024-02-29,2024-08-27,17-12-2024,Jal Nigam,sanitation,100.0
WE10609,Kolkata Constituency,Kolkata,West Bengal,200000,200000.0,170457.26,ongoing,545,26-08-2024,2026-02-22,,PWD,irrigation,80.7
UT09821,Lucknow Constituency,Lucknow,Uttar Pradesh,1000000,1000000.0,741603.36, completed ,730,26-07-2024,2026-07-26,09-08-2026,Rural Dev Dept,sanitation,100.0
TA09301,Coimbatore Constituency,Coimbatore,Tamil Nadu,1500000,1500000.0,1807406.58,SANCTIONED,270,2023-07-11,2024-04-06,,Zilla Parishad,road,
BI09981,Patna Constituency,Patna,Bihar,200000,100000.0,61044.4,SANCTIONED,180,2023-02-06,05-08-2023,,PWD,road,
TA09578,Madurai Constituency,Madurai,Tamil Nadu,1500000,1500000.0,697164.46,sanctioned,90,2024-08-26,2024-11-24,,Zilla Parishad,community hall,
BI09924,Gaya Constituency,Gaya,Bihar,1000000,0,0, recommended ,730,2023-06-19,18-06-2025,,Zilla Parishad,road,
MA09829,Nagpur Constituency,Nagpur,Maharashtra,500000,0,0,recommended,180,2024-04-17,2024-10-14,,Rural Dev Dept,sanitation,
KA09946,Mysuru Constituency,Mysuru,Karnataka,1500000,0,0,RECOMMENDED,365,2024-05-10,10-05-2025,,Jal Nigam,drinking water,
KA09765,Bengaluru Urban Constituency,Bengaluru Urban,Karnataka,750000,750000.0,419986.01,STALLED,180,2024-08-30,2025-02-26,,Zilla Parishad,sanitation,45.2
TA09868,Madurai Constituency,Madurai,Tamil Nadu,500000,250000.0,181529.07,ongoing,365,2023-10-20,19-10-2024,,Jal Nigam,drinking water,29.8
KA10636,Mysuru Constituency,Mysuru,Karnataka,2000000,0,0,recommended,270,29-08-2024,2025-05-26,,PWD,drinking water,
UT09426,Varanasi Constituency, Varanasi,Uttar Pradesh,1000000,1000000.0,590107.28,STALLED,365,2023-06-28,27-06-2024,,Zilla Parishad,road,39.8
BI10696,Gaya Constituency,Gaya,Bihar,750000,750000.0,1035820.94,ongoing,180,2023-10-14,2024-04-11,,Rural Dev Dept,community hall,70.8
UT10717,Varanasi Constituency,Varanasi,Uttar Pradesh,750000,750000.0,1029523.02, sanctioned ,90,2023-02-13,2023-05-14,,PWD,irrigation,
WE10551,Howrah Constituency,Howrah,West Bengal,1500000,0,0,recommended,545,2023-06-14,2024-12-10,,PWD,drinking water,
UT10478,Lucknow Constituency,Lucknow,Uttar Pradesh,200000,200000.0,150560.03,completed,365,30-12-2023,29-12-2024,2025-03-13,Rural Dev Dept,road,100.0
MA10168,Pune Constituency,Pune,Maharashtra,750000,375000.0,169042.68,ONGOING,545,2023-04-20,2024-10-16,,PWD,road,24.1
AN09947,Guntur Constituency,Guntur,Andhra Pradesh,200000,200000.0,91607.94,sanctioned,90,2024-11-20,18-02-2025,,Zilla Parishad,road,
KA10593,Bengaluru Urban Constituency,Bengaluru Urban,Karnataka,1500000,750000.0,5059121.11, sanctioned ,730,2023-12-19,2025-12-18,,Jal Nigam,drinking water,
WE10126,Kolkata Constituency,Kolkata,West Bengal,200000,0,0,recommended,730,21-03-2023,2025-03-20,,Jal Nigam,electricity,
BI09695,Gaya Constituency,Gaya,Bihar,1500000,1500000.0,1913623.82,ongoing,545,2024-03-27,2025-09-23,,PWD,road,64.9
MA09502,Nagpur Constituency, Nagpur,Maharashtra,300000,150000.0,88451.5,sanctioned,180,2023-03-25,2023-09-21,,Zilla Parishad,road,
AN10123,Visakhapatnam Constituency,Visakhapatnam,Andhra Pradesh,300000,300000.0,250103.15,completed,270,2023-01-24,2023-10-21,2023-09-22,PWD,school,100.0
RA10171,Jodhpur Constituency,Jodhpur,Rajasthan,1500000,0,0,recommended,90,2023-01-16,2023-04-16,,Jal Nigam,irrigation,
AN09007,Krishna Constituency,Krishna,Andhra Pradesh,300000,300000.0,155970.76,stalled,545,2024-05-16,12-11-2025,,Rural Dev Dept,school,68.9
KE10713,Ernakulam Constituency,Ernakulam,Kerala,1000000,1000000.0,737213.12,SANCTIONED,270,2023-07-10,2024-04-05,,Rural Dev Dept,electricity,
UT09379,Kanpur Nagar Constituency, Kanpur Nagar,Uttar Pradesh,2000000,2000000.0,929101.4,sanctioned,545,03-07-2023,2024-12-29,,Rural Dev Dept,sanitation,
TA10131,Coimbatore Constituency,Coimbatore,Tamil Nadu,300000,300000.0,471036.84, stalled ,730,15-01-2023,14-01-2025,,Jal Nigam,sanitation,55.2
BI10630,Muzaffarpur Constituency,Muzaffarpur,Bihar,1500000,0,0,recommended,730,07-11-2023,2025-11-06,,Zilla Parishad,electricity,
RA10519,Jaipur Constituency,,Rajasthan,750000,0,0,recommended,545,2023-12-06,2025-06-03,,PWD,school,
RA10288,Jaipur Constituency,Jaipur,Rajasthan,1000000,500000.0,443215.65,completed,180,2023-06-05,02-12-2023,2024-01-27,Rural Dev Dept,road,100.0
MA09708,Nagpur Constituency,Nagpur,Maharashtra,1500000,1500000.0,2677259.12,ongoing,90,2023-11-16,2024-02-14,,Rural Dev Dept,drinking water,68.0
MA09793,Nagpur Constituency,Nagpur,Maharashtra,1000000,1000000.0,1727352.13,sanctioned,180,2023-06-02,2023-11-29,,Jal Nigam,electricity,
RA09480,Jaipur Constituency,Jaipur,Rajasthan,1000000,1000000.0,732979.19,STALLED,180,2024-01-25,23-07-2024,,Jal Nigam,community hall,15.5
UT09401,Kanpur Nagar Constituency,Kanpur Nagar,Uttar Pradesh,1500000,0,0, recommended ,180,24-01-2024,2024-07-22,,Jal Nigam,community hall,
MA10689,Pune Constituency,Pune,Maharashtra,200000,200000.0,357801.54, ongoing ,730,27-11-2023,2025-11-26,,Rural Dev Dept,sanitation,84.5
WE10486,Kolkata Constituency,Kolkata,West Bengal,750000,750000.0,632585.46,SANCTIONED,545,15-08-2024,2026-02-11,,Zilla Parishad,road,
WE09709,Howrah Constituency,Howrah,West Bengal,2000000,,0,recommended,545,25-02-2024,2025-08-23,,Zilla Parishad,road,
KE10346,Ernakulam Constituency,Ernakulam,Kerala,500000,500000.0,833979.25,SANCTIONED,730,2023-06-27,2025-06-26,,Zilla Parishad,community hall,
TA10104,Chennai Constituency,Chennai,Tamil Nadu,300000,150000.0,530242.31, stalled ,270,2023-04-15,2024-01-10,,Jal Nigam,irrigation,22.8
UT09655,Lucknow Constituency,Lucknow,Uttar Pradesh,1000000,1000000.0,1383375.4,stalled,270,2023-04-29,24-01-2024,,Zilla Parishad,community hall,22.4
RA10507,Jodhpur Constituency,,Rajasthan,750000,750000.0,591731.42,STALLED,730,07-03-2024,2026-03-07,,Rural Dev Dept,sanitation,58.8
RA09216,Jodhpur Constituency,Jodhpur,Rajasthan,1500000,1500000.0,765030.33,stalled,90,2024-02-27,27-05-2024,,Jal Nigam,electricity,54.5
KA10537,Bengaluru Urban Constituency,,Karnataka,200000,0,0,recommended,730,2023-10-28,2025-10-27,,PWD,road,
RA10660,Jaipur Constituency,Jaipur,Rajasthan,1000000,1000000.0,2577212.93,ongoing,270,2023-09-20,2024-06-16,,Zilla Parishad,sanitation,60.5
TA10536,Coimbatore Constituency,,Tamil Nadu,1000000,500000.0,485217.2,sanctioned,270,11-09-2024,2025-06-08,,Jal Nigam,electricity,
UT09287,Lucknow Constituency,Lucknow,Uttar Pradesh,200000,200000.0,136993.69,completed,90,31-03-2024,2024-06-29,18-10-2024,PWD,drinking water,100.0
RA10348,Jodhpur Constituency,Jodhpur,Rajasthan,750000,375000.0,330678.56,completed,90,2023-09-05,2023-12-04,11-04-2024,Rural Dev Dept,community hall,100.0
TA10176,Chennai Constituency,Chennai,Tamil Nadu,1000000,0,1414680.36,recommended,180,28-06-2023,2023-12-25,,PWD,drinking water,
RA09874,Jodhpur Constituency,Jodhpur,Rajasthan,750000,,0,recommended,90,2023-05-12,2023-08-10,,Jal Nigam,sanitation,
WE10135,Kolkata Constituency,Kolkata,West Bengal,750000,750000.0,373814.74,sanctioned,545,11-09-2023,2025-03-09,,Jal Nigam,school,
BI09857,Gaya Constituency,Gaya,Bihar,750000,375000.0,319817.41,ongoing,90,2024-05-21,19-08-2024,,Rural Dev Dept,drinking water,26.1
WE09637,Kolkata Constituency,Kolkata,West Bengal,1500000,750000.0,2629300.34,sanctioned,545,2024-04-18,15-10-2025,,PWD,community hall,
TA10673,Chennai Constituency,Chennai,Tamil Nadu,300000,300000.0,313670.18,completed,545,2023-08-14,09-02-2025,2025-03-10,Rural Dev Dept,irrigation,100.0
KA09949,Bengaluru Urban Constituency,Bengaluru Urban,Karnataka,1000000,0,0, recommended ,545,20-07-2023,2025-01-15,,PWD,road,
AN09404,Guntur Constituency,Guntur,Andhra Pradesh,750000,0,1163399.16,recommended,365,24-08-2024,24-08-2025,,Jal Nigam,drinking water,
AN10685,Krishna Constituency,Krishna,Andhra Pradesh,1500000,1500000.0,1739931.86,completed,365,2023-05-06,2024-05-05,27-05-2024,Jal Nigam,road,100.0
RA10069,Jodhpur Constituency,Jodhpur,Rajasthan,2000000,1000000.0,454953.97,stalled,545,2024-10-30,2026-04-28,,Rural Dev Dept,road,47.7
AN09471,Krishna Constituency,Krishna,Andhra Pradesh,1500000,1500000.0,616611.99,sanctioned,545,2024-05-02,29-10-2025,,Jal Nigam,electricity,
RA09041,Jodhpur Constituency,Jodhpur,Rajasthan,1500000,1500000.0,1154769.04,stalled,545,2023-11-02,30-04-2025,,Zilla Parishad,electricity,82.5
UT09849,Kanpur Nagar Constituency,Kanpur Nagar,Uttar Pradesh,1500000,1500000.0,736969.23,sanctioned,730,13-11-2023,2025-11-12,,Rural Dev Dept,irrigation,
KA09407,Bengaluru Urban Constituency,Bengaluru Urban,Karnataka,750000,375000.0,174547.66,ongoing,270,2023-09-19,2024-06-15,,PWD,road,88.9
RA10594,Jodhpur Constituency,Jodhpur,Rajasthan,1000000,1000000.0,739266.71,stalled,365,2024-07-05,2025-07-05,,Rural Dev Dept,school,52.8
RA10564,Jodhpur Constituency,Jodhpur,Rajasthan,750000,750000.0,645622.49,SANCTIONED,270,22-04-2024,17-01-2025,,Rural Dev Dept,electricity,
MA10490,Pune Constituency,Pune,Maharashtra,1000000,1000000.0,612768.01,completed,270,2024-09-28,2025-06-25,2025-07-27,PWD,irrigation,100.0
TA10382,Madurai Constituency,Madurai,Tamil Nadu,2000000,0,0,recommended,180,10-02-2023,2023-08-09,,PWD,road,
KA09590,Bengaluru Urban Constituency,Bengaluru Urban,Karnataka,300000,300000.0,399592.37,stalled,730,2023-06-24,2025-06-23,,Jal Nigam,sanitation,23.2
MA10751,Pune Constituency,Pune,Maharashtra,500000,500000.0,337782.67, stalled ,90,2024-05-18,16-08-2024,,Zilla Parishad,road,12.0
BI09639,Gaya Constituency, Gaya,Bihar,300000,300000.0,187616.06, completed ,180,2024-09-03,2025-03-02,22-06-2025,PWD,sanitation,100.0
TA10747,Coimbatore Constituency,Coimbatore,Tamil Nadu,1500000,750000.0,678295.63,sanctioned,270,2024-09-20,2025-06-17,,Rural Dev Dept,electricity,
TA10561,Chennai Constituency,Chennai,Tamil Nadu,750000,750000.0,1003405.23,sanctioned,365,27-08-2023,2024-08-26,,Jal Nigam,road,
BI09153,Gaya Constituency,Gaya,Bihar,750000,375000.0,349173.4,ongoing,90,25-11-2024,2025-02-23,,PWD,drinking water,43.0
UT10442,Varanasi Constituency,Varanasi,Uttar Pradesh,300000,300000.0,508282.86, completed ,270,2024-01-09,05-10-2024,06-03-2025,Jal Nigam,road,100.0
UT09795,Lucknow Constituency,Lucknow,Uttar Pradesh,1000000,1000000.0,591836.78,sanctioned,180,11-07-2024,2025-01-07,,PWD,road,
RA09492,Jaipur Constituency,Jaipur,Rajasthan,750000,750000.0,1223220.03,completed,365,2024-03-23,2025-03-23,01-03-2025,Zilla Parishad,road,100.0
UT09449,Varanasi Constituency, Varanasi,Uttar Pradesh,750000,750000.0,591314.25,stalled,270,04-06-2023,29-02-2024,,Rural Dev Dept,road,48.2
UT09804,Kanpur Nagar Constituency,Kanpur Nagar,Uttar Pradesh,300000,150000.0,133966.47,SANCTIONED,730,2023-09-25,2025-09-24,,Rural Dev Dept,school,
BI10724,Muzaffarpur Constituency,Muzaffarpur,Bihar,750000,,436453.89,stalled,270,10-01-2024,2024-10-06,,Rural Dev Dept,sanitation,86.0
TA10353,Coimbatore Constituency,Coimbatore,Tamil Nadu,300000,300000.0,290938.83,completed,545,2024-07-25,21-01-2026,2026-04-13,Jal Nigam,electricity,100.0
TA10666,Chennai Constituency,Chennai,Tamil Nadu,200000,200000.0,242064.25,COMPLETED,90,16-12-2023,2024-03-15,2024-04-14,PWD,irrigation,100.0
UT10321,Kanpur Nagar Constituency,Kanpur Nagar,Uttar Pradesh,300000,300000.0,200960.94,sanctioned,270,06-06-2023,2024-03-02,,Jal Nigam,road,
BI10547,Gaya Constituency,,Bihar,1000000,500000.0,1241871.77,sanctioned,545,2023-12-04,2025-06-01,,Zilla Parishad,sanitation,
MA10374,Pune Constituency, Pune,Maharashtra,2000000,0,0,recommended,545,01-06-2024,2025-11-28,,PWD,sanitation,
KA09722,Bengaluru Urban Constituency,Bengaluru Urban,Karnataka,2000000,2000000.0,1069019.62,stalled,545,2023-11-06,04-05-2025,,PWD,school,31.1
RA09518,Jodhpur Constituency,Jodhpur,Rajasthan,1500000,750000.0,532040.09,sanctioned,365,22-05-2024,2025-05-22,,Rural Dev Dept,community hall,
KA10682,Mysuru Constituency,Mysuru,Karnataka,1000000,0,1000.0,RECOMMENDED,180,2024-09-28,2025-03-27,,PWD,road,
KA10687,Bengaluru Urban Constituency,Bengaluru Urban,Karnataka,750000,750000.0,794767.82, stalled ,90,03-07-2024,2024-10-01,,Jal Nigam,irrigation,66.5
KA10574,Belagavi Constituency,Belagavi,Karnataka,1500000,0,0,recommended,270,28-03-2024,2024-12-23,,Zilla Parishad,irrigation,
RA09453,Jodhpur Constituency,Jodhpur,Rajasthan,300000,300000.0,182321.13,ongoing,730,2024-11-10,2026-11-10,,PWD,school,25.0
BI10342,Patna Constituency,Patna,Bihar,500000,0,0,recommended,270,2023-06-16,2024-03-12,,PWD,road,
MA09103,Pune Constituency,Pune,Maharashtra,200000,200000.0,94760.52, sanctioned ,730,2023-04-14,13-04-2025,,Rural Dev Dept,sanitation,
BI10091,Gaya Constituency,Gaya,Bihar,1000000,1000000.0,1651790.57,stalled,180,2024-07-27,2025-01-23,,Rural Dev Dept,electricity,41.2
TA10475,Chennai Constituency,Chennai,Tamil Nadu,1000000,0,0,recommended,180,2024-06-13,10-12-2024,,Zilla Parishad,sanitation,
RA09380,Jodhpur Constituency,Jodhpur,Rajasthan,300000,150000.0,73911.78,stalled,270,2023-08-04,2024-04-30,,PWD,school,13.1
TA10046,Coimbatore Constituency,Coimbatore,Tamil Nadu,750000,750000.0,1036532.17,SANCTIONED,270,2023-08-19,2024-05-15,,Jal Nigam,school,
BI10653,Gaya Constituency, Gaya,Bihar,1000000,1000000.0,708808.52,ongoing,90,05-05-2024,03-08-2024,,Rural Dev Dept,drinking water,53.9
TA10108,Coimbatore Constituency,Coimbatore,Tamil Nadu,1000000,1000000.0,675928.7,ongoing,365,2024-10-12,12-10-2025,,Jal Nigam,electricity,20.9
AN10657,Krishna Constituency,Krishna,Andhra Pradesh,2000000,1000000.0,877369.45,ONGOING,180,14-05-2024,2024-11-10,,Zilla Parishad,road,56.8
WE09930,Kolkata Constituency,Kolkata,West Bengal,300000,0,0, recommended ,365,19-09-2023,18-09-2024,,PWD,sanitation,
MA09702,Pune Constituency,Pune,Maharashtra,1000000,1000000.0,599320.42,stalled,180,2023-12-27,24-06-2024,,Jal Nigam,road,72.9
MA09711,Nagpur Constituency,Nagpur,Maharashtra,200000,200000.0,91000.13,sanctioned,90,20-01-2024,2024-04-19,,PWD,school,
BI09566,Patna Constituency,Patna,Bihar,750000,750000.0,554013.95,stalled,270,26-06-2024,23-03-2025,,Zilla Parishad,drinking water,30.7
BI09279,Gaya Constituency,Gaya,Bihar,2000000,2000000.0,1719843.64,completed,270,2023-04-30,2024-01-25,12-06-2024,Zilla Parishad,electricity,100.0
KA10629,Belagavi Constituency, Belagavi,Karnataka,300000,300000.0,345888.17,sanctioned,90,2024-04-19,18-07-2024,,Zilla Parishad,drinking water,
MA09628,Pune Constituency,Pune,Maharashtra,500000,250000.0,211783.0,completed,180,20-09-2024,19-03-2025,2025-08-17,Rural Dev Dept,sanitation,100.0
UT10743,Varanasi Constituency, Varanasi,Uttar Pradesh,300000,300000.0,391102.83,completed,730,2024-02-18,17-02-2026,30-07-2026,Jal Nigam,community hall,100.0
UT10106,Varanasi Constituency,Varanasi,Uttar Pradesh,1000000,500000.0,348699.88,ongoing,90,2023-10-17,2024-01-15,,PWD,irrigation,63.4
KE10512,Ernakulam Constituency,,Kerala,200000,200000.0,166754.98,completed,180,2024-05-10,06-11-2024,2024-10-10,PWD,irrigation,100.0
KA10463,Belagavi Constituency,Belagavi,Karnataka,750000,375000.0,261018.27,COMPLETED,90,2023-02-18,2023-05-19,2023-10-17,Rural Dev Dept,sanitation,100.0
WE09122,Howrah Constituency, Howrah,West Bengal,1500000,1500000.0,1253409.17, stalled ,365,2024-08-10,2025-08-10,,Jal Nigam,irrigation,94.6
RA10409,Jaipur Constituency,Jaipur,Rajasthan,1000000,1000000.0,505101.65,sanctioned,545,2024-01-04,02-07-2025,,Jal Nigam,irrigation,
MA09929,Pune Constituency, Pune,Maharashtra,1500000,0,0,recommended,180,2023-01-01,2023-06-30,,Rural Dev Dept,community hall,
BI09908,Patna Constituency,Patna,Bihar,500000,0,0,recommended,270,2023-04-30,25-01-2024,,PWD,electricity,
AN10244,Guntur Constituency,Guntur,Andhra Pradesh,300000,0,0,recommended,270,2024-11-01,29-07-2025,,Rural Dev Dept,road,
TA10540,Coimbatore Constituency,,Tamil Nadu,1500000,1500000.0,2644302.33,sanctioned,270,22-10-2023,2024-07-18,,PWD,irrigation,
RA09432,Jaipur Constituency, Jaipur,Rajasthan,750000,750000.0,1336928.54,ongoing,545,24-10-2024,2026-04-22,,Jal Nigam,electricity,47.9
TA09285,Coimbatore Constituency,Coimbatore,Tamil Nadu,200000,200000.0,127702.38,COMPLETED,365,2024-01-12,11-01-2025,2025-05-25,Rural Dev Dept,school,100.0
KE10366,Kozhikode Constituency,Kozhikode,Kerala,2000000,0,2505141.33,recommended,90,20-07-2023,2023-10-18,,Jal Nigam,drinking water,
UT10316,Kanpur Nagar Constituency,Kanpur Nagar,Uttar Pradesh,500000,250000.0,141907.53,completed,545,2023-11-16,14-05-2025,2025-07-12,Rural Dev Dept,electricity,100.0
UT10412,Kanpur Nagar Constituency,Kanpur Nagar,Uttar Pradesh,300000,150000.0,127148.32,STALLED,90,02-08-2023,2023-10-31,,Jal Nigam,community hall,32.7
UT09611,Lucknow Constituency,Lucknow,Uttar Pradesh,1000000,0,0,recommended,90,30-01-2023,2023-04-30,,Zilla Parishad,community hall,
MA09927,Nagpur Constituency,Nagpur,Maharashtra,200000,200000.0,319254.46, completed ,730,2023-10-19,18-10-2025,20-09-2025,PWD,sanitation,100.0
AN09755,Krishna Constituency,Krishna,Andhra Pradesh,750000,750000.0,545741.6,STALLED,180,2023-08-20,16-02-2024,,PWD,school,48.8
BI09125,Muzaffarpur Constituency,Muzaffarpur,Bihar,1500000,750000.0,501456.0,sanctioned,365,30-04-2024,2025-04-30,,Rural Dev Dept,school,
TA10697,Chennai Constituency,Chennai,Tamil Nadu,1500000,1500000.0,946394.11, ongoing ,545,2024-08-04,2026-01-31,,Zilla Parishad,school,45.9
KE09400,Ernakulam Constituency,Ernakulam,Kerala,1500000,1500000.0,910436.02,sanctioned,270,2023-09-04,2024-05-31,,Zilla Parishad,sanitation,
UT09465,Kanpur Nagar Constituency,Kanpur Nagar,Uttar Pradesh,1000000,1000000.0,733809.15,COMPLETED,545,03-02-2023,2024-08-01,2024-11-21,Jal Nigam,community hall,100.0
KA10755,Belagavi Constituency,Belagavi,Karnataka,1000000,0,1000.0,recommended,90,2023-02-19,2023-05-20,,Jal Nigam,community hall,
WE09714,Howrah Constituency,Howrah,West Bengal,500000,500000.0,234870.59, completed ,270,2023-01-07,2023-10-04,2023-09-07,Jal Nigam,school,100.0
MA09087,Pune Constituency,Pune,Maharashtra,500000,,287326.43,ongoing,180,2023-02-18,17-08-2023,,Rural Dev Dept,road,47.0
BI09009,Patna Constituency,Patna,Bihar,300000,150000.0,464515.2, completed ,365,2023-01-15,2024-01-15,2024-01-08,Rural Dev Dept,drinking water,100.0
KA10492,Belagavi Constituency,Belagavi,Karnataka,1500000,0,0,RECOMMENDED,180,2024-06-16,2024-12-13,,Rural Dev Dept,electricity,
WE10299,Howrah Constituency,Howrah,West Bengal,500000,500000.0,480926.02,ongoing,180,2023-10-11,2024-04-08,,Rural Dev Dept,school,42.8
UT10504,Lucknow Constituency,,Uttar Pradesh,1000000,500000.0,359408.98,stalled,90,2023-12-30,2024-03-29,,PWD,community hall,33.9
KE09188,Kozhikode Constituency,Kozhikode,Kerala,300000,300000.0,219430.8,ongoing,90,27-07-2023,25-10-2023,,Rural Dev Dept,electricity,20.4
TA10238,Coimbatore Constituency,Coimbatore,Tamil Nadu,2000000,1000000.0,434386.96,stalled,545,2024-03-26,2025-09-22,,Zilla Parishad,sanitation,94.3
TA09321,Chennai Constituency, Chennai,Tamil Nadu,300000,300000.0,298668.2,stalled,270,2024-11-04,01-08-2025,,Jal Nigam,irrigation,92.1
KE09626,Ernakulam Constituency,Ernakulam,Kerala,1500000,1500000.0,758538.19, stalled ,90,2023-02-01,2023-05-02,,Zilla Parishad,school,91.2
BI10454,Muzaffarpur Constituency,Muzaffarpur,Bihar,2000000,1000000.0,721556.44,ongoing,270,2023-01-22,2023-10-19,,Jal Nigam,irrigation,85.7
MA09371,Nagpur Constituency,Nagpur,Maharashtra,300000,150000.0,129831.7,ongoing,545,2023-04-29,2024-10-25,,Zilla Parishad,electricity,92.8
KE09450,Ernakulam Constituency,Ernakulam,Kerala,500000,,227241.05,ongoing,730,2024-08-21,2026-08-21,,Jal Nigam,road,91.9
RA09840,Jodhpur Constituency,Jodhpur,Rajasthan,300000,300000.0,511378.31,stalled,730,16-11-2024,2026-11-16,,Rural Dev Dept,drinking water,75.2
KE09243,Kozhikode Constituency,Kozhikode,Kerala,300000,150000.0,82323.76, sanctioned ,365,2024-03-14,2025-03-14,,Jal Nigam,electricity,
AN09856,Guntur Constituency,Guntur,Andhra Pradesh,1000000,1000000.0,554274.69,completed,270,2024-11-14,2025-08-11,2025-10-22,Jal Nigam,road,100.0
AN10495,Krishna Constituency,Krishna,Andhra Pradesh,200000,,0, recommended ,730,2024-09-22,22-09-2026,,Jal Nigam,school,
TA10758,Coimbatore Constituency,Coimbatore,Tamil Nadu,1500000,0,1000.0,recommended,730,2023-01-06,2025-01-05,,Jal Nigam,road,
UT09533,Lucknow Constituency,Lucknow,Uttar Pradesh,1000000,500000.0,339422.9,sanctioned,180,2023-12-04,2024-06-01,,Jal Nigam,sanitation,
TA09392,Madurai Constituency,Madurai,Tamil Nadu,300000,300000.0,522913.38,stalled,545,26-03-2024,22-09-2025,,Zilla Parishad,drinking water,81.9
UT10230,Kanpur Nagar Constituency,Kanpur Nagar,Uttar Pradesh,2000000,2000000.0,1139845.19,sanctioned,365,2023-11-11,10-11-2024,,Zilla Parishad,sanitation,
AN10415,Krishna Constituency,Krishna,Andhra Pradesh,300000,300000.0,299791.28,sanctioned,545,2024-07-21,2026-01-17,,Rural Dev Dept,school,
AN09288,Visakhapatnam Constituency,Visakhapatnam,Andhra Pradesh,1000000,500000.0,1738298.42,completed,90,2023-07-18,2023-10-16,24-11-2023,Jal Nigam,sanitation,100.0
AN10144,Krishna Constituency,Krishna,Andhra Pradesh,200000,0,0,recommended,730,2024-07-19,2026-07-19,,Zilla Parishad,road,
BI09621,Gaya Constituency,Gaya,Bihar,1000000,1000000.0,754304.26,completed,180,13-05-2024,2024-11-09,2025-05-07,Rural Dev Dept,school,100.0
KA10395,Mysuru Constituency,Mysuru,Karnataka,300000,,185997.07,sanctioned,365,2024-01-04,2025-01-03,,Jal Nigam,irrigation,
WE09419,Kolkata Constituency,Kolkata,West Bengal,200000,100000.0,259642.14,ongoing,90,2024-01-07,2024-04-06,,Zilla Parishad,electricity,38.6
UT10590,Kanpur Nagar Constituency,Kanpur Nagar,Uttar Pradesh,200000,100000.0,279428.54,SANCTIONED,180,16-10-2024,14-04-2025,,Rural Dev Dept,community hall,
AN09002,Guntur Constituency,Guntur,Andhra Pradesh,1000000,0,0,recommended,90,22-10-2023,20-01-2024,,Rural Dev Dept,electricity,
BI10268,Patna Constituency,Patna,Bihar,1000000,,445836.55,ongoing,180,2024-04-22,19-10-2024,,PWD,sanitation,51.8
BI10262,Gaya Constituency,Gaya,Bihar,1500000,1500000.0,1179717.52,sanctioned,545,2023-03-23,18-09-2024,,PWD,community hall,
TA09100,Chennai Constituency,Chennai,Tamil Nadu,300000,,82079.47,ONGOING,90,06-01-2023,2023-04-06,,Rural Dev Dept,drinking water,30.4
KA09026,Mysuru Constituency,Mysuru,Karnataka,1000000,1000000.0,782206.84,ongoing,180,2024-01-19,17-07-2024,,PWD,school,56.6
AN10283,Guntur Constituency,Guntur,Andhra Pradesh,300000,150000.0,146549.26,ongoing,365,23-10-2023,2024-10-22,,PWD,sanitation,18.3
TA09414,Chennai Constituency,Chennai,Tamil Nadu,500000,500000.0,464143.85,stalled,365,07-01-2023,2024-01-07,,Jal Nigam,electricity,20.3
BI10611,Patna Constituency,Patna,Bihar,500000,500000.0,217240.98,sanctioned,270,2023-07-24,2024-04-19,,Rural Dev Dept,community hall,
UT09996,Varanasi Constituency,Varanasi,Uttar Pradesh,500000,250000.0,689240.2,ongoing,180,2024-03-15,11-09-2024,,Rural Dev Dept,community hall,42.2
UT10591,Varanasi Constituency,Varanasi,Uttar Pradesh,1500000,750000.0,2836878.71,sanctioned,90,2024-11-08,2025-02-06,,Rural Dev Dept,sanitation,
UT09412,Lucknow Constituency,Lucknow,Uttar Pradesh,200000,0,0,recommended,90,2023-10-11,2024-01-09,,Jal Nigam,community hall,
BI10618,Gaya Constituency,Gaya,Bihar,300000,,419069.99,stalled,365,2024-09-18,2025-09-18,,PWD,community hall,93.1
RA09431,Jaipur Constituency,Jaipur,Rajasthan,750000,750000.0,563159.57,stalled,730,2024-05-11,11-05-2026,,Zilla Parishad,school,79.2
MA09340,Pune Constituency,Pune,Maharashtra,200000,0,261677.19,recommended,730,2024-08-03,2026-08-03,,Rural Dev Dept,irrigation,
UT10693,Kanpur Nagar Constituency,Kanpur Nagar,Uttar Pradesh,750000,0,1000.0,recommended,730,2024-04-01,2026-04-01,,Zilla Parishad,irrigation,
RA10524,Jodhpur Constituency,,Rajasthan,750000,375000.0,325917.04,sanctioned,90,2024-04-15,2024-07-14,,Rural Dev Dept,sanitation,
KA09516,Belagavi Constituency,Belagavi,Karnataka,500000,0,0,RECOMMENDED,270,2023-12-17,2024-09-12,,Rural Dev Dept,road,
KA09170,Bengaluru Urban Constituency,Bengaluru Urban,Karnataka,300000,0,0,RECOMMENDED,365,14-11-2024,2025-11-14,,Zilla Parishad,electricity,
UT09770,Kanpur Nagar Constituency,Kanpur Nagar,Uttar Pradesh,300000,150000.0,487120.82,ongoing,545,2024-09-08,07-03-2026,,PWD,sanitation,59.4
RA10655,Jaipur Constituency,Jaipur,Rajasthan,1500000,1500000.0,1020010.39,sanctioned,270,29-07-2024,25-04-2025,,Zilla Parishad,school,
TA10003,Madurai Constituency,Madurai,Tamil Nadu,1000000,0,0,recommended,545,2024-11-26,25-05-2026,,Rural Dev Dept,electricity,
UT10615,Lucknow Constituency,Lucknow,Uttar Pradesh,500000,250000.0,312702.06, sanctioned ,730,2024-10-07,07-10-2026,,Jal Nigam,electricity,
KA09291,Bengaluru Urban Constituency,Bengaluru Urban,Karnataka,1500000,1500000.0,1027352.86,completed,365,2024-04-24,24-04-2025,28-05-2025,Jal Nigam,sanitation,100.0
KA09299,Mysuru Constituency,Mysuru,Karnataka,300000,300000.0,143638.89,STALLED,365,2024-09-11,2025-09-11,,Rural Dev Dept,drinking water,58.6
BI10587,Gaya Constituency,Gaya,Bihar,2000000,0,0,recommended,270,2024-04-12,2025-01-07,,Zilla Parishad,school,
KE10560,Kozhikode Constituency,Kozhikode,Kerala,750000,0,0, recommended ,270,2024-02-19,2024-11-15,,Zilla Parishad,drinking water,
BI10229,Muzaffarpur Constituency,Muzaffarpur,Bihar,200000,200000.0,298271.98,stalled,545,11-07-2023,06-01-2025,,Rural Dev Dept,school,72.3
WE09413,Kolkata Constituency,Kolkata,West Bengal,200000,0,0, recommended ,90,2024-10-12,10-01-2025,,Zilla Parishad,electricity,
TA09282,Coimbatore Constituency,Coimbatore,Tamil Nadu,1000000,500000.0,217753.36,completed,90,13-05-2023,2023-08-11,12-02-2024,Jal Nigam,sanitation,100.0
UT09172,Varanasi Constituency,Varanasi,Uttar Pradesh,1500000,1500000.0,715867.06, completed ,90,2024-03-26,24-06-2024,2024-08-12,Zilla Parishad,sanitation,100.0
RA10138,Jodhpur Constituency, Jodhpur,Rajasthan,500000,0,0,recommended,545,2023-06-13,2024-12-09,,Zilla Parishad,sanitation,
KE09280,Kozhikode Constituency,Kozhikode,Kerala,2000000,2000000.0,953010.39,ongoing,180,13-11-2023,2024-05-11,,Jal Nigam,sanitation,79.0
BI10267,Muzaffarpur Constituency,Muzaffarpur,Bihar,2000000,1000000.0,838096.44, ongoing ,545,2023-02-10,08-08-2024,,PWD,community hall,30.4
UT09961,Varanasi Constituency,Varanasi,Uttar Pradesh,200000,200000.0,241032.03,STALLED,365,2024-03-19,19-03-2025,,Rural Dev Dept,school,87.2
BI09851,Muzaffarpur Constituency,Muzaffarpur,Bihar,300000,150000.0,72132.52,completed,90,2024-04-19,18-07-2024,2024-10-01,Jal Nigam,electricity,100.0
AN10365,Visakhapatnam Constituency,Visakhapatnam,Andhra Pradesh,1500000,0,2220984.89,recommended,545,2024-09-24,2026-03-23,,Zilla Parishad,community hall,
BI10587,Gaya Constituency,Gaya,Bihar,2000000,0,1000.0,recommended,270,2024-04-12,2025-01-07,,Zilla Parishad,school,
UT09089,Kanpur Nagar Constituency,Kanpur Nagar,Uttar Pradesh,300000,300000.0,263569.27,stalled,545,2024-10-11,2026-04-09,,PWD,irrigation,55.7
TA10721,Chennai Constituency,Chennai,Tamil Nadu,1000000,1000000.0,1691104.98,stalled,730,2024-09-23,23-09-2026,,Zilla Parishad,irrigation,71.7
UT10357,Kanpur Nagar Constituency,Kanpur Nagar,Uttar Pradesh,500000,500000.0,376256.5,stalled,545,14-08-2024,2026-02-10,,PWD,road,46.3
AN09348,Guntur Constituency, Guntur,Andhra Pradesh,500000,500000.0,285346.37,stalled,270,2023-01-17,2023-10-14,,Jal Nigam,drinking water,34.3
KA09273,Bengaluru Urban Constituency,Bengaluru Urban,Karnataka,750000,375000.0,914896.9,ongoing,730,2023-01-04,2025-01-03,,Rural Dev Dept,road,61.1
RA09062,Jaipur Constituency,Jaipur,Rajasthan,1500000,1500000.0,1078125.78,stalled,545,03-07-2023,2024-12-29,,Zilla Parishad,community hall,92.7
UT09687,Kanpur Nagar Constituency,Kanpur Nagar,Uttar Pradesh,300000,0,0,recommended,270,2023-06-25,2024-03-21,,PWD,electricity,
TA10546,Chennai Constituency,,Tamil Nadu,1000000,1000000.0,596629.26,stalled,180,2023-05-10,2023-11-06,,PWD,community hall,60.0
MA10626,Nagpur Constituency, Nagpur,Maharashtra,500000,250000.0,228230.89,ongoing,365,07-07-2023,2024-07-06,,Jal Nigam,electricity,81.5
RA09991,Jodhpur Constituency,Jodhpur,Rajasthan,2000000,2000000.0,1793819.75,stalled,730,24-01-2024,2026-01-23,,Zilla Parishad,electricity,54.7
AN09361,Guntur Constituency,Guntur,Andhra Pradesh,750000,0,0, recommended ,365,2023-10-02,2024-10-01,,Rural Dev Dept,electricity,
AN10306,Guntur Constituency,Guntur,Andhra Pradesh,200000,,325993.34,COMPLETED,270,27-01-2024,2024-10-23,2025-04-03,PWD,electricity,100.0
TA09110,Coimbatore Constituency,Coimbatore,Tamil Nadu,200000,0,0,recommended,180,2023-05-12,08-11-2023,,Zilla Parishad,sanitation,
UT09095,Varanasi Constituency,Varanasi,Uttar Pradesh,750000,0,924821.47,recommended,90,2023-10-14,12-01-2024,,Rural Dev Dept,road,
TA09715,Madurai Constituency, Madurai,Tamil Nadu,1000000,1000000.0,560079.85,completed,730,2024-07-12,12-07-2026,2026-08-23,Jal Nigam,school,100.0
WE10451,Howrah Constituency,Howrah,West Bengal,2000000,1000000.0,672369.14,COMPLETED,545,2023-06-07,2024-12-03,2024-12-09,Rural Dev Dept,sanitation,100.0
UT09989,Lucknow Constituency,Lucknow,Uttar Pradesh,750000,750000.0,553575.12,stalled,730,2023-08-24,2025-08-23,,Rural Dev Dept,electricity,46.8
BI09267,Patna Constituency,Patna,Bihar,1500000,750000.0,666121.61,completed,270,2024-07-11,2025-04-07,2025-05-21,PWD,community hall,100.0
BI10725,Gaya Constituency,Gaya,Bihar,300000,150000.0,175467.35,ONGOING,545,2024-01-28,2025-07-26,,Rural Dev Dept,community hall,59.3
AN09303,Guntur Constituency,Guntur,Andhra Pradesh,1500000,1500000.0,803913.62,stalled,545,2023-07-03,2024-12-29,,Rural Dev Dept,road,56.7
MA10383,Nagpur Constituency,Nagpur,Maharashtra,300000,300000.0,154738.9,STALLED,90,2023-12-19,2024-03-18,,Jal Nigam,irrigation,70.1
KA10656,Mysuru Constituency,Mysuru,Karnataka,200000,100000.0,45686.73, stalled ,365,04-10-2024,2025-10-04,,Jal Nigam,school,66.7
UT09068,Lucknow Constituency,Lucknow,Uttar Pradesh,2000000,1000000.0,897638.89,completed,730,2024-10-06,2026-10-06,2027-04-19,Jal Nigam,community hall,100.0
RA10652,Jaipur Constituency,Jaipur,Rajasthan,1000000,1000000.0,1466930.28,STALLED,545,2024-10-25,2026-04-23,,Zilla Parishad,sanitation,40.6
UT10608,Lucknow Constituency,Lucknow,Uttar Pradesh,1500000,1500000.0,732055.92,stalled,545,21-09-2023,19-03-2025,,Rural Dev Dept,electricity,62.5
UT09701,Lucknow Constituency,Lucknow,Uttar Pradesh,500000,500000.0,220304.88,ongoing,365,14-01-2024,13-01-2025,,Rural Dev Dept,electricity,39.2
TA09441,Coimbatore Constituency,Coimbatore,Tamil Nadu,500000,0,796622.12,RECOMMENDED,365,11-03-2023,10-03-2024,,Rural Dev Dept,irrigation,
AN09052,Guntur Constituency, Guntur,Andhra Pradesh,300000,150000.0,75135.76,ONGOING,90,2023-04-18,2023-07-17,,Rural Dev Dept,irrigation,83.1
WE09333,Kolkata Constituency,Kolkata,West Bengal,1000000,500000.0,231564.45,ongoing,180,2023-05-16,2023-11-12,,PWD,school,32.2
BI09769,Gaya Constituency,Gaya,Bihar,1000000,1000000.0,515303.86,completed,180,2023-06-18,2023-12-15,2023-12-28,Zilla Parishad,community hall,100.0
KE10672,Ernakulam Constituency,Ernakulam,Kerala,2000000,2000000.0,1872173.59,stalled,730,2024-05-25,2026-05-25,,Zilla Parishad,drinking water,88.5
UT10089,Lucknow Constituency,Lucknow,Uttar Pradesh,500000,500000.0,428290.23,ongoing,545,11-08-2023,06-02-2025,,PWD,electricity,67.3
KA10499,Belagavi Constituency,Belagavi,Karnataka,2000000,2000000.0,833547.4,COMPLETED,365,2023-05-10,2024-05-09,2024-06-20,Zilla Parishad,drinking water,100.0
TA09193,Coimbatore Constituency,Coimbatore,Tamil Nadu,300000,0,393268.25,RECOMMENDED,365,2023-04-24,2024-04-23,,Rural Dev Dept,school,
WE09242,Howrah Constituency,Howrah,West Bengal,200000,200000.0,144602.48, stalled ,270,2023-09-14,2024-06-10,,Rural Dev Dept,road,30.1
TA10251,Chennai Constituency,Chennai,Tamil Nadu,300000,150000.0,97012.48,completed,730,2023-04-03,2025-04-02,25-05-2025,Jal Nigam,school,100.0
UT09593,Kanpur Nagar Constituency,Kanpur Nagar,Uttar Pradesh,500000,250000.0,240203.0,sanctioned,180,2023-06-06,03-12-2023,,PWD,drinking water,
KE10313,Ernakulam Constituency,Ernakulam,Kerala,750000,750000.0,1031061.53,ongoing,180,2024-09-10,09-03-2025,,PWD,irrigation,70.7
MA10056,Nagpur Constituency,Nagpur,Maharashtra,1000000,500000.0,228619.27,stalled,180,21-05-2024,2024-11-17,,Jal Nigam,irrigation,27.4
TA10572,Chennai Constituency,Chennai,Tamil Nadu,500000,250000.0,453134.93,completed,270,2024-02-10,2024-11-06,13-10-2024,Rural Dev Dept,electricity,100.0
AN09984,Visakhapatnam Constituency,Visakhapatnam,Andhra Pradesh,1500000,0,0,recommended,730,2024-10-12,2026-10-12,,PWD,irrigation,
RA09336,Jodhpur Constituency,Jodhpur,Rajasthan,300000,300000.0,207159.63,completed,270,2023-01-25,2023-10-22,31-12-2023,Jal Nigam,school,100.0
AN09572,Visakhapatnam Constituency,Visakhapatnam,Andhra Pradesh,500000,500000.0,202181.19,ONGOING,730,2024-08-02,02-08-2026,,Zilla Parishad,school,12.0
WE10690,Howrah Constituency,Howrah,West Bengal,750000,0,1000.0,recommended,365,2024-05-28,2025-05-28,,Zilla Parishad,community hall,
KA10026,Bengaluru Urban Constituency,Bengaluru Urban,Karnataka,200000,100000.0,70814.69, sanctioned ,90,2024-07-27,2024-10-25,,Jal Nigam,school,
UT09079,Varanasi Constituency,Varanasi,Uttar Pradesh,750000,750000.0,998227.43,ongoing,270,2023-09-21,17-06-2024,,PWD,school,16.6
KE09473,Kozhikode Constituency,Kozhikode,Kerala,2000000,0,3095415.42,recommended,365,02-08-2024,2025-08-02,,Jal Nigam,community hall,
BI10644,Gaya Constituency,Gaya,Bihar,500000,500000.0,674665.9, stalled ,180,2023-05-03,2023-10-30,,Zilla Parishad,drinking water,59.4
KA09935,Bengaluru Urban Constituency,Bengaluru Urban,Karnataka,500000,500000.0,283978.47,ongoing,545,2023-06-15,2024-12-11,,PWD,community hall,89.7
MA09341,Nagpur Constituency,Nagpur,Maharashtra,750000,0,0,recommended,365,2023-01-14,14-01-2024,,Zilla Parishad,school,
BI09922,Patna Constituency,Patna,Bihar,1500000,750000.0,324293.02, ongoing ,90,2023-02-04,2023-05-05,,Zilla Parishad,road,31.2
TA10697,Chennai Constituency,Chennai,Tamil Nadu,1500000,1500000.0,1445636.99, ongoing ,545,2024-08-04,2026-01-31,,Zilla Parishad,school,45.9
WE10151,Howrah Constituency,Howrah,West Bengal,300000,150000.0,104545.23, completed ,180,2023-01-04,03-07-2023,19-10-2023,Zilla Parishad,school,100.0
WE09667,Kolkata Constituency,Kolkata,West Bengal,750000,0,0,recommended,90,2024-03-29,2024-06-27,,PWD,community hall,
TA09889,Madurai Constituency,Madurai,Tamil Nadu,200000,200000.0,181770.99,completed,180,2024-10-24,22-04-2025,18-06-2025,Rural Dev Dept,drinking water,100.0
UT10719,Lucknow Constituency,Lucknow,Uttar Pradesh,2000000,1000000.0,747623.69,stalled,270,2023-01-16,13-10-2023,,Zilla Parishad,sanitation,89.4
WE10187,Howrah Constituency,Howrah,West Bengal,1000000,1000000.0,630576.37,stalled,180,2024-03-27,2024-09-23,,Rural Dev Dept,electricity,19.7
MA10397,Nagpur Constituency,Nagpur,Maharashtra,500000,500000.0,207719.49,completed,365,2023-10-03,2024-10-02,21-12-2024,Zilla Parishad,irrigation,100.0
KA10070,Bengaluru Urban Constituency,Bengaluru Urban,Karnataka,500000,250000.0,147917.99,completed,730,2024-08-07,2026-08-07,2026-09-24,Rural Dev Dept,drinking water,100.0
KA09813,Belagavi Constituency,Belagavi,Karnataka,500000,0,747484.66,recommended,730,27-07-2023,2025-07-26,,Rural Dev Dept,sanitation,
UT09190,Lucknow Constituency,Lucknow,Uttar Pradesh,1500000,750000.0,355074.33,STALLED,270,2023-11-05,01-08-2024,,PWD,electricity,33.6
BI10179,Muzaffarpur Constituency,Muzaffarpur,Bihar,300000,300000.0,515545.97,stalled,545,21-03-2024,17-09-2025,,Zilla Parishad,community hall,80.3
UT10627,Kanpur Nagar Constituency,Kanpur Nagar,Uttar Pradesh,1000000,1000000.0,1289187.06,completed,180,2024-07-26,2025-01-22,2025-04-17,Jal Nigam,electricity,100.0
RA10488,Jaipur Constituency,Jaipur,Rajasthan,1500000,750000.0,576253.74,stalled,180,2023-04-04,2023-10-01,,Zilla Parishad,sanitation,35.3
WE10359,Howrah Constituency,Howrah,West Bengal,200000,0,257903.5,RECOMMENDED,730,24-08-2023,2025-08-23,,Rural Dev Dept,road,
TA09892,Coimbatore Constituency,Coimbatore,Tamil Nadu,200000,0,0,recommended,365,2023-04-15,2024-04-14,,Rural Dev Dept,drinking water,
KE09692,Kozhikode Constituency,Kozhikode,Kerala,1500000,750000.0,397136.43,sanctioned,270,17-08-2024,14-05-2025,,Rural Dev Dept,school,
UT10459,Kanpur Nagar Constituency,Kanpur Nagar,Uttar Pradesh,500000,500000.0,287169.26,completed,730,2023-04-19,2025-04-18,05-10-2025,Rural Dev Dept,irrigation,100.0
BI09943,Patna Constituency,Patna,Bihar,2000000,1000000.0,696379.73,sanctioned,730,2024-08-27,2026-08-27,,Jal Nigam,community hall,
UT09315,Varanasi Constituency,Varanasi,Uttar Pradesh,750000,,516371.57,COMPLETED,180,09-05-2023,05-11-2023,2024-05-12,Zilla Parishad,electricity,100.0
UT10297,Lucknow Constituency,Lucknow,Uttar Pradesh,300000,300000.0,248620.66,ongoing,545,26-02-2023,2024-08-24,,PWD,community hall,37.8
AN10616,Visakhapatnam Constituency,Visakhapatnam,Andhra Pradesh,200000,,144134.74,stalled,365,2023-08-08,2024-08-07,,Rural Dev Dept,sanitation,14.1
WE09977,Howrah Constituency,Howrah,West Bengal,500000,0,0,RECOMMENDED,180,2023-10-01,29-03-2024,,Jal Nigam,school,
UT09619,Kanpur Nagar Constituency,Kanpur Nagar,Uttar Pradesh,200000,100000.0,87760.35,stalled,545,2023-02-11,09-08-2024,,Zilla Parishad,road,94.7
KA10304,Belagavi Constituency,Belagavi,Karnataka,2000000,2000000.0,1841208.09,STALLED,365,2024-01-16,15-01-2025,,Jal Nigam,drinking water,70.3
AN09976,Krishna Constituency,Krishna,Andhra Pradesh,2000000,2000000.0,1814000.99,completed,545,2024-10-31,2026-04-29,2026-09-07,Rural Dev Dept,irrigation,100.0
TA09141,Chennai Constituency,Chennai,Tamil Nadu,2000000,0,0,recommended,545,2023-03-03,2024-08-29,,Rural Dev Dept,irrigation,
WE09320,Kolkata Constituency,Kolkata,West Bengal,1000000,0,1295049.72,recommended,730,05-02-2023,2025-02-04,,Rural Dev Dept,electricity,
TA09690,Coimbatore Constituency,Coimbatore,Tamil Nadu,1500000,0,0,recommended,545,2023-05-17,12-11-2024,,Rural Dev Dept,community hall,
TA10555,Chennai Constituency,Chennai,Tamil Nadu,1000000,1000000.0,1760515.6,completed,90,31-08-2024,2024-11-29,13-11-2024,Rural Dev Dept,drinking water,100.0
MA10582,Nagpur Constituency,Nagpur,Maharashtra,750000,750000.0,629596.82,STALLED,270,2024-02-11,2024-11-07,,Zilla Parishad,school,39.7
RA10563,Jodhpur Constituency,Jodhpur,Rajasthan,1500000,1500000.0,1280900.95,COMPLETED,545,2024-09-10,2026-03-09,2026-06-17,PWD,sanitation,100.0
KA09798,Belagavi Constituency,Belagavi,Karnataka,1000000,1000000.0,1328003.33,ongoing,90,02-11-2024,31-01-2025,,PWD,community hall,43.4
UT10706,Lucknow Constituency,Lucknow,Uttar Pradesh,200000,100000.0,63033.18,ongoing,730,2024-04-25,25-04-2026,,Rural Dev Dept,drinking water,94.0
KE09861,Kozhikode Constituency,Kozhikode,Kerala,200000,200000.0,108693.37,sanctioned,365,10-01-2024,09-01-2025,,Zilla Parishad,sanitation,
RA09877,Jodhpur Constituency,Jodhpur,Rajasthan,1000000,0,0,recommended,365,2024-05-20,2025-05-20,,PWD,electricity,
TA10714,Chennai Constituency,Chennai,Tamil Nadu,1000000,1000000.0,1128910.45,STALLED,545,2024-08-13,2026-02-09,,PWD,drinking water,21.3
BI10597,Muzaffarpur Constituency,Muzaffarpur,Bihar,500000,0,1000.0, recommended ,180,2024-07-18,14-01-2025,,PWD,road,
RA09120,Jaipur Constituency,Jaipur,Rajasthan,500000,0,0,recommended,180,2024-04-15,2024-10-12,,PWD,sanitation,
RA10450,Jodhpur Constituency,Jodhpur,Rajasthan,750000,0,0,RECOMMENDED,90,07-11-2023,05-02-2024,,PWD,drinking water,
TA10072,Chennai Constituency,Chennai,Tamil Nadu,2000000,1000000.0,745437.78,sanctioned,545,24-12-2023,2025-06-21,,Zilla Parishad,irrigation,
KE09025,Ernakulam Constituency,Ernakulam,Kerala,2000000,0,0,recommended,730,2023-09-06,2025-09-05,,Rural Dev Dept,electricity,
TA09579,Chennai Constituency,Chennai,Tamil Nadu,1000000,500000.0,429398.07,COMPLETED,730,28-10-2024,2026-10-28,20-04-2027,Jal Nigam,irrigation,100.0
RA09491,Jaipur Constituency,Jaipur,Rajasthan,1500000,750000.0,310509.91,stalled,270,2023-02-11,2023-11-08,,Jal Nigam,community hall,46.6
KA10727,Belagavi Constituency,Belagavi,Karnataka,1500000,1500000.0,1599219.98,ongoing,365,2024-01-04,2025-01-03,,Jal Nigam,drinking water,64.8
UT10648,Lucknow Constituency,Lucknow,Uttar Pradesh,750000,750000.0,758094.79,ONGOING,365,12-05-2024,12-05-2025,,Zilla Parishad,drinking water,94.4
TA10703,Madurai Constituency,Madurai,Tamil Nadu,750000,750000.0,353259.15,stalled,365,2023-08-29,2024-08-28,,Jal Nigam,community hall,37.9
BI09416,Muzaffarpur Constituency,Muzaffarpur,Bihar,300000,150000.0,115470.78,ONGOING,365,27-11-2024,27-11-2025,,Jal Nigam,electricity,52.1
KA09610,Belagavi Constituency,Belagavi,Karnataka,300000,0,0,recommended,180,2024-03-24,20-09-2024,,Rural Dev Dept,irrigation,
BI10725,Gaya Constituency,Gaya,Bihar,300000,150000.0,93681.17,ONGOING,545,2024-01-28,2025-07-26,,Rural Dev Dept,community hall,59.3
TA09972,Chennai Constituency,Chennai,Tamil Nadu,200000,0,0, recommended ,90,2023-12-22,2024-03-21,,Zilla Parishad,drinking water,
BI09236,Muzaffarpur Constituency,Muzaffarpur,Bihar,1000000,1000000.0,715506.99,sanctioned,730,2024-05-16,2026-05-16,,Rural Dev Dept,electricity,
UT09180,Varanasi Constituency,Varanasi,Uttar Pradesh,300000,150000.0,116600.84,sanctioned,730,2023-12-17,2025-12-16,,Rural Dev Dept,drinking water,
UT10190,Varanasi Constituency,Varanasi,Uttar Pradesh,1000000,1000000.0,428273.99,completed,270,01-09-2023,2024-05-28,2024-05-09,Rural Dev Dept,road,100.0
TA10505,Madurai Constituency,,Tamil Nadu,750000,0,0,recommended,180,2024-11-05,2025-05-04,,Zilla Parishad,drinking water,
KA09988,Mysuru Constituency,Mysuru,Karnataka,1500000,0,0,recommended,730,2024-03-27,2026-03-27,,Jal Nigam,road,
BI09644,Gaya Constituency,Gaya,Bihar,750000,0,0,recommended,90,2023-06-04,2023-09-02,,Rural Dev Dept,road,
MA10341,Nagpur Constituency,Nagpur,Maharashtra,200000,100000.0,48898.61,completed,545,2024-07-24,2026-01-20,2026-03-14,Zilla Parishad,road,100.0
KA09086,Belagavi Constituency,Belagavi,Karnataka,750000,0,0,recommended,270,2023-06-05,01-03-2024,,Jal Nigam,road,
TA10765,Chennai Constituency,Chennai,Tamil Nadu,2000000,1000000.0,706158.06,ONGOING,730,2023-01-24,23-01-2025,,Zilla Parishad,sanitation,75.4
KE09312,Kozhikode Constituency,Kozhikode,Kerala,1000000,500000.0,492370.33,ongoing,270,2023-09-19,15-06-2024,,Zilla Parishad,drinking water,14.6
KE10071,Kozhikode Constituency,Kozhikode,Kerala,2000000,0,0,recommended,545,2023-02-13,2024-08-11,,Jal Nigam,drinking water,
UT10631,Kanpur Nagar Constituency,Kanpur Nagar,Uttar Pradesh,2000000,1000000.0,477694.22,COMPLETED,270,2024-11-11,08-08-2025,13-09-2025,Zilla Parishad,drinking water,100.0
UT10762,Kanpur Nagar Constituency, Kanpur Nagar,Uttar Pradesh,1000000,1000000.0,578151.96,sanctioned,365,2024-07-23,23-07-2025,,Jal Nigam,school,
UT10694,Lucknow Constituency,Lucknow,Uttar Pradesh,2000000,2000000.0,1531305.52,stalled,545,2024-06-16,2025-12-13,,Jal Nigam,drinking water,70.7
KE09608,Ernakulam Constituency,Ernakulam,Kerala,1000000,0,0,recommended,365,2024-06-22,22-06-2025,,Jal Nigam,sanitation,
TA10408,Madurai Constituency,Madurai,Tamil Nadu,2000000,2000000.0,1211288.44,COMPLETED,180,2023-05-18,2023-11-14,2024-02-04,Zilla Parishad,irrigation,100.0
KA09928,Belagavi Constituency,Belagavi,Karnataka,200000,200000.0,326990.93, ongoing ,545,2023-12-28,2025-06-25,,Jal Nigam,drinking water,74.4
KE09096,Ernakulam Constituency, Ernakulam,Kerala,500000,500000.0,495174.27,sanctioned,270,07-05-2024,01-02-2025,,PWD,drinking water,
UT09081,Kanpur Nagar Constituency,Kanpur Nagar,Uttar Pradesh,1000000,,1583744.85,completed,90,2024-02-29,2024-05-29,2024-07-17,Jal Nigam,irrigation,100.0
AN10701,Visakhapatnam Constituency,Visakhapatnam,Andhra Pradesh,2000000,1000000.0,3906112.1,ongoing,180,19-07-2023,15-01-2024,,Rural Dev Dept,sanitation,29.3
BI09257,Gaya Constituency,Gaya,Bihar,1500000,1500000.0,737070.99, completed ,730,2023-11-04,2025-11-03,2026-01-12,Rural Dev Dept,road,100.0
UT10627,Kanpur Nagar Constituency,Kanpur Nagar,Uttar Pradesh,1000000,1000000.0,915776.7,completed,180,2024-07-26,2025-01-22,2025-04-17,Jal Nigam,electricity,100.0
RA09265,Jaipur Constituency,Jaipur,Rajasthan,300000,0,0,recommended,90,2023-06-07,2023-09-05,,Zilla Parishad,road,
UT10522,Varanasi Constituency,,Uttar Pradesh,1500000,0,2067594.87,RECOMMENDED,270,2023-10-21,2024-07-17,,PWD,irrigation,
UT10249,Kanpur Nagar Constituency,Kanpur Nagar,Uttar Pradesh,1000000,1000000.0,663546.09,ongoing,730,2023-02-23,2025-02-22,,PWD,community hall,80.2
UT10705,Varanasi Constituency, Varanasi,Uttar Pradesh,500000,250000.0,240882.26,completed,90,2024-06-23,21-09-2024,2024-10-25,Rural Dev Dept,road,100.0
RA10528,Jodhpur Constituency,,Rajasthan,500000,250000.0,742815.28,stalled,365,2024-07-03,2025-07-03,,Rural Dev Dept,sanitation,75.2
UT09253,Lucknow Constituency,Lucknow,Uttar Pradesh,750000,750000.0,560319.96,ongoing,180,2023-07-27,23-01-2024,,Jal Nigam,drinking water,71.2
AN09258,Guntur Constituency,Guntur,Andhra Pradesh,1000000,500000.0,1391693.11,stalled,545,2023-09-08,2025-03-06,,Rural Dev Dept,school,58.6
KA09955,Mysuru Constituency,Mysuru,Karnataka,500000,500000.0,337168.94,ongoing,365,20-10-2023,2024-10-19,,PWD,community hall,24.7
KA09598,Belagavi Constituency,Belagavi,Karnataka,1500000,1500000.0,843814.98, ongoing ,545,2024-03-16,12-09-2025,,PWD,drinking water,52.9
MA09221,Nagpur Constituency,Nagpur,Maharashtra,750000,0,0,recommended,365,22-03-2023,2024-03-21,,Rural Dev Dept,school,
KA09178,Mysuru Constituency,Mysuru,Karnataka,750000,375000.0,259787.93,ONGOING,270,2024-09-04,2025-06-01,,Rural Dev Dept,community hall,80.9
BI10195,Patna Constituency,Patna,Bihar,750000,750000.0,652797.94,ongoing,730,2024-02-02,2026-02-01,,PWD,community hall,59.0
KE09788,Kozhikode Constituency,Kozhikode,Kerala,1500000,0,0, recommended ,90,2024-01-18,2024-04-17,,Zilla Parishad,electricity,
RA10599,Jodhpur Constituency,Jodhpur,Rajasthan,200000,200000.0,213466.77,COMPLETED,365,31-01-2023,31-01-2024,23-07-2024,Rural Dev Dept,road,100.0
RA09905,Jodhpur Constituency,Jodhpur,Rajasthan,1000000,500000.0,205131.14,completed,545,2024-11-05,2026-05-04,2026-10-15,Jal Nigam,road,100.0
KA10082,Belagavi Constituency,Belagavi,Karnataka,1000000,500000.0,422684.56,ongoing,90,2023-01-29,2023-04-29,,Zilla Parishad,community hall,11.6
KA10078,Belagavi Constituency,Belagavi,Karnataka,2000000,2000000.0,1278161.18,completed,180,01-12-2023,2024-05-29,2024-06-20,Zilla Parishad,drinking water,100.0
AN10733,Krishna Constituency,Krishna,Andhra Pradesh,1500000,1500000.0,3414734.67,completed,90,2023-01-20,20-04-2023,2023-06-19,Jal Nigam,drinking water,100.0
KA10054,Mysuru Constituency,Mysuru,Karnataka,2000000,1000000.0,869985.23,ongoing,90,2023-01-03,2023-04-03,,Zilla Parishad,sanitation,35.9
RA09146,Jodhpur Constituency,Jodhpur,Rajasthan,500000,0,770036.94,recommended,180,2023-05-23,2023-11-19,,Rural Dev Dept,community hall,
AN10315,Guntur Constituency,Guntur,Andhra Pradesh,500000,250000.0,112052.2,ongoing,365,2023-04-29,28-04-2024,,Rural Dev Dept,electricity,29.5
BI09575,Gaya Constituency,Gaya,Bihar,500000,500000.0,271621.92, sanctioned ,90,2023-06-10,08-09-2023,,Zilla Parishad,community hall,
BI09218,Patna Constituency,Patna,Bihar,750000,750000.0,530084.51,SANCTIONED,270,2024-08-02,2025-04-29,,PWD,drinking water,
MA09782,Pune Constituency,Pune,Maharashtra,500000,500000.0,362202.96, sanctioned ,180,08-03-2023,04-09-2023,,Rural Dev Dept,drinking water,
UT09751,Varanasi Constituency,Varanasi,Uttar Pradesh,500000,250000.0,188858.18,ongoing,730,03-12-2023,2025-12-02,,Zilla Parishad,community hall,68.7
BI10674,Muzaffarpur Constituency,Muzaffarpur,Bihar,1000000,1000000.0,2353495.01,sanctioned,730,2024-09-23,2026-09-23,,PWD,irrigation,
UT09181,Lucknow Constituency,Lucknow,Uttar Pradesh,300000,150000.0,96487.66,stalled,365,09-06-2023,2024-06-08,,Jal Nigam,drinking water,56.3
KA09433,Belagavi Constituency, Belagavi,Karnataka,2000000,1000000.0,3566335.73,STALLED,730,08-02-2023,2025-02-07,,Zilla Parishad,electricity,60.8
BI10332,Muzaffarpur Constituency,Muzaffarpur,Bihar,300000,150000.0,432384.52,sanctioned,180,2024-04-04,2024-10-01,,Rural Dev Dept,school,
UT10590,Kanpur Nagar Constituency,Kanpur Nagar,Uttar Pradesh,200000,100000.0,478030.59,SANCTIONED,180,16-10-2024,14-04-2025,,Rural Dev Dept,community hall,
KE10044,Kozhikode Constituency,Kozhikode,Kerala,2000000,2000000.0,824004.2,sanctioned,270,2024-01-05,2024-10-01,,PWD,school,
WE10748,Kolkata Constituency,Kolkata,West Bengal,2000000,1000000.0,849192.3, sanctioned ,365,2023-01-28,2024-01-28,,Jal Nigam,community hall,
TA09749,Chennai Constituency,Chennai,Tamil Nadu,1500000,0,2010304.92,recommended,180,2024-04-04,01-10-2024,,Jal Nigam,drinking water,
BI09151,Muzaffarpur Constituency,Muzaffarpur,Bihar,500000,250000.0,186466.73,sanctioned,270,05-08-2023,01-05-2024,,Rural Dev Dept,electricity,
KA09137,Bengaluru Urban Constituency,Bengaluru Urban,Karnataka,500000,0,0,recommended,730,2023-12-19,18-12-2025,,Jal Nigam,irrigation,
BI10678,Gaya Constituency,Gaya,Bihar,200000,100000.0,62381.29,ongoing,365,09-03-2023,2024-03-08,,Jal Nigam,drinking water,82.8
BI09374,Patna Constituency,Patna,Bihar,2000000,1000000.0,976969.21,ongoing,180,2024-03-08,2024-09-04,,Zilla Parishad,road,68.2
RA09699,Jaipur Constituency,Jaipur,Rajasthan,1000000,1000000.0,553853.26,stalled,730,2023-07-26,2025-07-25,,PWD,community hall,13.7
BI10603,Patna Constituency,Patna,Bihar,750000,375000.0,339783.47,stalled,90,2024-07-14,2024-10-12,,PWD,drinking water,18.5
TA10633,Coimbatore Constituency,Coimbatore,Tamil Nadu,2000000,1000000.0,918430.42,stalled,730,2024-05-14,2026-05-14,,Rural Dev Dept,road,38.4
KA09725,Bengaluru Urban Constituency,Bengaluru Urban,Karnataka,500000,250000.0,234542.19,ONGOING,730,2023-07-06,05-07-2025,,PWD,electricity,33.1
BI09197,Gaya Constituency,Gaya,Bihar,200000,0,0,recommended,180,2024-10-19,2025-04-17,,PWD,school,
TA10721,Chennai Constituency,Chennai,Tamil Nadu,1000000,1000000.0,930647.02,stalled,730,2024-09-23,23-09-2026,,Zilla Parishad,irrigation,71.7
AN10649,Guntur Constituency,Guntur,Andhra Pradesh,300000,300000.0,251040.65, sanctioned ,365,24-06-2023,23-06-2024,,Jal Nigam,road,
BI10770,Muzaffarpur Constituency,Muzaffarpur,Bihar,1500000,0,0,recommended,90,04-04-2023,2023-07-03,,Rural Dev Dept,community hall,
UT09584,Kanpur Nagar Constituency,Kanpur Nagar,Uttar Pradesh,500000,0,0,recommended,90,2023-01-07,2023-04-07,,Zilla Parishad,school,
RA09144,Jodhpur Constituency,Jodhpur,Rajasthan,500000,500000.0,424414.89,ongoing,270,2024-02-26,2024-11-22,,Jal Nigam,sanitation,40.6
KE10241,Ernakulam Constituency,Ernakulam,Kerala,500000,500000.0,249792.7,sanctioned,270,2023-09-29,25-06-2024,,PWD,irrigation,
WE09963,Howrah Constituency,Howrah,West Bengal,500000,,490749.76, sanctioned ,180,2023-02-27,2023-08-26,,Zilla Parishad,community hall,
KA10349,Mysuru Constituency,Mysuru,Karnataka,2000000,2000000.0,1193799.27, sanctioned ,730,16-01-2023,2025-01-15,,Jal Nigam,school,
TA10421,Coimbatore Constituency,Coimbatore,Tamil Nadu,500000,0,0,RECOMMENDED,180,2024-07-02,2024-12-29,,Rural Dev Dept,school,
RA09792,Jaipur Constituency,Jaipur,Rajasthan,1000000,1000000.0,710418.43,STALLED,270,2024-02-28,2024-11-24,,PWD,electricity,44.4
RA09138,Jaipur Constituency,Jaipur,Rajasthan,1000000,0,0,recommended,730,11-11-2023,2025-11-10,,Jal Nigam,school,
BI10019,Muzaffarpur Constituency,Muzaffarpur,Bihar,2000000,1000000.0,434969.53,ONGOING,180,2023-12-09,2024-06-06,,PWD,road,31.2
AN10098,Visakhapatnam Constituency,Visakhapatnam,Andhra Pradesh,750000,750000.0,662138.71,sanctioned,730,2023-11-02,01-11-2025,,Zilla Parishad,school,
RA09911,Jodhpur Constituency,Jodhpur,Rajasthan,750000,750000.0,387783.69,stalled,90,21-11-2023,2024-02-19,,Jal Nigam,irrigation,81.8
AN09275,Visakhapatnam Constituency,Visakhapatnam,Andhra Pradesh,500000,500000.0,243591.56,ongoing,270,2023-06-18,2024-03-14,,PWD,electricity,85.7
TA09003,Chennai Constituency,Chennai,Tamil Nadu,1500000,1500000.0,2284258.25,STALLED,90,2023-12-15,2024-03-14,,Rural Dev Dept,school,34.4
BI09909,Gaya Constituency,Gaya,Bihar,1500000,1500000.0,644777.95,stalled,180,26-01-2023,2023-07-25,,Rural Dev Dept,community hall,34.3
AN09354,Visakhapatnam Constituency,Visakhapatnam,Andhra Pradesh,2000000,2000000.0,2604974.77,ongoing,270,29-07-2024,25-04-2025,,Jal Nigam,road,62.5
KA10569,Bengaluru Urban Constituency,Bengaluru Urban,Karnataka,1500000,750000.0,799260.06,sanctioned,90,2024-11-11,09-02-2025,,Jal Nigam,irrigation,
KA09635,Mysuru Constituency, Mysuru,Karnataka,1000000,1000000.0,578381.15,COMPLETED,180,2024-11-23,2025-05-22,2025-04-23,PWD,community hall,100.0
KA10232,Mysuru Constituency,Mysuru,Karnataka,750000,750000.0,705527.95,stalled,270,19-12-2023,2024-09-14,,Rural Dev Dept,irrigation,48.1
MA10661,Nagpur Constituency,Nagpur,Maharashtra,1000000,1000000.0,448984.29,stalled,365,20-02-2024,2025-02-19,,PWD,drinking water,17.5
BI09662,Muzaffarpur Constituency,Muzaffarpur,Bihar,1000000,500000.0,468063.51,stalled,730,18-07-2023,2025-07-17,,PWD,school,29.3
RA09567,Jodhpur Constituency,Jodhpur,Rajasthan,2000000,2000000.0,1284891.93,stalled,270,2023-03-13,2023-12-08,,Zilla Parishad,sanitation,30.6
BI09953,Muzaffarpur Constituency,Muzaffarpur,Bihar,1500000,,764656.57,ONGOING,180,2023-02-25,24-08-2023,,PWD,sanitation,56.6
AN10601,Krishna Constituency,Krishna,Andhra Pradesh,2000000,2000000.0,1598112.54,sanctioned,545,2024-05-28,24-11-2025,,PWD,sanitation,
UT10635,Kanpur Nagar Constituency,Kanpur Nagar,Uttar Pradesh,750000,0,1000.0,recommended,365,2024-02-10,2025-02-09,,PWD,drinking water,
UT09903,Varanasi Constituency,Varanasi,Uttar Pradesh,750000,750000.0,354550.52,completed,365,2023-05-15,2024-05-14,2024-04-23,Zilla Parishad,sanitation,100.0
RA10325,Jaipur Constituency,Jaipur,Rajasthan,200000,200000.0,97228.5,ongoing,365,2024-03-08,2025-03-08,,PWD,irrigation,50.1
TA10544,Madurai Constituency,,Tamil Nadu,750000,750000.0,611888.88,stalled,270,06-03-2023,2023-12-01,,Zilla Parishad,sanitation,87.6
AN09383,Visakhapatnam Constituency,Visakhapatnam,Andhra Pradesh,1000000,0,0,RECOMMENDED,730,2023-03-05,04-03-2025,,Rural Dev Dept,irrigation,
WE09917,Kolkata Constituency,Kolkata,West Bengal,1000000,1000000.0,622543.2,ongoing,730,01-03-2024,01-03-2026,,PWD,electricity,48.6
BI09596,Muzaffarpur Constituency,Muzaffarpur,Bihar,200000,200000.0,91370.97,ongoing,180,2023-08-20,2024-02-16,,PWD,road,11.1
AN09587,Guntur Constituency,Guntur,Andhra Pradesh,500000,0,0,recommended,270,18-09-2024,15-06-2025,,PWD,community hall,
UT10749,Kanpur Nagar Constituency,Kanpur Nagar,Uttar Pradesh,200000,100000.0,93800.82,stalled,365,2023-12-30,2024-12-29,,Jal Nigam,drinking water,71.1
TA09429,Coimbatore Constituency,Coimbatore,Tamil Nadu,1500000,1500000.0,638315.71, sanctioned ,365,10-11-2024,2025-11-10,,Zilla Parishad,community hall,
TA09564,Chennai Constituency,Chennai,Tamil Nadu,1500000,0,0, recommended ,365,06-11-2024,2025-11-06,,Rural Dev Dept,drinking water,
KE10021,Ernakulam Constituency, Ernakulam,Kerala,500000,500000.0,229295.01, completed ,180,2023-12-19,2024-06-16,04-09-2024,Rural Dev Dept,road,100.0
KA10095,Mysuru Constituency,Mysuru,Karnataka,2000000,1000000.0,634745.03,completed,545,2024-09-04,2026-03-03,2026-02-18,Rural Dev Dept,irrigation,100.0
KA09440,Belagavi Constituency,Belagavi,Karnataka,750000,750000.0,360493.87,sanctioned,730,03-08-2023,2025-08-02,,Rural Dev Dept,community hall,
UT09029,Lucknow Constituency,Lucknow,Uttar Pradesh,500000,500000.0,256609.15,STALLED,270,2023-05-18,2024-02-12,,Zilla Parishad,irrigation,73.5
TA09126,Coimbatore Constituency, Coimbatore,Tamil Nadu,1500000,1500000.0,2115836.86,stalled,365,25-03-2024,25-03-2025,,Jal Nigam,irrigation,24.6
UT09196,Lucknow Constituency,Lucknow,Uttar Pradesh,2000000,0,3028473.79,recommended,270,27-08-2024,24-05-2025,,Jal Nigam,school,
UT09398,Lucknow Constituency,Lucknow,Uttar Pradesh,500000,500000.0,428464.06,completed,180,2024-04-24,2024-10-21,2025-03-29,Jal Nigam,school,100.0
KE10305,Ernakulam Constituency,Ernakulam,Kerala,500000,0,779168.1,recommended,365,16-03-2023,2024-03-15,,Jal Nigam,community hall,
KA10139,Belagavi Constituency,Belagavi,Karnataka,2000000,0,0,recommended,545,16-04-2023,12-10-2024,,Rural Dev Dept,irrigation,
RA09322,Jodhpur Constituency,Jodhpur,Rajasthan,1500000,1500000.0,1177432.56,ongoing,730,2024-03-10,2026-03-10,,Zilla Parishad,electricity,71.3
BI10260,Gaya Constituency,Gaya,Bihar,1000000,0,0, recommended ,180,2023-07-13,2024-01-09,,Rural Dev Dept,electricity,
AN09774,Guntur Constituency,Guntur,Andhra Pradesh,500000,500000.0,324917.18,ONGOING,545,18-04-2023,2024-10-14,,Jal Nigam,drinking water,39.6
BI10741,Muzaffarpur Constituency,Muzaffarpur,Bihar,200000,200000.0,123230.16,ongoing,270,07-04-2023,02-01-2024,,PWD,electricity,89.4
AN10595,Guntur Constituency,Guntur,Andhra Pradesh,750000,750000.0,345576.09,completed,180,2023-12-28,2024-06-25,13-07-2024,PWD,sanitation,100.0
MA10579,Nagpur Constituency,Nagpur,Maharashtra,200000,0,1000.0,recommended,545,2024-05-26,22-11-2025,,Zilla Parishad,drinking water,
BI09124,Muzaffarpur Constituency,Muzaffarpur,Bihar,750000,375000.0,332484.7, stalled ,90,2024-01-24,2024-04-23,,Rural Dev Dept,drinking water,33.5
BI10163,Muzaffarpur Constituency,Muzaffarpur,Bihar,500000,500000.0,223496.25, stalled ,90,06-04-2023,05-07-2023,,Jal Nigam,community hall,39.5
AN10010,Visakhapatnam Constituency,Visakhapatnam,Andhra Pradesh,300000,150000.0,125097.66,stalled,270,2023-09-05,2024-06-01,,Jal Nigam,drinking water,68.1
AN09762,Visakhapatnam Constituency,Visakhapatnam,Andhra Pradesh,1500000,1500000.0,921242.14,completed,545,2023-08-09,04-02-2025,2025-06-03,PWD,school,100.0
BI10140,Patna Constituency,Patna,Bihar,300000,,217086.76, ongoing ,180,15-03-2024,2024-09-11,,Rural Dev Dept,drinking water,15.3
WE10471,Kolkata Constituency,Kolkata,West Bengal,1000000,0,0,recommended,545,2023-03-15,2024-09-10,,Jal Nigam,road,
TA09268,Coimbatore Constituency,Coimbatore,Tamil Nadu,300000,150000.0,108517.48,ONGOING,270,31-01-2023,28-10-2023,,PWD,road,30.1
RA09474,Jodhpur Constituency,Jodhpur,Rajasthan,750000,375000.0,326955.37, sanctioned ,270,2024-08-28,2025-05-25,,Jal Nigam,school,
UT09210,Kanpur Nagar Constituency,Kanpur Nagar,Uttar Pradesh,750000,,0,recommended,730,2023-08-01,31-07-2025,,Zilla Parishad,irrigation,
KA10723,Mysuru Constituency,Mysuru,Karnataka,1500000,1500000.0,3294673.46,stalled,730,18-05-2024,2026-05-18,,PWD,community hall,35.6
RA09065,Jaipur Constituency,Jaipur,Rajasthan,1000000,0,0,recommended,180,2023-08-07,2024-02-03,,PWD,drinking water,
UT09448,Kanpur Nagar Constituency,Kanpur Nagar,Uttar Pradesh,200000,0,0,recommended,180,2024-10-08,2025-04-06,,Jal Nigam,drinking water,
RA09919,Jodhpur Constituency,Jodhpur,Rajasthan,1000000,500000.0,399416.19,SANCTIONED,270,24-06-2024,21-03-2025,,Jal Nigam,school,
UT09806,Lucknow Constituency,Lucknow,Uttar Pradesh,1500000,750000.0,695092.49,completed,90,2023-03-02,2023-05-31,03-06-2023,Rural Dev Dept,electricity,100.0
RA10745,Jodhpur Constituency,Jodhpur,Rajasthan,1000000,500000.0,636983.57,sanctioned,730,2024-03-02,02-03-2026,,PWD,sanitation,
KE10324,Ernakulam Constituency,Ernakulam,Kerala,2000000,2000000.0,1632192.18,STALLED,270,10-06-2024,2025-03-07,,Rural Dev Dept,road,51.2
MA10695,Pune Constituency,Pune,Maharashtra,1500000,750000.0,882451.1,sanctioned,545,2024-04-18,2025-10-15,,PWD,community hall,
BI10557,Gaya Constituency,Gaya,Bihar,1000000,0,1000.0,RECOMMENDED,365,2023-11-30,2024-11-29,,PWD,irrigation,
KA09558,Bengaluru Urban Constituency,Bengaluru Urban,Karnataka,300000,0,0,recommended,545,24-02-2023,22-08-2024,,PWD,sanitation,
KE10271,Kozhikode Constituency,Kozhikode,Kerala,750000,750000.0,509868.77,ongoing,90,11-07-2023,09-10-2023,,Rural Dev Dept,school,48.2
KA10593,Bengaluru Urban Constituency,Bengaluru Urban,Karnataka,1500000,750000.0,2549817.18, sanctioned ,730,2023-12-19,2025-12-18,,Jal Nigam,drinking water,
RA10764,Jodhpur Constituency,Jodhpur,Rajasthan,750000,375000.0,292206.04, completed ,180,2024-07-09,05-01-2025,2025-06-26,Zilla Parishad,road,100.0
TA09334,Coimbatore Constituency,Coimbatore,Tamil Nadu,300000,300000.0,168103.93,completed,365,25-01-2023,25-01-2024,2023-12-26,PWD,electricity,100.0
BI09497,Patna Constituency,Patna,Bihar,1000000,1000000.0,430518.86,sanctioned,180,24-04-2024,2024-10-21,,Jal Nigam,road,
RA10074,Jodhpur Constituency,Jodhpur,Rajasthan,500000,0,0,recommended,90,2023-01-25,2023-04-25,,Rural Dev Dept,sanitation,
BI10646,Gaya Constituency,Gaya,Bihar,200000,100000.0,193657.54,ongoing,180,2023-10-22,2024-04-19,,Jal Nigam,school,70.5
AN09214,Visakhapatnam Constituency,Visakhapatnam,Andhra Pradesh,500000,500000.0,449242.61,ongoing,365,2023-04-11,2024-04-10,,Rural Dev Dept,irrigation,28.6
MA10015,Pune Constituency,Pune,Maharashtra,1000000,0,0,recommended,365,2024-07-08,2025-07-08,,Jal Nigam,sanitation,
UT10677,Varanasi Constituency,Varanasi,Uttar Pradesh,300000,150000.0,480248.88,ongoing,365,10-01-2024,2025-01-09,,Zilla Parishad,irrigation,55.7
AN10562,Krishna Constituency,Krishna,Andhra Pradesh,300000,300000.0,441002.35,stalled,90,2024-02-11,11-05-2024,,Zilla Parishad,community hall,18.0
AN10739,Visakhapatnam Constituency,Visakhapatnam,Andhra Pradesh,1500000,0,0,RECOMMENDED,270,02-04-2024,2024-12-28,,Rural Dev Dept,irrigation,
AN09739,Visakhapatnam Constituency,Visakhapatnam,Andhra Pradesh,300000,0,0, recommended ,545,2023-07-29,2025-01-24,,Rural Dev Dept,road,
KE09522,Ernakulam Constituency,Ernakulam,Kerala,1500000,750000.0,694217.96,ongoing,365,27-11-2023,2024-11-26,,Zilla Parishad,drinking water,31.8
KA09042,Belagavi Constituency,Belagavi,Karnataka,2000000,2000000.0,3131226.03,stalled,365,2024-10-07,2025-10-07,,Rural Dev Dept,electricity,28.3
TA10246,Chennai Constituency,Chennai,Tamil Nadu,1500000,1500000.0,731951.47,SANCTIONED,180,2024-10-25,23-04-2025,,Zilla Parishad,drinking water,
BI10022,Muzaffarpur Constituency, Muzaffarpur,Bihar,300000,150000.0,60491.66,COMPLETED,730,2024-06-20,2026-06-20,2026-07-05,Jal Nigam,drinking water,100.0
RA10655,Jaipur Constituency,Jaipur,Rajasthan,1500000,1500000.0,1860094.24,sanctioned,270,29-07-2024,25-04-2025,,Zilla Parishad,school,
WE09191,Kolkata Constituency,Kolkata,West Bengal,2000000,2000000.0,1475811.6,sanctioned,270,2024-04-06,2025-01-01,,PWD,community hall,
AN09796,Krishna Constituency,Krishna,Andhra Pradesh,1000000,1000000.0,1226930.92,ongoing,365,2023-02-21,21-02-2024,,PWD,community hall,87.9
WE10255,Howrah Constituency,Howrah,West Bengal,1000000,0,0,recommended,730,2023-02-13,2025-02-12,,PWD,road,
AN09595,Krishna Constituency,Krishna,Andhra Pradesh,2000000,,910267.56,stalled,365,2023-04-20,2024-04-19,,Zilla Parishad,irrigation,66.7
TA10632,Chennai Constituency,Chennai,Tamil Nadu,1500000,1500000.0,1230433.01,completed,365,2024-06-29,29-06-2025,2025-10-02,PWD,irrigation,100.0
RA09231,Jodhpur Constituency,Jodhpur,Rajasthan,1500000,1500000.0,1312974.12, stalled ,365,06-02-2023,2024-02-06,,Rural Dev Dept,road,32.5
BI09164,Gaya Constituency,Gaya,Bihar,750000,0,0,recommended,270,2024-07-29,2025-04-25,,Zilla Parishad,electricity,
KA09307,Belagavi Constituency,Belagavi,Karnataka,750000,,570168.08,sanctioned,365,2023-01-30,30-01-2024,,Zilla Parishad,drinking water,
TA10676,Coimbatore Constituency,Coimbatore,Tamil Nadu,1000000,1000000.0,1192113.45,sanctioned,180,2024-01-21,2024-07-19,,Jal Nigam,sanitation,
TA09551,Madurai Constituency, Madurai,Tamil Nadu,500000,0,0,recommended,545,06-08-2024,2026-02-02,,PWD,electricity,
MA09906,Pune Constituency,Pune,Maharashtra,750000,750000.0,721390.02,sanctioned,365,2024-01-30,2025-01-29,,PWD,road,
KA09013,Bengaluru Urban Constituency,Bengaluru Urban,Karnataka,1500000,750000.0,321684.36,sanctioned,730,11-07-2024,2026-07-11,,Zilla Parishad,electricity,
TA09004,Coimbatore Constituency,Coimbatore,Tamil Nadu,750000,0,0,recommended,365,2024-08-22,2025-08-22,,Rural Dev Dept,electricity,
WE10273,Howrah Constituency,Howrah,West Bengal,1500000,0,2599451.01,recommended,90,2024-09-14,2024-12-13,,Zilla Parishad,sanitation,
KA09742,Bengaluru Urban Constituency,Bengaluru Urban,Karnataka,1500000,1500000.0,2038001.05,completed,90,14-03-2024,2024-06-12,2024-08-14,PWD,irrigation,100.0
BI09150,Gaya Constituency,Gaya,Bihar,2000000,2000000.0,1674008.3,stalled,365,2023-04-28,2024-04-27,,Zilla Parishad,community hall,33.0
AN09396,Visakhapatnam Constituency,Visakhapatnam,Andhra Pradesh,1000000,500000.0,437818.1,ongoing,365,2024-11-28,28-11-2025,,Rural Dev Dept,community hall,48.2
UT09143,Kanpur Nagar Constituency,Kanpur Nagar,Uttar Pradesh,1500000,1500000.0,2237688.12,completed,730,2024-03-30,2026-03-30,14-07-2026,Jal Nigam,community hall,100.0
BI09660,Gaya Constituency,Gaya,Bihar,1500000,1500000.0,1098811.57,sanctioned,730,26-06-2023,25-06-2025,,Zilla Parishad,community hall,
MA10626,Nagpur Constituency, Nagpur,Maharashtra,500000,250000.0,393315.78,ongoing,365,07-07-2023,2024-07-06,,Jal Nigam,electricity,81.5
UT10715,Varanasi Constituency,Varanasi,Uttar Pradesh,1500000,1500000.0,2044443.96, completed ,730,01-09-2023,2025-08-31,2025-10-30,Jal Nigam,drinking water,100.0
MA10509,Nagpur Constituency,,Maharashtra,1000000,500000.0,1314460.13,sanctioned,730,10-01-2023,09-01-2025,,Rural Dev Dept,drinking water,
TA09142,Chennai Constituency,Chennai,Tamil Nadu,750000,375000.0,351700.53,ongoing,180,2023-05-31,2023-11-27,,Zilla Parishad,irrigation,11.1
MA10761,Nagpur Constituency,Nagpur,Maharashtra,300000,,248657.36,stalled,545,01-08-2024,2026-01-28,,Rural Dev Dept,sanitation,44.6
KA10711,Belagavi Constituency,Belagavi,Karnataka,750000,375000.0,1772954.96,SANCTIONED,270,2023-01-03,2023-09-30,,Jal Nigam,drinking water,
UT09269,Kanpur Nagar Constituency,Kanpur Nagar,Uttar Pradesh,1000000,500000.0,1227436.68,stalled,180,2023-10-21,18-04-2024,,Jal Nigam,electricity,84.3
KA09088,Belagavi Constituency,Belagavi,Karnataka,750000,750000.0,576998.68,stalled,730,2023-12-09,08-12-2025,,Rural Dev Dept,electricity,13.6
BI10055,Patna Constituency,Patna,Bihar,750000,750000.0,659106.03,completed,180,2024-01-25,2024-07-23,2024-06-30,PWD,irrigation,100.0
AN10436,Guntur Constituency, Guntur,Andhra Pradesh,500000,,797374.17,stalled,270,2023-01-28,25-10-2023,,Rural Dev Dept,sanitation,82.2
AN09132,Guntur Constituency,Guntur,Andhra Pradesh,200000,0,0,recommended,90,12-08-2024,2024-11-10,,Rural Dev Dept,road,
TA09580,Madurai Constituency,Madurai,Tamil Nadu,500000,500000.0,231521.1, sanctioned ,365,2023-07-08,2024-07-07,,Zilla Parishad,electricity,
AN09838,Guntur Constituency,Guntur,Andhra Pradesh,750000,375000.0,265604.42,ongoing,90,2023-10-11,09-01-2024,,Zilla Parishad,road,54.7
KA10331,Belagavi Constituency,Belagavi,Karnataka,1000000,500000.0,484241.22,stalled,270,29-07-2024,25-04-2025,,Zilla Parishad,sanitation,52.9
RA09373,Jaipur Constituency,Jaipur,Rajasthan,1000000,0,0,RECOMMENDED,180,2024-06-23,2024-12-20,,Zilla Parishad,drinking water,
UT10648,Lucknow Constituency,Lucknow,Uttar Pradesh,750000,750000.0,442496.95,ONGOING,365,12-05-2024,12-05-2025,,Zilla Parishad,drinking water,94.4
BI10277,Gaya Constituency,Gaya,Bihar,750000,0,0,RECOMMENDED,270,2023-08-10,2024-05-06,,Zilla Parishad,electricity,
BI09031,Gaya Constituency,Gaya,Bihar,1000000,500000.0,345369.44,stalled,180,2023-04-19,2023-10-16,,PWD,community hall,84.3
MA10049,Pune Constituency,Pune,Maharashtra,1000000,1000000.0,740937.82,STALLED,270,2023-02-17,2023-11-14,,Zilla Parishad,school,41.3
KA10447,Mysuru Constituency,Mysuru,Karnataka,2000000,1000000.0,424064.17,completed,365,22-08-2023,21-08-2024,2024-12-02,PWD,sanitation,100.0
KA10465,Bengaluru Urban Constituency,Bengaluru Urban,Karnataka,200000,100000.0,61180.87,completed,90,2023-04-08,2023-07-07,2023-07-07,Zilla Parishad,school,100.0
RA10156,Jodhpur Constituency,Jodhpur,Rajasthan,2000000,1000000.0,3231619.3,sanctioned,730,01-12-2023,30-11-2025,,Rural Dev Dept,electricity,
TA10679,Coimbatore Constituency,Coimbatore,Tamil Nadu,2000000,0,5544166.31,recommended,180,07-04-2023,2023-10-04,,Jal Nigam,sanitation,
BI09001,Patna Constituency,Patna,Bihar,500000,500000.0,468442.14,stalled,730,2023-04-16,2025-04-15,,Jal Nigam,drinking water,62.8
UT09328,Kanpur Nagar Constituency,Kanpur Nagar,Uttar Pradesh,500000,500000.0,235237.47,stalled,730,2023-08-10,2025-08-09,,Zilla Parishad,school,78.4
BI09706,Patna Constituency,Patna,Bihar,500000,500000.0,465699.47, ongoing ,730,2024-11-10,2026-11-10,,Rural Dev Dept,road,29.0
BI10458,Gaya Constituency,Gaya,Bihar,2000000,2000000.0,1309661.46,stalled,90,2023-01-04,2023-04-04,,PWD,electricity,36.3
UT10699,Lucknow Constituency,Lucknow,Uttar Pradesh,500000,500000.0,349836.8,SANCTIONED,90,2024-01-04,2024-04-03,,Rural Dev Dept,road,
AN10410,Visakhapatnam Constituency,Visakhapatnam,Andhra Pradesh,1500000,1500000.0,2290285.95,ongoing,730,2024-04-06,2026-04-06,,Rural Dev Dept,sanitation,31.7
RA10617,Jodhpur Constituency,Jodhpur,Rajasthan,1500000,750000.0,620551.61,ongoing,180,2023-04-21,2023-10-18,,Rural Dev Dept,irrigation,60.3
WE09723,Kolkata Constituency,Kolkata,West Bengal,750000,750000.0,1007372.4,completed,730,2023-08-13,2025-08-12,18-01-2026,Jal Nigam,road,100.0
MA10128,Nagpur Constituency,Nagpur,Maharashtra,200000,200000.0,163740.4,completed,270,28-09-2024,2025-06-25,29-12-2025,Jal Nigam,electricity,100.0
UT10134,Kanpur Nagar Constituency,Kanpur Nagar,Uttar Pradesh,2000000,1000000.0,870664.76,stalled,730,15-08-2024,2026-08-15,,Rural Dev Dept,road,90.5
KA10583,Bengaluru Urban Constituency,Bengaluru Urban,Karnataka,500000,250000.0,359876.9,stalled,90,2023-12-08,2024-03-07,,Jal Nigam,drinking water,48.5
UT10058,Kanpur Nagar Constituency,Kanpur Nagar,Uttar Pradesh,300000,300000.0,198377.08,ongoing,545,2023-04-22,2024-10-18,,PWD,electricity,32.4
BI09832,Patna Constituency,Patna,Bihar,1500000,1500000.0,991044.7, ongoing ,730,2024-04-09,2026-04-09,,PWD,sanitation,40.6
WE09241,Kolkata Constituency, Kolkata,West Bengal,200000,200000.0,171629.03,completed,180,2023-01-19,2023-07-18,2023-08-22,Rural Dev Dept,sanitation,100.0
RA10652,Jaipur Constituency,Jaipur,Rajasthan,1000000,1000000.0,991965.8,STALLED,545,2024-10-25,2026-04-23,,Zilla Parishad,sanitation,40.6
KA10545,Mysuru Constituency,,Karnataka,1500000,1500000.0,1447463.26,STALLED,730,2023-08-22,2025-08-21,,Jal Nigam,sanitation,33.9
BI09697,Gaya Constituency,Gaya,Bihar,200000,,128073.33,sanctioned,270,2023-06-27,2024-03-23,,Zilla Parishad,road,
RA10466,Jodhpur Constituency,Jodhpur,Rajasthan,200000,200000.0,147413.84,ongoing,270,05-11-2024,02-08-2025,,Jal Nigam,sanitation,94.9
AN09511,Krishna Constituency,Krishna,Andhra Pradesh,300000,300000.0,124044.89,COMPLETED,270,2023-08-17,2024-05-13,17-06-2024,Zilla Parishad,community hall,100.0
KE10686,Kozhikode Constituency,Kozhikode,Kerala,2000000,0,1000.0, recommended ,545,2024-11-09,2026-05-08,,PWD,irrigation,
TA09184,Madurai Constituency,Madurai,Tamil Nadu,500000,500000.0,670835.95,ongoing,365,2023-03-25,2024-03-24,,PWD,irrigation,76.4
TA09881,Coimbatore Constituency,Coimbatore,Tamil Nadu,750000,750000.0,361401.02,ongoing,545,2023-08-25,2025-02-20,,Rural Dev Dept,community hall,74.3
UT09494,Kanpur Nagar Constituency,Kanpur Nagar,Uttar Pradesh,750000,375000.0,196156.45,ongoing,730,05-11-2023,2025-11-04,,PWD,sanitation,59.6
KE09576,Ernakulam Constituency,Ernakulam,Kerala,500000,,0,RECOMMENDED,90,2024-04-16,15-07-2024,,Rural Dev Dept,drinking water,
BI09179,Muzaffarpur Constituency,Muzaffarpur,Bihar,200000,200000.0,167412.89,completed,90,2024-04-07,2024-07-06,2024-10-25,Rural Dev Dept,irrigation,100.0
WE09327,Howrah Constituency,Howrah,West Bengal,1500000,1500000.0,843180.06,SANCTIONED,365,2024-11-01,2025-11-01,,Zilla Parishad,drinking water,
TA09476,Coimbatore Constituency,Coimbatore,Tamil Nadu,200000,200000.0,187588.38, sanctioned ,365,2024-04-14,2025-04-14,,Jal Nigam,road,
MA09685,Pune Constituency,Pune,Maharashtra,1500000,,665303.42,ongoing,270,18-06-2023,14-03-2024,,Rural Dev Dept,electricity,55.8
TA09836,Chennai Constituency,Chennai,Tamil Nadu,500000,500000.0,464642.66,COMPLETED,90,2024-01-17,2024-04-16,2024-05-04,Rural Dev Dept,road,100.0
BI09230,Muzaffarpur Constituency,Muzaffarpur,Bihar,750000,0,0,recommended,545,2023-05-30,2024-11-25,,Jal Nigam,electricity,
WE09834,Kolkata Constituency,Kolkata,West Bengal,1500000,750000.0,425284.32, stalled ,180,2024-04-24,21-10-2024,,PWD,school,58.2
TA09482,Chennai Constituency,Chennai,Tamil Nadu,200000,200000.0,117515.84,completed,545,2024-11-22,2026-05-21,01-07-2026,PWD,sanitation,100.0
AN09248,Guntur Constituency,Guntur,Andhra Pradesh,500000,0,0,recommended,90,27-01-2024,26-04-2024,,Zilla Parishad,drinking water,
BI10674,Muzaffarpur Constituency,Muzaffarpur,Bihar,1000000,1000000.0,1249750.83,sanctioned,730,2024-09-23,2026-09-23,,PWD,irrigation,
UT09679,Kanpur Nagar Constituency,Kanpur Nagar,Uttar Pradesh,1000000,500000.0,397270.08,ongoing,365,2023-11-18,17-11-2024,,PWD,irrigation,94.1
MA10751,Pune Constituency,Pune,Maharashtra,500000,500000.0,203174.06, stalled ,90,2024-05-18,16-08-2024,,Zilla Parishad,road,12.0
BI10770,Muzaffarpur Constituency,Muzaffarpur,Bihar,1500000,0,1000.0,recommended,90,04-04-2023,2023-07-03,,Rural Dev Dept,community hall,
WE10018,Kolkata Constituency,Kolkata,West Bengal,500000,250000.0,158947.87,sanctioned,90,2024-09-04,2024-12-03,,Rural Dev Dept,community hall,
AN10407,Guntur Constituency,Guntur,Andhra Pradesh,1000000,1000000.0,841135.22,SANCTIONED,545,2024-07-22,2026-01-18,,Jal Nigam,school,
MA10670,Pune Constituency,Pune,Maharashtra,500000,500000.0,259334.46,sanctioned,365,2024-02-17,2025-02-16,,Rural Dev Dept,irrigation,
MA09030,Nagpur Constituency,Nagpur,Maharashtra,200000,,186463.09,sanctioned,545,2023-05-29,2024-11-24,,Zilla Parishad,community hall,
AN09734,Visakhapatnam Constituency,Visakhapatnam,Andhra Pradesh,750000,375000.0,288685.72,completed,180,2024-01-18,2024-07-16,2024-09-12,Rural Dev Dept,community hall,100.0
UT10693,Kanpur Nagar Constituency,Kanpur Nagar,Uttar Pradesh,750000,0,0,recommended,730,2024-04-01,2026-04-01,,Zilla Parishad,irrigation,
BI10282,Patna Constituency,Patna,Bihar,300000,0,0,RECOMMENDED,730,15-04-2024,2026-04-15,,PWD,school,
TA10688,Madurai Constituency,Madurai,Tamil Nadu,2000000,2000000.0,1487050.7,stalled,90,01-10-2024,2024-12-30,,PWD,community hall,61.6
BI09198,Gaya Constituency,Gaya,Bihar,500000,500000.0,269316.81,STALLED,365,24-01-2023,2024-01-24,,PWD,community hall,38.0
KA09478,Bengaluru Urban Constituency,Bengaluru Urban,Karnataka,500000,,377142.43,ongoing,90,2023-09-28,2023-12-27,,Zilla Parishad,electricity,35.5
UT09472,Kanpur Nagar Constituency,Kanpur Nagar,Uttar Pradesh,500000,250000.0,111985.35,sanctioned,545,01-01-2024,2025-06-29,,PWD,school,
KA10180,Belagavi Constituency, Belagavi,Karnataka,500000,0,0, recommended ,545,10-12-2023,2025-06-07,,Jal Nigam,sanitation,
KA10118,Mysuru Constituency,Mysuru,Karnataka,1500000,750000.0,655407.23,completed,270,22-06-2023,18-03-2024,2024-03-08,Zilla Parishad,irrigation,100.0
UT09880,Kanpur Nagar Constituency,Kanpur Nagar,Uttar Pradesh,300000,300000.0,238997.29,SANCTIONED,180,26-07-2023,2024-01-22,,Zilla Parishad,electricity,
MA09740,Pune Constituency,Pune,Maharashtra,1000000,500000.0,203848.98, completed ,730,2023-12-12,2025-12-11,29-03-2026,Zilla Parishad,drinking water,100.0
KE10702,Kozhikode Constituency,Kozhikode,Kerala,2000000,0,3452986.87,recommended,730,2024-11-14,14-11-2026,,Zilla Parishad,electricity,
KA10433,Bengaluru Urban Constituency,Bengaluru Urban,Karnataka,2000000,2000000.0,1281593.41,sanctioned,545,2024-07-21,17-01-2026,,PWD,irrigation,
MA09883,Pune Constituency,Pune,Maharashtra,500000,500000.0,343061.73, completed ,180,22-05-2023,2023-11-18,2023-11-14,PWD,irrigation,100.0
AN09500,Krishna Constituency,Krishna,Andhra Pradesh,750000,750000.0,680083.21, ongoing ,365,05-04-2024,05-04-2025,,Rural Dev Dept,electricity,35.3
AN09274,Visakhapatnam Constituency,Visakhapatnam,Andhra Pradesh,300000,300000.0,124263.85, stalled ,270,2023-03-13,2023-12-08,,PWD,electricity,64.4
TA10130,Chennai Constituency,Chennai,Tamil Nadu,200000,200000.0,108246.88,completed,270,2023-01-18,2023-10-15,07-10-2023,PWD,electricity,100.0
UT10063,Varanasi Constituency,Varanasi,Uttar Pradesh,1500000,1500000.0,773848.06,ongoing,90,2023-05-01,2023-07-30,,Jal Nigam,electricity,55.9
WE10614,Howrah Constituency,Howrah,West Bengal,750000,0,0,recommended,90,2023-03-26,24-06-2023,,Jal Nigam,irrigation,
MA10194,Nagpur Constituency,Nagpur,Maharashtra,750000,750000.0,1301042.48,COMPLETED,180,10-11-2024,09-05-2025,2025-08-12,Jal Nigam,irrigation,100.0
KE10165,Ernakulam Constituency,Ernakulam,Kerala,1500000,1500000.0,1241996.2, stalled ,365,2024-06-04,04-06-2025,,Zilla Parishad,electricity,74.7
KA10107,Belagavi Constituency,Belagavi,Karnataka,1000000,1000000.0,932117.63,stalled,545,2023-06-28,2024-12-24,,Zilla Parishad,community hall,61.5
UT09973,Varanasi Constituency,Varanasi,Uttar Pradesh,300000,150000.0,76327.3,stalled,545,2023-08-11,2025-02-06,,Rural Dev Dept,road,24.4
AN09311,Krishna Constituency,Krishna,Andhra Pradesh,500000,0,0,recommended,180,2024-02-22,2024-08-20,,PWD,school,
WE10322,Howrah Constituency,Howrah,West Bengal,2000000,1000000.0,471443.61,COMPLETED,180,2023-05-11,2023-11-07,2024-03-22,Rural Dev Dept,community hall,100.0
MA09467,Pune Constituency, Pune,Maharashtra,1500000,0,2521978.88, recommended ,545,11-02-2024,09-08-2025,,Zilla Parishad,community hall,
UT10667,Varanasi Constituency,Varanasi,Uttar Pradesh,1000000,500000.0,261760.59,sanctioned,180,2024-06-19,2024-12-16,,PWD,community hall,
KE10637,Ernakulam Constituency,Ernakulam,Kerala,750000,0,0,RECOMMENDED,90,03-10-2024,2025-01-01,,Zilla Parishad,road,
UT09402,Kanpur Nagar Constituency,Kanpur Nagar,Uttar Pradesh,2000000,0,0,recommended,180,19-07-2024,2025-01-15,,Zilla Parishad,drinking water,
WE09651,Kolkata Constituency,Kolkata,West Bengal,200000,200000.0,197028.01,ongoing,365,2024-09-12,12-09-2025,,Zilla Parishad,community hall,45.6
KA10623,Belagavi Constituency,Belagavi,Karnataka,200000,100000.0,83733.51, completed ,545,07-06-2023,2024-12-03,2025-04-22,Zilla Parishad,irrigation,100.0
TA09761,Coimbatore Constituency,Coimbatore,Tamil Nadu,1000000,0,0,recommended,270,11-01-2023,2023-10-08,,Jal Nigam,drinking water,
TA09203,Madurai Constituency,Madurai,Tamil Nadu,1500000,1500000.0,2308934.01,completed,545,2024-01-04,2025-07-02,2025-11-09,Rural Dev Dept,electricity,100.0
BI10729,Gaya Constituency,Gaya,Bihar,750000,375000.0,250141.46,ongoing,180,06-03-2024,02-09-2024,,Rural Dev Dept,road,90.2
MA09459,Nagpur Constituency,Nagpur,Maharashtra,500000,500000.0,372794.79,completed,730,2023-10-18,2025-10-17,15-12-2025,Rural Dev Dept,electricity,100.0
TA09879,Chennai Constituency,Chennai,Tamil Nadu,1500000,1500000.0,762416.18, ongoing ,90,2024-05-27,2024-08-25,,Rural Dev Dept,community hall,22.2
UT09451,Varanasi Constituency,Varanasi,Uttar Pradesh,2000000,0,0, recommended ,545,2023-08-08,2025-02-03,,Jal Nigam,electricity,
AN09589,Visakhapatnam Constituency,Visakhapatnam,Andhra Pradesh,500000,250000.0,103461.57,ongoing,180,2024-03-09,2024-09-05,,Rural Dev Dept,electricity,76.8
AN10645,Krishna Constituency,Krishna,Andhra Pradesh,750000,750000.0,685417.72,sanctioned,545,2023-04-08,2024-10-04,,Jal Nigam,electricity,
AN09681,Visakhapatnam Constituency,Visakhapatnam,Andhra Pradesh,200000,200000.0,156897.22, ongoing ,180,2024-09-13,2025-03-12,,PWD,irrigation,56.6
TA10622,Chennai Constituency,Chennai,Tamil Nadu,500000,0,0,recommended,270,2024-08-04,01-05-2025,,Zilla Parishad,school,
KA10650,Belagavi Constituency,Belagavi,Karnataka,2000000,2000000.0,2952206.39,ongoing,545,2024-01-05,2025-07-03,,Zilla Parishad,school,51.4
AN09163,Visakhapatnam Constituency,Visakhapatnam,Andhra Pradesh,500000,250000.0,122522.04,SANCTIONED,270,2023-04-15,2024-01-10,,Rural Dev Dept,irrigation,
MA10661,Nagpur Constituency,Nagpur,Maharashtra,1000000,1000000.0,756499.5,stalled,365,20-02-2024,2025-02-19,,PWD,drinking water,17.5
KE10172,Ernakulam Constituency,Ernakulam,Kerala,1000000,0,0,recommended,180,2023-11-13,2024-05-11,,Rural Dev Dept,electricity,
MA09405,Nagpur Constituency,Nagpur,Maharashtra,750000,750000.0,576184.4, stalled ,545,2023-06-10,2024-12-06,,PWD,road,33.2
RA10153,Jodhpur Constituency, Jodhpur,Rajasthan,500000,500000.0,433166.53, completed ,270,2024-04-23,18-01-2025,2025-06-27,Zilla Parishad,road,100.0
KA10726,Bengaluru Urban Constituency,Bengaluru Urban,Karnataka,750000,375000.0,335883.5,sanctioned,365,2023-08-26,25-08-2024,,Rural Dev Dept,road,
KA09895,Belagavi Constituency,Belagavi,Karnataka,200000,200000.0,127364.4,completed,730,2023-08-20,2025-08-19,2026-03-06,Zilla Parishad,school,100.0
RA09463,Jodhpur Constituency,Jodhpur,Rajasthan,750000,750000.0,1294412.79,stalled,545,04-04-2023,2024-09-30,,Jal Nigam,community hall,82.3
KA10754,Belagavi Constituency, Belagavi,Karnataka,1500000,750000.0,2303640.62,sanctioned,90,2023-10-19,17-01-2024,,Zilla Parishad,sanitation,
RA09166,Jaipur Constituency,Jaipur,Rajasthan,750000,750000.0,722338.43,completed,270,02-10-2023,2024-06-28,2024-09-20,PWD,drinking water,100.0
WE10692,Howrah Constituency,Howrah,West Bengal,1000000,0,0, recommended ,90,02-11-2024,2025-01-31,,Rural Dev Dept,drinking water,
AN10038,Visakhapatnam Constituency,Visakhapatnam,Andhra Pradesh,2000000,1000000.0,857071.77,sanctioned,545,2024-06-04,2025-12-01,,Rural Dev Dept,school,
KE09716,Kozhikode Constituency,Kozhikode,Kerala,750000,750000.0,1160326.87,completed,90,31-07-2023,29-10-2023,27-12-2023,Zilla Parishad,school,100.0
UT09783,Varanasi Constituency,Varanasi,Uttar Pradesh,1500000,750000.0,564657.52,stalled,365,2023-08-31,2024-08-30,,Zilla Parishad,school,67.2
TA10664,Coimbatore Constituency,Coimbatore,Tamil Nadu,1000000,500000.0,456881.43,ongoing,90,07-05-2023,2023-08-05,,Jal Nigam,community hall,74.9
WE09603,Howrah Constituency,Howrah,West Bengal,2000000,2000000.0,3438877.84,ongoing,365,2024-09-07,07-09-2025,,Rural Dev Dept,community hall,86.7
RA10086,Jaipur Constituency,Jaipur,Rajasthan,1000000,0,0,recommended,365,2024-12-01,2025-12-01,,Zilla Parishad,electricity,
KA09624,Bengaluru Urban Constituency,Bengaluru Urban,Karnataka,1000000,500000.0,278318.66,COMPLETED,180,24-05-2023,2023-11-20,08-11-2023,PWD,road,100.0
WE09932,Howrah Constituency, Howrah,West Bengal,200000,200000.0,121325.44,STALLED,365,2023-02-20,20-02-2024,,PWD,sanitation,79.7
UT10654,Kanpur Nagar Constituency,Kanpur Nagar,Uttar Pradesh,750000,0,0,recommended,730,26-07-2024,2026-07-26,,Zilla Parishad,drinking water,
AN09266,Guntur Constituency,Guntur,Andhra Pradesh,2000000,2000000.0,1829198.85,sanctioned,365,2024-05-27,2025-05-27,,PWD,irrigation,
RA09464,Jaipur Constituency,Jaipur,Rajasthan,1500000,1500000.0,1456249.97,sanctioned,365,17-11-2023,16-11-2024,,PWD,drinking water,
KE09211,Kozhikode Constituency,Kozhikode,Kerala,1000000,1000000.0,587943.26,completed,90,2023-08-30,2023-11-28,24-11-2023,Rural Dev Dept,school,100.0
AN09910,Krishna Constituency,Krishna,Andhra Pradesh,750000,750000.0,417497.13,completed,90,10-10-2023,2024-01-08,11-07-2024,Jal Nigam,school,100.0
UT09629,Varanasi Constituency,Varanasi,Uttar Pradesh,1000000,0,0,recommended,270,03-07-2024,2025-03-30,,PWD,electricity,
KA10196,Bengaluru Urban Constituency,Bengaluru Urban,Karnataka,200000,,355723.7,sanctioned,545,2023-07-08,2025-01-03,,Rural Dev Dept,road,
MA10446,Pune Constituency,Pune,Maharashtra,2000000,0,3428812.05,recommended,180,05-11-2023,2024-05-03,,Jal Nigam,irrigation,
TA09985,Madurai Constituency,Madurai,Tamil Nadu,200000,200000.0,142459.25,stalled,180,20-08-2023,2024-02-16,,PWD,electricity,10.6
RA10580,Jaipur Constituency, Jaipur,Rajasthan,2000000,2000000.0,1259333.61,sanctioned,365,2023-02-10,2024-02-10,,PWD,electricity,
AN10160,Krishna Constituency,Krishna,Andhra Pradesh,1000000,1000000.0,627769.58,completed,270,2023-02-20,2023-11-17,23-01-2024,Rural Dev Dept,electricity,100.0
TA10664,Coimbatore Constituency,Coimbatore,Tamil Nadu,1000000,500000.0,294386.04,ongoing,90,07-05-2023,2023-08-05,,Jal Nigam,community hall,74.9
BI10576,Patna Constituency,Patna,Bihar,1000000,1000000.0,1644472.35, ongoing ,270,2023-05-28,2024-02-22,,PWD,drinking water,54.6
BI10771,Muzaffarpur Constituency,Muzaffarpur,Bihar,1500000,1500000.0,630570.51,ongoing,365,2023-07-10,2024-07-09,,Rural Dev Dept,drinking water,81.2
UT09192,Varanasi Constituency,Varanasi,Uttar Pradesh,500000,250000.0,216820.39,sanctioned,730,15-04-2023,14-04-2025,,Rural Dev Dept,sanitation,
UT10694,Lucknow Constituency,Lucknow,Uttar Pradesh,2000000,2000000.0,976317.95,stalled,545,2024-06-16,2025-12-13,,Jal Nigam,drinking water,70.7
TA10225,Madurai Constituency,Madurai,Tamil Nadu,1000000,1000000.0,431917.88,completed,545,2023-07-14,09-01-2025,06-01-2025,Jal Nigam,community hall,100.0
KE10602,Ernakulam Constituency,Ernakulam,Kerala,2000000,2000000.0,3540798.36,sanctioned,270,21-02-2024,2024-11-17,,PWD,school,
KE09601,Kozhikode Constituency,Kozhikode,Kerala,750000,375000.0,355202.46,ONGOING,365,08-03-2024,2025-03-08,,Zilla Parishad,road,31.1
TA09664,Madurai Constituency,Madurai,Tamil Nadu,750000,750000.0,736728.04,ongoing,545,2024-08-02,2026-01-29,,Rural Dev Dept,irrigation,84.5
UT10360,Lucknow Constituency,Lucknow,Uttar Pradesh,1500000,1500000.0,995942.67,completed,180,07-05-2024,2024-11-03,2024-11-16,Rural Dev Dept,sanitation,100.0
KA09785,Bengaluru Urban Constituency,Bengaluru Urban,Karnataka,300000,150000.0,84454.13,STALLED,365,07-08-2023,2024-08-06,,Rural Dev Dept,drinking water,83.0
KE09390,Ernakulam Constituency,Ernakulam,Kerala,500000,0,0,recommended,365,18-06-2024,2025-06-18,,Zilla Parishad,drinking water,
UT10691,Lucknow Constituency,Lucknow,Uttar Pradesh,500000,250000.0,302649.41,stalled,545,2023-11-21,2025-05-19,,PWD,community hall,63.7
KA09683,Bengaluru Urban Constituency,Bengaluru Urban,Karnataka,300000,150000.0,60336.88,ongoing,545,2023-11-06,04-05-2025,,Zilla Parishad,sanitation,17.6
AN09534,Visakhapatnam Constituency, Visakhapatnam,Andhra Pradesh,1000000,1000000.0,607580.49,ongoing,730,2024-06-05,05-06-2026,,Rural Dev Dept,community hall,20.2
MA10358,Pune Constituency,Pune,Maharashtra,500000,0,721149.51,recommended,90,2024-02-27,27-05-2024,,Rural Dev Dept,sanitation,
KE09281,Ernakulam Constituency,Ernakulam,Kerala,750000,750000.0,707119.48,stalled,365,2023-12-18,2024-12-17,,PWD,community hall,70.6
TA10669,Chennai Constituency,Chennai,Tamil Nadu,1000000,,1109172.69,sanctioned,270,2023-09-15,11-06-2024,,Zilla Parishad,irrigation,
TA10737,Chennai Constituency,Chennai,Tamil Nadu,500000,500000.0,597395.17,COMPLETED,365,2023-01-22,22-01-2024,2024-05-16,Zilla Parishad,electricity,100.0
TA10774,Madurai Constituency,Madurai,Tamil Nadu,300000,300000.0,506658.54,SANCTIONED,730,2023-01-23,2025-01-22,,Rural Dev Dept,drinking water,
WE09625,Howrah Constituency, Howrah,West Bengal,300000,0,375170.33,recommended,270,2023-06-27,2024-03-23,,PWD,school,
TA09524,Coimbatore Constituency,Coimbatore,Tamil Nadu,2000000,0,0,recommended,270,2024-10-24,2025-07-21,,Jal Nigam,road,
UT10188,Varanasi Constituency,Varanasi,Uttar Pradesh,300000,150000.0,79699.35,sanctioned,730,16-06-2023,2025-06-15,,PWD,electricity,
BI10311,Patna Constituency,Patna,Bihar,200000,0,0,recommended,180,30-11-2024,2025-05-29,,Rural Dev Dept,community hall,
MA10643,Pune Constituency,Pune,Maharashtra,300000,0,0,recommended,270,2024-10-25,2025-07-22,,Rural Dev Dept,sanitation,
UT09131,Kanpur Nagar Constituency,Kanpur Nagar,Uttar Pradesh,750000,0,1220280.83,recommended,270,2024-11-29,2025-08-26,,Jal Nigam,road,
TA09633,Madurai Constituency,Madurai,Tamil Nadu,1000000,0,1380115.01,recommended,180,2023-10-25,22-04-2024,,PWD,electricity,
RA10088,Jaipur Constituency,Jaipur,Rajasthan,200000,200000.0,144653.14,completed,90,2024-03-30,2024-06-28,2024-11-04,PWD,school,100.0
WE09271,Howrah Constituency,Howrah,West Bengal,750000,0,0,recommended,180,2024-07-10,2025-01-06,,Rural Dev Dept,road,
AN10007,Guntur Constituency, Guntur,Andhra Pradesh,2000000,1000000.0,505146.51,ONGOING,545,2024-07-03,30-12-2025,,Rural Dev Dept,school,69.3
KE09530,Kozhikode Constituency,Kozhikode,Kerala,1000000,,649018.66, ongoing ,365,2024-01-20,2025-01-19,,Rural Dev Dept,electricity,94.5
RA10541,Jaipur Constituency,,Rajasthan,1000000,1000000.0,821593.74,completed,730,2024-05-22,2026-05-22,2026-08-28,Rural Dev Dept,school,100.0
AN09599,Krishna Constituency,Krishna,Andhra Pradesh,2000000,2000000.0,827471.79,completed,90,17-12-2023,2024-03-16,2024-05-04,PWD,electricity,100.0
BI09343,Muzaffarpur Constituency,Muzaffarpur,Bihar,1000000,1000000.0,852966.44, ongoing ,90,2023-09-29,2023-12-28,,PWD,electricity,75.9
KE10506,Kozhikode Constituency,,Kerala,2000000,2000000.0,1981579.81, stalled ,90,2023-10-23,2024-01-21,,Rural Dev Dept,community hall,22.2
AN09862,Krishna Constituency,Krishna,Andhra Pradesh,1500000,1500000.0,705134.2,SANCTIONED,270,03-02-2024,2024-10-30,,Zilla Parishad,electricity,
UT09245,Kanpur Nagar Constituency,Kanpur Nagar,Uttar Pradesh,300000,0,0,recommended,365,2023-04-08,2024-04-07,,Jal Nigam,road,
WE10146,Kolkata Constituency,Kolkata,West Bengal,1000000,500000.0,332914.05,STALLED,180,27-05-2023,2023-11-23,,Rural Dev Dept,community hall,50.8
WE09686,Kolkata Constituency,Kolkata,West Bengal,2000000,2000000.0,1681500.88,ongoing,365,2024-04-03,03-04-2025,,Rural Dev Dept,community hall,34.3
UT10417,Kanpur Nagar Constituency,Kanpur Nagar,Uttar Pradesh,2000000,2000000.0,1679006.63,sanctioned,180,2024-08-05,2025-02-01,,Jal Nigam,community hall,
UT10706,Lucknow Constituency,Lucknow,Uttar Pradesh,200000,100000.0,115507.6,ongoing,730,2024-04-25,25-04-2026,,Rural Dev Dept,drinking water,94.0
TA10698,Coimbatore Constituency,Coimbatore,Tamil Nadu,200000,0,1000.0, recommended ,180,08-02-2023,2023-08-07,,PWD,road,
TA10633,Coimbatore Constituency,Coimbatore,Tamil Nadu,2000000,1000000.0,1600272.04,stalled,730,2024-05-14,2026-05-14,,Rural Dev Dept,road,38.4
AN10601,Krishna Constituency,Krishna,Andhra Pradesh,2000000,2000000.0,2897175.31,sanctioned,545,2024-05-28,24-11-2025,,PWD,sanitation,
UT09647,Varanasi Constituency,Varanasi,Uttar Pradesh,500000,250000.0,173995.52,ongoing,730,2023-07-29,2025-07-28,,Jal Nigam,drinking water,67.6
UT10654,Kanpur Nagar Constituency,Kanpur Nagar,Uttar Pradesh,750000,0,1000.0,recommended,730,26-07-2024,2026-07-26,,Zilla Parishad,drinking water,
BI10427,Muzaffarpur Constituency,Muzaffarpur,Bihar,750000,750000.0,1258419.63,completed,270,11-02-2024,2024-11-07,2024-12-25,Rural Dev Dept,electricity,100.0
MA10083,Nagpur Constituency,Nagpur,Maharashtra,200000,200000.0,154827.91,sanctioned,270,2023-04-27,2024-01-22,,Jal Nigam,electricity,
RA09654,Jaipur Constituency,Jaipur,Rajasthan,1500000,750000.0,677807.35,ongoing,365,2024-05-06,06-05-2025,,Rural Dev Dept,electricity,56.3
BI09941,Patna Constituency,Patna,Bihar,300000,300000.0,232874.4,ongoing,270,2023-01-30,2023-10-27,,Zilla Parishad,school,78.6
BI10042,Patna Constituency,Patna,Bihar,1500000,1500000.0,1487558.98,stalled,270,2024-04-22,2025-01-17,,PWD,community hall,17.5
UT09094,Lucknow Constituency,Lucknow,Uttar Pradesh,1500000,0,0,recommended,730,2023-02-17,2025-02-16,,Jal Nigam,irrigation,
RA10718,Jaipur Constituency,Jaipur,Rajasthan,1000000,1000000.0,869666.88,stalled,180,2024-08-07,2025-02-03,,Rural Dev Dept,irrigation,10.9
BI09747,Gaya Constituency, Gaya,Bihar,1000000,1000000.0,612656.45,sanctioned,270,2024-08-30,2025-05-27,,Jal Nigam,irrigation,
AN10428,Guntur Constituency,Guntur,Andhra Pradesh,750000,750000.0,1140147.45,STALLED,270,04-01-2024,2024-09-30,,PWD,school,91.7
KE09720,Ernakulam Constituency,Ernakulam,Kerala,1000000,500000.0,278433.68,stalled,270,2024-07-04,2025-03-31,,PWD,irrigation,26.2
UT10556,Lucknow Constituency,Lucknow,Uttar Pradesh,1000000,0,1000.0,RECOMMENDED,180,2024-11-08,07-05-2025,,Jal Nigam,school,
AN09571,Guntur Constituency,Guntur,Andhra Pradesh,1500000,750000.0,643963.3,ONGOING,730,2024-04-25,25-04-2026,,Rural Dev Dept,irrigation,45.4
KA10318,Mysuru Constituency,Mysuru,Karnataka,300000,150000.0,99255.99,SANCTIONED,180,2024-11-20,2025-05-19,,PWD,road,
KE10203,Kozhikode Constituency,Kozhikode,Kerala,1000000,500000.0,330899.09,sanctioned,180,31-03-2023,2023-09-27,,Rural Dev Dept,sanitation,
KE09800,Ernakulam Constituency,Ernakulam,Kerala,500000,250000.0,231852.74, ongoing ,90,2023-12-04,03-03-2024,,PWD,irrigation,94.2
WE10680,Kolkata Constituency,Kolkata,West Bengal,300000,300000.0,747500.2, completed ,545,25-11-2024,24-05-2026,2026-08-05,PWD,road,100.0
RA09360,Jodhpur Constituency,Jodhpur,Rajasthan,500000,,0,RECOMMENDED,545,25-07-2023,20-01-2025,,Zilla Parishad,community hall,
KE09045,Kozhikode Constituency,Kozhikode,Kerala,200000,200000.0,138769.08, sanctioned ,180,2024-02-28,2024-08-26,,Jal Nigam,drinking water,
RA09378,Jaipur Constituency,Jaipur,Rajasthan,500000,0,0, recommended ,365,2023-11-23,22-11-2024,,PWD,drinking water,
UT10591,Varanasi Constituency,Varanasi,Uttar Pradesh,1500000,750000.0,2024971.21,sanctioned,90,2024-11-08,2025-02-06,,Rural Dev Dept,sanitation,
TA09372,Coimbatore Constituency,Coimbatore,Tamil Nadu,2000000,2000000.0,1993293.9,ongoing,270,2023-02-04,2023-11-01,,Rural Dev Dept,school,65.0
WE09652,Kolkata Constituency,Kolkata,West Bengal,1500000,750000.0,719115.85,ongoing,545,13-02-2024,11-08-2025,,Zilla Parishad,electricity,65.1
UT09406,Lucknow Constituency,Lucknow,Uttar Pradesh,300000,300000.0,145484.58,sanctioned,730,2023-10-23,2025-10-22,,Jal Nigam,irrigation,
AN09493,Visakhapatnam Constituency,Visakhapatnam,Andhra Pradesh,1500000,1500000.0,1024230.15,completed,180,2024-02-17,2024-08-15,30-07-2024,Zilla Parishad,electricity,100.0
KE10424,Kozhikode Constituency, Kozhikode,Kerala,2000000,2000000.0,1608886.9,SANCTIONED,545,22-01-2024,2025-07-20,,Rural Dev Dept,sanitation,
KE10581,Kozhikode Constituency,Kozhikode,Kerala,500000,500000.0,592029.45,sanctioned,90,2023-10-06,2024-01-04,,Jal Nigam,drinking water,
KA09727,Belagavi Constituency,Belagavi,Karnataka,750000,375000.0,239925.94,ongoing,730,2023-03-01,28-02-2025,,PWD,school,69.2
AN10034,Guntur Constituency,Guntur,Andhra Pradesh,1000000,0,0,recommended,90,2023-01-19,2023-04-19,,Jal Nigam,drinking water,
BI09342,Muzaffarpur Constituency,Muzaffarpur,Bihar,300000,150000.0,94573.94,ongoing,730,2024-11-24,24-11-2026,,Rural Dev Dept,irrigation,41.8
AN09310,Guntur Constituency,Guntur,Andhra Pradesh,1500000,1500000.0,1077837.48,stalled,270,2024-11-27,2025-08-24,,Jal Nigam,irrigation,19.9
KA09970,Belagavi Constituency, Belagavi,Karnataka,1000000,1000000.0,576665.68,sanctioned,180,23-04-2024,2024-10-20,,Jal Nigam,sanitation,
UT09869,Kanpur Nagar Constituency,Kanpur Nagar,Uttar Pradesh,1500000,0,0, recommended ,545,2023-10-01,2025-03-29,,PWD,drinking water,
WE09766,Kolkata Constituency,Kolkata,West Bengal,300000,300000.0,286230.81,stalled,365,2024-09-05,2025-09-05,,PWD,drinking water,68.7
MA10532,Pune Constituency,,Maharashtra,2000000,1000000.0,836279.07,stalled,365,2023-02-22,2024-02-22,,Jal Nigam,school,27.3
MA09854,Nagpur Constituency,Nagpur,Maharashtra,1000000,1000000.0,556308.59,ongoing,730,2023-06-21,2025-06-20,,Jal Nigam,sanitation,31.1
KA10354,Belagavi Constituency, Belagavi,Karnataka,300000,,112637.8,COMPLETED,730,03-08-2023,2025-08-02,09-11-2025,Zilla Parishad,community hall,100.0
MA10183,Pune Constituency,Pune,Maharashtra,300000,300000.0,290622.02,stalled,90,21-02-2023,2023-05-22,,Zilla Parishad,irrigation,46.2
KE10767,Kozhikode Constituency,Kozhikode,Kerala,1500000,1500000.0,628633.84,stalled,180,20-12-2023,17-06-2024,,Jal Nigam,community hall,89.2
RA09779,Jodhpur Constituency,Jodhpur,Rajasthan,200000,,73741.6,stalled,730,2023-11-25,2025-11-24,,PWD,community hall,50.4
MA10253,Pune Constituency,Pune,Maharashtra,2000000,1000000.0,437436.67,STALLED,180,2023-09-17,2024-03-15,,PWD,irrigation,65.1
RA09538,Jaipur Constituency,Jaipur,Rajasthan,1000000,1000000.0,532237.17,ongoing,365,2023-10-17,2024-10-16,,Zilla Parishad,drinking water,84.6
KA10460,Bengaluru Urban Constituency,Bengaluru Urban,Karnataka,1500000,750000.0,389069.9,ongoing,180,03-04-2023,30-09-2023,,Zilla Parishad,school,70.9
KE09251,Ernakulam Constituency,Ernakulam,Kerala,750000,750000.0,743061.8,ongoing,365,13-05-2023,2024-05-12,,Rural Dev Dept,community hall,50.6
BI09377,Gaya Constituency,Gaya,Bihar,200000,200000.0,192166.17,stalled,730,2023-09-24,2025-09-23,,PWD,sanitation,17.8
KE09397,Kozhikode Constituency,Kozhikode,Kerala,2000000,1000000.0,504004.61,ongoing,270,2024-11-05,2025-08-02,,Rural Dev Dept,electricity,72.1
WE10573,Howrah Constituency,Howrah,West Bengal,500000,250000.0,239469.79, completed ,90,12-08-2023,10-11-2023,2023-11-19,Rural Dev Dept,irrigation,100.0
KE09344,Kozhikode Constituency,Kozhikode,Kerala,500000,250000.0,205812.6,sanctioned,545,2024-04-21,18-10-2025,,Zilla Parishad,road,
MA09817,Nagpur Constituency,Nagpur,Maharashtra,2000000,2000000.0,2631693.36,ongoing,730,19-09-2023,2025-09-18,,Rural Dev Dept,drinking water,13.3
MA09294,Pune Constituency,Pune,Maharashtra,1500000,0,0,recommended,270,2023-07-26,21-04-2024,,PWD,irrigation,
KA10529,Mysuru Constituency,,Karnataka,1500000,1500000.0,1830291.4, sanctioned ,180,12-06-2024,09-12-2024,,PWD,road,
WE10464,Howrah Constituency, Howrah,West Bengal,200000,200000.0,172670.27,SANCTIONED,730,25-10-2023,2025-10-24,,Zilla Parishad,sanitation,
TA09169,Chennai Constituency,Chennai,Tamil Nadu,200000,,54097.82,stalled,90,2024-06-02,2024-08-31,,PWD,school,18.4
KA09352,Mysuru Constituency,Mysuru,Karnataka,1500000,1500000.0,820026.8, stalled ,545,2024-05-01,2025-10-28,,PWD,school,87.0
MA09051,Nagpur Constituency,Nagpur,Maharashtra,2000000,1000000.0,3108250.2,stalled,270,2023-10-31,2024-07-27,,Jal Nigam,community hall,16.0
AN10620,Krishna Constituency,Krishna,Andhra Pradesh,200000,200000.0,278634.86,ongoing,545,2023-08-01,2025-01-27,,Zilla Parishad,irrigation,94.8
TA10227,Chennai Constituency,Chennai,Tamil Nadu,750000,0,0,recommended,730,2024-07-25,2026-07-25,,Jal Nigam,school,
TA10606,Chennai Constituency,Chennai,Tamil Nadu,300000,300000.0,182111.61,completed,365,2024-05-30,2025-05-30,2025-08-29,Jal Nigam,school,100.0
TA09532,Madurai Constituency,Madurai,Tamil Nadu,750000,750000.0,681112.02,stalled,90,2023-07-01,2023-09-29,,PWD,irrigation,88.6
TA10065,Madurai Constituency,Madurai,Tamil Nadu,200000,200000.0,131228.3,SANCTIONED,270,2023-04-08,2024-01-03,,Zilla Parishad,school,
AN10300,Krishna Constituency,Krishna,Andhra Pradesh,200000,200000.0,141928.93, sanctioned ,90,2023-05-01,2023-07-30,,Jal Nigam,community hall,
KA09069,Mysuru Constituency,Mysuru,Karnataka,200000,200000.0,123704.74,completed,365,2024-02-01,2025-01-31,09-06-2025,Zilla Parishad,drinking water,100.0
TA09957,Chennai Constituency,Chennai,Tamil Nadu,300000,150000.0,126175.69,ongoing,365,2024-08-04,2025-08-04,,PWD,drinking water,79.9
TA10105,Madurai Constituency,Madurai,Tamil Nadu,500000,500000.0,363347.36,completed,270,2024-03-15,2024-12-10,12-01-2025,Rural Dev Dept,sanitation,100.0
TA09427,Chennai Constituency,Chennai,Tamil Nadu,2000000,0,0, recommended ,365,2023-06-01,31-05-2024,,Jal Nigam,electricity,
KA10390,Mysuru Constituency,Mysuru,Karnataka,1500000,750000.0,550685.81,sanctioned,180,2023-07-21,2024-01-17,,Rural Dev Dept,school,
RA09606,Jodhpur Constituency, Jodhpur,Rajasthan,2000000,2000000.0,835688.54,stalled,730,06-03-2023,05-03-2025,,PWD,road,49.7
BI10618,Gaya Constituency,Gaya,Bihar,300000,,233276.6,stalled,365,2024-09-18,2025-09-18,,PWD,community hall,93.1
AN09618,Krishna Constituency,Krishna,Andhra Pradesh,200000,200000.0,154291.48,stalled,180,24-01-2023,2023-07-23,,Rural Dev Dept,sanitation,24.9
MA10285,Pune Constituency,Pune,Maharashtra,300000,0,0, recommended ,365,2024-04-10,10-04-2025,,Jal Nigam,sanitation,
UT09332,Varanasi Constituency,Varanasi,Uttar Pradesh,500000,0,0,recommended,365,2023-09-17,2024-09-16,,Zilla Parishad,sanitation,
KE09016,Ernakulam Constituency,Ernakulam,Kerala,300000,0,0,recommended,270,10-06-2023,2024-03-06,,Zilla Parishad,community hall,
RA10740,Jodhpur Constituency,Jodhpur,Rajasthan,200000,200000.0,158979.45,ongoing,365,2024-03-15,2025-03-15,,Jal Nigam,school,27.3
KA10452,Bengaluru Urban Constituency,Bengaluru Urban,Karnataka,500000,250000.0,238516.88,completed,90,2023-08-27,25-11-2023,18-03-2024,Rural Dev Dept,sanitation,100.0
RA10580,Jaipur Constituency, Jaipur,Rajasthan,2000000,2000000.0,835541.3,sanctioned,365,2023-02-10,2024-02-10,,PWD,electricity,
BI10568,Gaya Constituency,Gaya,Bihar,500000,500000.0,827247.04, ongoing ,270,21-03-2023,2023-12-16,,Zilla Parishad,drinking water,61.1
TA10084,Madurai Constituency,Madurai,Tamil Nadu,300000,0,0,recommended,90,2024-01-28,27-04-2024,,PWD,school,
TA10096,Madurai Constituency,Madurai,Tamil Nadu,750000,0,0, recommended ,90,2024-09-09,2024-12-08,,Jal Nigam,school,
KA10389,Bengaluru Urban Constituency,Bengaluru Urban,Karnataka,300000,0,0,recommended,180,2023-11-14,2024-05-12,,Jal Nigam,road,
AN09447,Krishna Constituency, Krishna,Andhra Pradesh,300000,150000.0,519045.0,sanctioned,90,2023-11-10,2024-02-08,,Rural Dev Dept,school,
MA10221,Pune Constituency,Pune,Maharashtra,300000,300000.0,155811.7,ongoing,545,2023-03-14,2024-09-09,,Zilla Parishad,irrigation,60.4
WE10638,Howrah Constituency,Howrah,West Bengal,200000,100000.0,682427.35,ongoing,365,2023-07-05,2024-07-04,,Rural Dev Dept,drinking water,85.1
KA09056,Bengaluru Urban Constituency,Bengaluru Urban,Karnataka,200000,100000.0,45073.13,ongoing,545,2023-09-30,2025-03-28,,PWD,school,24.2
UT10642,Kanpur Nagar Constituency,Kanpur Nagar,Uttar Pradesh,2000000,2000000.0,1531624.78,SANCTIONED,90,12-04-2023,2023-07-11,,PWD,sanitation,
AN09213,Krishna Constituency,Krishna,Andhra Pradesh,1000000,500000.0,493035.37,ONGOING,730,2023-03-13,12-03-2025,,Jal Nigam,drinking water,11.0
AN10441,Krishna Constituency,Krishna,Andhra Pradesh,1000000,0,1694021.37, recommended ,270,05-07-2024,2025-04-01,,PWD,electricity,
TA09748,Coimbatore Constituency,Coimbatore,Tamil Nadu,1500000,750000.0,580140.62,ongoing,365,2024-04-17,2025-04-17,,PWD,drinking water,36.0
UT09757,Lucknow Constituency,Lucknow,Uttar Pradesh,300000,150000.0,96227.12,stalled,365,28-02-2024,2025-02-27,,PWD,drinking water,19.8
MA10081,Pune Constituency,Pune,Maharashtra,1500000,750000.0,426629.14,sanctioned,180,26-05-2023,2023-11-22,,Jal Nigam,school,
MA09330,Nagpur Constituency,Nagpur,Maharashtra,500000,500000.0,345005.99, stalled ,90,2024-11-02,2025-01-31,,PWD,sanitation,92.6
KA10477,Mysuru Constituency,Mysuru,Karnataka,500000,250000.0,165130.65,completed,270,2024-02-22,2024-11-18,2024-11-11,PWD,sanitation,100.0
TA09297,Madurai Constituency,Madurai,Tamil Nadu,750000,750000.0,465721.12,COMPLETED,270,07-07-2023,02-04-2024,2024-09-22,Jal Nigam,sanitation,100.0
AN10756,Guntur Constituency,Guntur,Andhra Pradesh,200000,200000.0,94347.82,sanctioned,730,2023-01-17,16-01-2025,,Zilla Parishad,sanitation,
KE09012,Ernakulam Constituency,Ernakulam,Kerala,500000,500000.0,441481.58,completed,90,2024-05-24,2024-08-22,19-11-2024,Jal Nigam,road,100.0
KA10636,Mysuru Constituency,Mysuru,Karnataka,2000000,0,1000.0,recommended,270,29-08-2024,2025-05-26,,PWD,drinking water,
KA09797,Bengaluru Urban Constituency,Bengaluru Urban,Karnataka,300000,150000.0,131077.25,completed,270,2023-07-20,15-04-2024,2024-09-16,Zilla Parishad,drinking water,100.0
RA09391,Jaipur Constituency, Jaipur,Rajasthan,1500000,750000.0,327361.41,sanctioned,730,2023-06-17,2025-06-16,,Zilla Parishad,drinking water,
TA09552,Madurai Constituency,Madurai,Tamil Nadu,300000,300000.0,134142.54,completed,545,2023-06-12,2024-12-08,29-11-2024,Zilla Parishad,school,100.0
KE10744,Ernakulam Constituency,Ernakulam,Kerala,200000,200000.0,264206.17,stalled,730,2024-06-13,13-06-2026,,Rural Dev Dept,irrigation,21.2
UT10344,Varanasi Constituency, Varanasi,Uttar Pradesh,1000000,1000000.0,1295269.89,completed,90,2024-01-27,2024-04-26,13-05-2024,PWD,sanitation,100.0
AN09888,Krishna Constituency,Krishna,Andhra Pradesh,200000,100000.0,47948.54, sanctioned ,180,2023-10-20,2024-04-17,,Zilla Parishad,school,
UT09121,Varanasi Constituency, Varanasi,Uttar Pradesh,750000,750000.0,1227029.85,stalled,365,29-12-2023,2024-12-28,,Zilla Parishad,road,56.4
RA10399,Jaipur Constituency,Jaipur,Rajasthan,300000,300000.0,120089.95,ongoing,180,29-09-2023,27-03-2024,,PWD,electricity,17.3
UT09666,Lucknow Constituency,Lucknow,Uttar Pradesh,300000,300000.0,250395.48,stalled,365,29-05-2024,2025-05-29,,PWD,electricity,17.2
KA10132,Mysuru Constituency,Mysuru,Karnataka,300000,150000.0,147207.52,completed,730,2023-12-21,20-12-2025,2026-06-25,Jal Nigam,community hall,100.0
MA09226,Pune Constituency,Pune,Maharashtra,1000000,500000.0,284167.28,ongoing,90,2023-01-23,2023-04-23,,Jal Nigam,road,37.7
TA10747,Coimbatore Constituency,Coimbatore,Tamil Nadu,1500000,750000.0,514291.14,sanctioned,270,2024-09-20,2025-06-17,,Rural Dev Dept,electricity,
WE09176,Kolkata Constituency,Kolkata,West Bengal,300000,300000.0,227551.01,completed,270,2024-01-03,2024-09-29,08-09-2024,Jal Nigam,road,100.0
TA09207,Chennai Constituency,Chennai,Tamil Nadu,2000000,2000000.0,980512.59,sanctioned,270,2023-10-25,21-07-2024,,Zilla Parishad,road,
UT09129,Varanasi Constituency,Varanasi,Uttar Pradesh,300000,150000.0,88310.67, completed ,730,2024-03-13,2026-03-13,2026-09-27,Jal Nigam,school,100.0
UT09326,Kanpur Nagar Constituency,Kanpur Nagar,Uttar Pradesh,200000,,0,recommended,90,2024-03-07,2024-06-05,,Zilla Parishad,school,
BI10639,Muzaffarpur Constituency,Muzaffarpur,Bihar,300000,150000.0,114400.41,sanctioned,270,2023-01-21,2023-10-18,,Zilla Parishad,sanitation,
AN10739,Visakhapatnam Constituency,Visakhapatnam,Andhra Pradesh,1500000,0,1000.0,RECOMMENDED,270,02-04-2024,2024-12-28,,Rural Dev Dept,irrigation,
KE10335,Ernakulam Constituency, Ernakulam,Kerala,500000,500000.0,421350.81,SANCTIONED,730,2024-03-22,2026-03-22,,Rural Dev Dept,irrigation,
RA09915,Jodhpur Constituency,Jodhpur,Rajasthan,2000000,0,0,recommended,180,2024-09-05,2025-03-04,,Rural Dev Dept,electricity,
WE09244,Kolkata Constituency,Kolkata,West Bengal,500000,0,0, recommended ,270,2023-03-22,17-12-2023,,Jal Nigam,drinking water,
MA09152,Pune Constituency,Pune,Maharashtra,500000,250000.0,125397.53,ONGOING,270,03-07-2024,2025-03-30,,Rural Dev Dept,irrigation,65.3
TA09520,Coimbatore Constituency,Coimbatore,Tamil Nadu,1000000,0,0,recommended,545,2024-09-29,28-03-2026,,Jal Nigam,sanitation,
AN10039,Krishna Constituency,Krishna,Andhra Pradesh,1000000,1000000.0,645255.65,sanctioned,545,2023-01-02,30-06-2024,,Rural Dev Dept,road,
WE10213,Kolkata Constituency,Kolkata,West Bengal,300000,300000.0,128166.84,ongoing,730,2023-10-14,2025-10-13,,Jal Nigam,community hall,68.8
KA09523,Mysuru Constituency,Mysuru,Karnataka,750000,0,1326471.86,recommended,365,2023-09-07,2024-09-06,,Rural Dev Dept,drinking water,
UT09442,Lucknow Constituency,Lucknow,Uttar Pradesh,500000,0,0,recommended,180,2024-07-06,2025-01-02,,Jal Nigam,sanitation,
TA09759,Madurai Constituency,Madurai,Tamil Nadu,1000000,500000.0,338861.68,stalled,180,16-08-2023,2024-02-12,,Zilla Parishad,community hall,49.8
TA10775,Madurai Constituency, Madurai,Tamil Nadu,2000000,2000000.0,2054901.72,stalled,270,14-08-2023,2024-05-10,,PWD,road,78.3
MA10722,Nagpur Constituency,Nagpur,Maharashtra,750000,750000.0,791218.73,completed,365,04-08-2024,2025-08-04,08-07-2025,Zilla Parishad,electricity,100.0
KA10641,Bengaluru Urban Constituency,Bengaluru Urban,Karnataka,1000000,1000000.0,839791.85,sanctioned,180,2023-09-11,09-03-2024,,PWD,drinking water,
UT10716,Lucknow Constituency,Lucknow,Uttar Pradesh,300000,300000.0,242222.63,sanctioned,180,2023-10-23,20-04-2024,,Jal Nigam,electricity,
KE10175,Ernakulam Constituency,Ernakulam,Kerala,1000000,1000000.0,526860.73,sanctioned,270,2023-07-17,12-04-2024,,Zilla Parishad,road,
WE10280,Howrah Constituency,Howrah,West Bengal,2000000,2000000.0,1623747.25,ongoing,365,2024-06-15,15-06-2025,,Jal Nigam,irrigation,48.8
UT10215,Varanasi Constituency,Varanasi,Uttar Pradesh,2000000,2000000.0,1706065.82,ongoing,180,21-06-2024,2024-12-18,,Zilla Parishad,irrigation,93.3
TA10035,Madurai Constituency,Madurai,Tamil Nadu,200000,200000.0,95113.21,completed,365,05-01-2023,2024-01-05,19-12-2023,PWD,school,100.0
MA09921,Nagpur Constituency,Nagpur,Maharashtra,750000,0,0,RECOMMENDED,180,2023-08-29,2024-02-25,,Jal Nigam,irrigation,
BI10301,Muzaffarpur Constituency,Muzaffarpur,Bihar,200000,200000.0,101543.98,ONGOING,730,2023-05-08,2025-05-07,,Zilla Parishad,community hall,39.7
AN10111,Krishna Constituency,Krishna,Andhra Pradesh,500000,500000.0,263387.97, completed ,365,16-04-2023,15-04-2024,2024-04-12,Rural Dev Dept,community hall,100.0
MA10239,Nagpur Constituency,Nagpur,Maharashtra,1500000,1500000.0,1043853.39, completed ,180,19-08-2023,2024-02-15,2024-01-22,Zilla Parishad,school,100.0
KE09292,Kozhikode Constituency,Kozhikode,Kerala,200000,200000.0,98275.53,sanctioned,545,2024-11-06,2026-05-05,,Rural Dev Dept,drinking water,
AN09468,Guntur Constituency,Guntur,Andhra Pradesh,200000,,69082.37,completed,90,2023-12-19,2024-03-18,2024-05-23,Rural Dev Dept,drinking water,100.0
KE09445,Ernakulam Constituency,Ernakulam,Kerala,200000,100000.0,51788.61,sanctioned,270,21-04-2023,2024-01-16,,PWD,community hall,
WE09353,Kolkata Constituency,Kolkata,West Bengal,750000,375000.0,221477.78,ongoing,90,2023-05-11,2023-08-09,,Jal Nigam,school,86.3
WE09940,Howrah Constituency,Howrah,West Bengal,200000,200000.0,140603.48,ongoing,365,2023-02-26,2024-02-26,,PWD,road,74.0
UT10201,Kanpur Nagar Constituency,Kanpur Nagar,Uttar Pradesh,200000,200000.0,113664.7,ongoing,270,21-09-2024,2025-06-18,,Zilla Parishad,irrigation,54.2
BI09801,Gaya Constituency,Gaya,Bihar,1000000,1000000.0,745252.88,SANCTIONED,90,30-09-2024,2024-12-29,,PWD,road,
TA10731,Chennai Constituency,Chennai,Tamil Nadu,300000,150000.0,65781.62,completed,730,23-07-2024,2026-07-23,18-08-2026,Rural Dev Dept,drinking water,100.0
BI10663,Patna Constituency,Patna,Bihar,2000000,2000000.0,1396532.09,stalled,90,31-10-2023,29-01-2024,,Zilla Parishad,school,90.3
TA09202,Madurai Constituency,Madurai,Tamil Nadu,1000000,1000000.0,1428266.49,ongoing,180,2024-02-08,2024-08-06,,Rural Dev Dept,irrigation,43.4
TA10628,Coimbatore Constituency,Coimbatore,Tamil Nadu,500000,500000.0,698993.1,stalled,270,2023-05-22,2024-02-16,,Rural Dev Dept,drinking water,55.4
KA09477,Bengaluru Urban Constituency,Bengaluru Urban,Karnataka,2000000,2000000.0,890498.54,ONGOING,90,08-08-2024,06-11-2024,,Jal Nigam,electricity,56.8
UT09403,Kanpur Nagar Constituency,Kanpur Nagar,Uttar Pradesh,750000,375000.0,247956.52,ongoing,180,26-02-2024,24-08-2024,,Zilla Parishad,community hall,65.8
AN09745,Visakhapatnam Constituency,Visakhapatnam,Andhra Pradesh,1500000,750000.0,720094.74,ongoing,270,2024-09-08,2025-06-05,,PWD,irrigation,38.9
UT09308,Varanasi Constituency,Varanasi,Uttar Pradesh,1500000,750000.0,340560.69,stalled,365,2023-11-27,26-11-2024,,Rural Dev Dept,electricity,76.3
AN09818,Visakhapatnam Constituency,Visakhapatnam,Andhra Pradesh,1500000,0,0, recommended ,90,2024-08-11,09-11-2024,,Zilla Parishad,school,
KA09364,Mysuru Constituency,Mysuru,Karnataka,1000000,0,1388730.65,recommended,730,31-03-2023,2025-03-30,,PWD,road,
AN10752,Visakhapatnam Constituency,Visakhapatnam,Andhra Pradesh,300000,300000.0,256116.56,ONGOING,730,2024-05-27,2026-05-27,,Rural Dev Dept,community hall,70.3
BI10730,Gaya Constituency,Gaya,Bihar,200000,200000.0,118352.58,sanctioned,730,2024-10-02,2026-10-02,,Zilla Parishad,electricity,
WE10734,Howrah Constituency, Howrah,West Bengal,200000,200000.0,112072.47,sanctioned,90,2023-06-21,2023-09-19,,Jal Nigam,sanitation,
KA10377,Bengaluru Urban Constituency,Bengaluru Urban,Karnataka,500000,500000.0,268555.24,ONGOING,545,2024-07-31,2026-01-27,,Jal Nigam,drinking water,47.7
WE10224,Kolkata Constituency, Kolkata,West Bengal,1500000,0,0,recommended,90,16-09-2023,2023-12-15,,Jal Nigam,drinking water,
WE10061,Kolkata Constituency,Kolkata,West Bengal,500000,500000.0,465009.09,sanctioned,180,2023-10-08,2024-04-05,,Zilla Parishad,irrigation,
TA09514,Chennai Constituency,Chennai,Tamil Nadu,200000,200000.0,111057.25,ongoing,270,2023-08-30,26-05-2024,,Zilla Parishad,road,52.4
WE10734,Howrah Constituency, Howrah,West Bengal,200000,200000.0,215430.39,sanctioned,90,2023-06-21,2023-09-19,,Jal Nigam,sanitation,
KE09693,Ernakulam Constituency,Ernakulam,Kerala,200000,200000.0,128971.52,COMPLETED,180,24-02-2023,23-08-2023,2024-02-29,Rural Dev Dept,irrigation,100.0
MA09650,Nagpur Constituency,Nagpur,Maharashtra,1500000,750000.0,665456.55,ONGOING,90,2023-02-27,2023-05-28,,Rural Dev Dept,electricity,17.4
KE10208,Ernakulam Constituency,Ernakulam,Kerala,2000000,0,0,RECOMMENDED,90,03-01-2023,2023-04-03,,Jal Nigam,school,
KE09456,Ernakulam Constituency,Ernakulam,Kerala,300000,150000.0,84579.02,sanctioned,730,2023-06-02,2025-06-01,,Jal Nigam,community hall,
BI10193,Patna Constituency,Patna,Bihar,1000000,0,0,recommended,180,2024-11-03,2025-05-02,,Jal Nigam,irrigation,
AN09586,Guntur Constituency,Guntur,Andhra Pradesh,300000,300000.0,130548.69, ongoing ,90,2024-11-27,25-02-2025,,Zilla Parishad,irrigation,90.3
KA10569,Bengaluru Urban Constituency,Bengaluru Urban,Karnataka,1500000,750000.0,448353.65,sanctioned,90,2024-11-11,09-02-2025,,Jal Nigam,irrigation,
RA10339,Jodhpur Constituency,Jodhpur,Rajasthan,2000000,0,0,recommended,730,20-11-2023,2025-11-19,,Jal Nigam,electricity,
WE09802,Howrah Constituency, Howrah,West Bengal,300000,150000.0,99365.86,stalled,365,2023-08-26,2024-08-25,,Zilla Parishad,road,70.1
AN10333,Guntur Constituency,Guntur,Andhra Pradesh,750000,750000.0,534411.62,sanctioned,270,2023-10-30,26-07-2024,,Zilla Parishad,community hall,
KE09763,Ernakulam Constituency,Ernakulam,Kerala,1500000,1500000.0,950379.44, ongoing ,730,2023-03-08,2025-03-07,,PWD,irrigation,79.5
KE09707,Ernakulam Constituency,Ernakulam,Kerala,750000,0,0,recommended,545,2023-11-30,2025-05-28,,Rural Dev Dept,school,
UT09108,Lucknow Constituency,Lucknow,Uttar Pradesh,200000,100000.0,252629.69,ongoing,365,2024-07-02,2025-07-02,,Zilla Parishad,irrigation,29.6
UT10556,Lucknow Constituency,Lucknow,Uttar Pradesh,1000000,0,0,RECOMMENDED,180,2024-11-08,07-05-2025,,Jal Nigam,school,
AN10549,Krishna Constituency,,Andhra Pradesh,750000,750000.0,650238.37,ongoing,270,2024-03-29,2024-12-24,,Jal Nigam,irrigation,35.3
BI10557,Gaya Constituency,Gaya,Bihar,1000000,0,0,RECOMMENDED,365,2023-11-30,2024-11-29,,PWD,irrigation,
BI09053,Gaya Constituency, Gaya,Bihar,500000,250000.0,135764.75,completed,270,24-04-2024,19-01-2025,14-06-2025,Jal Nigam,community hall,100.0
UT09916,Varanasi Constituency,Varanasi,Uttar Pradesh,1000000,1000000.0,742584.7, stalled ,180,2024-05-13,2024-11-09,,Rural Dev Dept,community hall,65.1
AN09145,Krishna Constituency,Krishna,Andhra Pradesh,1000000,1000000.0,441777.1,stalled,365,2024-05-29,2025-05-29,,Zilla Parishad,sanitation,85.9
KE10482,Ernakulam Constituency,Ernakulam,Kerala,2000000,0,0,recommended,270,2023-01-16,13-10-2023,,Jal Nigam,community hall,
KA10584,Bengaluru Urban Constituency,Bengaluru Urban,Karnataka,1000000,500000.0,445476.99,completed,270,22-08-2023,2024-05-18,2024-10-29,Zilla Parishad,sanitation,100.0
TA10006,Madurai Constituency,Madurai,Tamil Nadu,300000,300000.0,378724.27, ongoing ,365,2023-01-18,2024-01-18,,Zilla Parishad,sanitation,91.9
WE09259,Howrah Constituency,Howrah,West Bengal,200000,200000.0,355272.33,ongoing,730,2024-01-18,2026-01-17,,Jal Nigam,electricity,27.1
WE10426,Kolkata Constituency,Kolkata,West Bengal,2000000,1000000.0,3435908.34,ongoing,270,2023-09-11,2024-06-07,,PWD,irrigation,43.4
UT10371,Varanasi Constituency,Varanasi,Uttar Pradesh,300000,,113653.2,completed,270,2023-06-23,2024-03-19,2024-08-15,PWD,school,100.0
AN09939,Visakhapatnam Constituency,Visakhapatnam,Andhra Pradesh,1000000,,315507.49,sanctioned,270,2024-07-27,2025-04-23,,PWD,community hall,
AN09217,Visakhapatnam Constituency,Visakhapatnam,Andhra Pradesh,300000,150000.0,82333.66,ongoing,730,2023-11-13,12-11-2025,,Jal Nigam,school,77.8
KA09185,Belagavi Constituency,Belagavi,Karnataka,500000,250000.0,765988.31,sanctioned,90,2024-02-15,2024-05-15,,PWD,road,
RA09638,Jaipur Constituency,Jaipur,Rajasthan,200000,100000.0,311198.04,completed,730,2023-06-25,2025-06-24,05-01-2026,Zilla Parishad,electricity,100.0
MA10181,Nagpur Constituency,Nagpur,Maharashtra,300000,150000.0,60667.53,ongoing,365,2024-07-29,2025-07-29,,Zilla Parishad,road,67.4
RA10327,Jodhpur Constituency, Jodhpur,Rajasthan,300000,300000.0,288485.93, ongoing ,180,2023-12-12,2024-06-09,,Rural Dev Dept,electricity,54.3
TA09298,Chennai Constituency,Chennai,Tamil Nadu,2000000,2000000.0,1746683.79, sanctioned ,730,2023-04-10,2025-04-09,,Jal Nigam,school,
KA09712,Belagavi Constituency,Belagavi,Karnataka,300000,300000.0,175587.23,sanctioned,365,22-01-2024,21-01-2025,,Rural Dev Dept,electricity,
KE09597,Kozhikode Constituency,Kozhikode,Kerala,2000000,1000000.0,713179.74,sanctioned,365,14-10-2024,2025-10-14,,Jal Nigam,road,
MA10559,Pune Constituency,Pune,Maharashtra,200000,100000.0,159917.82,ongoing,730,2024-11-27,27-11-2026,,PWD,irrigation,49.6
AN10649,Guntur Constituency,Guntur,Andhra Pradesh,300000,300000.0,437812.09, sanctioned ,365,24-06-2023,23-06-2024,,Jal Nigam,road,
BI09951,Muzaffarpur Constituency,Muzaffarpur,Bihar,300000,,119922.76, sanctioned ,730,23-03-2023,2025-03-22,,PWD,school,
WE10474,Howrah Constituency,Howrah,West Bengal,750000,,0, recommended ,365,20-07-2023,2024-07-19,,PWD,irrigation,
UT09237,Varanasi Constituency,Varanasi,Uttar Pradesh,500000,500000.0,760667.83,stalled,730,2024-03-15,2026-03-15,,Zilla Parishad,drinking water,65.1
AN09512,Krishna Constituency,Krishna,Andhra Pradesh,1500000,750000.0,689481.86, sanctioned ,365,2023-10-11,2024-10-10,,Rural Dev Dept,electricity,
WE09894,Howrah Constituency,Howrah,West Bengal,1000000,0,0,recommended,180,29-03-2023,25-09-2023,,Rural Dev Dept,school,
TA10679,Coimbatore Constituency,Coimbatore,Tamil Nadu,2000000,0,3381691.22,recommended,180,07-04-2023,2023-10-04,,Jal Nigam,sanitation,
UT10717,Varanasi Constituency,Varanasi,Uttar Pradesh,750000,750000.0,572268.88, sanctioned ,90,2023-02-13,2023-05-14,,PWD,irrigation,
KA10388,Bengaluru Urban Constituency,Bengaluru Urban,Karnataka,2000000,1000000.0,703538.72, completed ,365,2023-09-04,2024-09-03,2024-12-09,Rural Dev Dept,road,100.0
AN09417,Visakhapatnam Constituency,Visakhapatnam,Andhra Pradesh,300000,150000.0,144628.84,sanctioned,545,2024-03-21,2025-09-17,,PWD,community hall,
UT09900,Lucknow Constituency,Lucknow,Uttar Pradesh,750000,750000.0,621222.14,ongoing,90,2024-10-20,2025-01-18,,PWD,sanitation,83.3
KE10309,Kozhikode Constituency, Kozhikode,Kerala,2000000,2000000.0,1220923.62,stalled,270,09-10-2024,2025-07-06,,Jal Nigam,school,67.5
BI09487,Patna Constituency,Patna,Bihar,2000000,0,0, recommended ,90,30-08-2024,2024-11-28,,Rural Dev Dept,electricity,
KA10681,Mysuru Constituency,Mysuru,Karnataka,2000000,,962989.21,ongoing,365,2024-01-24,23-01-2025,,Jal Nigam,electricity,45.1
TA09023,Madurai Constituency,Madurai,Tamil Nadu,1500000,750000.0,2445540.08,sanctioned,180,09-07-2024,05-01-2025,,Jal Nigam,sanitation,
WE09786,Howrah Constituency,Howrah,West Bengal,200000,200000.0,147689.28,completed,365,2024-02-20,2025-02-19,2025-08-13,Jal Nigam,sanitation,100.0
RA10029,Jaipur Constituency,Jaipur,Rajasthan,1500000,0,0, recommended ,730,2023-09-26,25-09-2025,,Rural Dev Dept,irrigation,
KA09385,Belagavi Constituency,Belagavi,Karnataka,1500000,1500000.0,852836.18,ongoing,180,14-08-2023,2024-02-10,,Rural Dev Dept,electricity,59.1
BI09643,Muzaffarpur Constituency,Muzaffarpur,Bihar,1000000,1000000.0,491962.24,completed,545,2023-11-16,2025-05-14,2025-05-11,Zilla Parishad,school,100.0
RA09067,Jaipur Constituency,Jaipur,Rajasthan,2000000,2000000.0,950043.05,sanctioned,180,2024-03-16,2024-09-12,,Rural Dev Dept,community hall,
KE09778,Kozhikode Constituency,Kozhikode,Kerala,750000,375000.0,298212.94,stalled,270,2023-09-23,2024-06-19,,Zilla Parishad,drinking water,18.1
BI10604,Muzaffarpur Constituency,Muzaffarpur,Bihar,750000,,247489.01,sanctioned,90,2023-05-04,2023-08-02,,Rural Dev Dept,electricity,
KE09057,Kozhikode Constituency,Kozhikode,Kerala,750000,750000.0,736960.16,STALLED,90,14-07-2023,2023-10-12,,PWD,sanitation,14.0
WE10392,Kolkata Constituency,Kolkata,West Bengal,300000,150000.0,68913.63,ongoing,545,2023-05-08,2024-11-03,,Rural Dev Dept,school,26.1
BI09458,Muzaffarpur Constituency, Muzaffarpur,Bihar,500000,500000.0,254392.15,ongoing,90,2023-04-05,2023-07-04,,Jal Nigam,irrigation,85.2
BI10269,Gaya Constituency,Gaya,Bihar,300000,300000.0,228867.56,completed,365,2023-02-09,2024-02-09,22-05-2024,PWD,sanitation,100.0
AN10707,Visakhapatnam Constituency, Visakhapatnam,Andhra Pradesh,500000,500000.0,450425.6,ongoing,90,2024-07-27,2024-10-25,,Rural Dev Dept,road,72.7
UT09358,Kanpur Nagar Constituency,Kanpur Nagar,Uttar Pradesh,750000,750000.0,301074.64,completed,545,2024-06-09,2025-12-06,28-02-2026,Jal Nigam,drinking water,100.0
AN10005,Krishna Constituency,Krishna,Andhra Pradesh,750000,375000.0,266693.84,ongoing,730,2024-06-05,2026-06-05,,PWD,school,89.3
KA10008,Belagavi Constituency,Belagavi,Karnataka,300000,300000.0,392092.44,completed,365,26-07-2023,25-07-2024,2024-12-21,Rural Dev Dept,community hall,100.0
TA10628,Coimbatore Constituency,Coimbatore,Tamil Nadu,500000,500000.0,465601.33,stalled,270,2023-05-22,2024-02-16,,Rural Dev Dept,drinking water,55.4
MA10219,Pune Constituency,Pune,Maharashtra,2000000,1000000.0,876379.08,completed,365,2024-07-27,27-07-2025,2026-01-01,Rural Dev Dept,drinking water,100.0
AN09645,Krishna Constituency,Krishna,Andhra Pradesh,1500000,0,0,recommended,545,2023-09-13,11-03-2025,,Zilla Parishad,drinking water,
MA10124,Pune Constituency,Pune,Maharashtra,500000,500000.0,295826.27,STALLED,270,03-01-2023,30-09-2023,,Rural Dev Dept,school,29.4
KE09841,Ernakulam Constituency,Ernakulam,Kerala,2000000,2000000.0,3112394.02,ongoing,545,2023-11-28,2025-05-26,,Zilla Parishad,irrigation,64.0
AN10276,Guntur Constituency,Guntur,Andhra Pradesh,500000,500000.0,279539.9,completed,365,2023-03-16,2024-03-15,2024-09-15,Jal Nigam,irrigation,100.0
UT10045,Varanasi Constituency,Varanasi,Uttar Pradesh,1000000,1000000.0,641269.24,stalled,365,24-11-2024,2025-11-24,,Jal Nigam,irrigation,86.0
TA10449,Coimbatore Constituency,Coimbatore,Tamil Nadu,1000000,1000000.0,616031.9,ongoing,180,2023-11-12,10-05-2024,,Zilla Parishad,school,77.8
KA10539,Belagavi Constituency,,Karnataka,2000000,2000000.0,1054640.24,sanctioned,365,24-06-2024,2025-06-24,,Jal Nigam,community hall,
TA10481,Madurai Constituency,Madurai,Tamil Nadu,750000,375000.0,950102.28,stalled,545,06-07-2023,01-01-2025,,Jal Nigam,irrigation,14.6
UT10710,Varanasi Constituency,Varanasi,Uttar Pradesh,300000,300000.0,200913.48,ongoing,180,2023-10-24,21-04-2024,,Zilla Parishad,electricity,58.7
AN09485,Krishna Constituency,Krishna,Andhra Pradesh,750000,750000.0,504753.22,stalled,545,2023-11-01,2025-04-29,,Zilla Parishad,community hall,51.9
KA10726,Bengaluru Urban Constituency,Bengaluru Urban,Karnataka,750000,375000.0,445805.01,sanctioned,365,2023-08-26,25-08-2024,,Rural Dev Dept,road,
MA10665,Nagpur Constituency,Nagpur,Maharashtra,1500000,1500000.0,1648044.52, stalled ,180,2023-01-16,2023-07-15,,PWD,road,65.8
BI10157,Muzaffarpur Constituency,Muzaffarpur,Bihar,500000,500000.0,400603.84,ONGOING,545,03-03-2024,2025-08-30,,Rural Dev Dept,school,60.2
RA10385,Jodhpur Constituency, Jodhpur,Rajasthan,1000000,,437892.65,stalled,545,2024-11-15,2026-05-14,,Rural Dev Dept,electricity,43.3
KA09657,Mysuru Constituency,Mysuru,Karnataka,300000,300000.0,471045.48, stalled ,365,2023-10-06,2024-10-05,,Zilla Parishad,road,12.9
TA10588,Coimbatore Constituency,Coimbatore,Tamil Nadu,750000,750000.0,478369.2,sanctioned,365,2023-06-11,10-06-2024,,Jal Nigam,electricity,
BI09489,Patna Constituency,Patna,Bihar,1500000,,1238082.13,stalled,90,24-05-2023,2023-08-22,,Rural Dev Dept,drinking water,90.4
AN10148,Guntur Constituency,Guntur,Andhra Pradesh,1500000,1500000.0,1361722.26, ongoing ,365,2024-08-06,06-08-2025,,PWD,electricity,35.9
RA09249,Jodhpur Constituency,Jodhpur,Rajasthan,500000,0,0,recommended,90,25-04-2024,24-07-2024,,Jal Nigam,community hall,
BI09504,Gaya Constituency,Gaya,Bihar,300000,150000.0,369282.43,sanctioned,365,2023-10-06,2024-10-05,,Rural Dev Dept,irrigation,
TA10662,Madurai Constituency,Madurai,Tamil Nadu,200000,200000.0,282394.73,completed,90,2024-04-23,2024-07-22,16-08-2024,Zilla Parishad,irrigation,100.0
WE09283,Kolkata Constituency,Kolkata,West Bengal,750000,750000.0,585706.18,ONGOING,730,2024-01-29,2026-01-28,,PWD,irrigation,12.2
AN10414,Visakhapatnam Constituency,Visakhapatnam,Andhra Pradesh,1500000,1500000.0,1447689.85,completed,180,2024-09-10,09-03-2025,2025-03-31,Rural Dev Dept,community hall,100.0
WE09395,Kolkata Constituency,Kolkata,West Bengal,200000,100000.0,74426.75, stalled ,545,2024-06-07,2025-12-04,,Rural Dev Dept,road,17.0
MA09885,Pune Constituency,Pune,Maharashtra,1500000,750000.0,2648031.16,completed,180,2024-07-02,2024-12-29,15-01-2025,Zilla Parishad,electricity,100.0
BI09901,Gaya Constituency,Gaya,Bihar,200000,200000.0,152983.33,ongoing,270,2023-04-20,15-01-2024,,Rural Dev Dept,school,60.7
BI09698,Patna Constituency,Patna,Bihar,1000000,1000000.0,670366.62,sanctioned,730,2024-01-05,04-01-2026,,Jal Nigam,community hall,
WE09967,Howrah Constituency,Howrah,West Bengal,750000,750000.0,700744.68, completed ,545,12-01-2024,2025-07-10,06-09-2025,Zilla Parishad,sanitation,100.0
AN10416,Krishna Constituency,Krishna,Andhra Pradesh,750000,0,1228424.27,recommended,270,2023-07-06,2024-04-01,,Zilla Parishad,sanitation,
KE09826,Ernakulam Constituency, Ernakulam,Kerala,200000,100000.0,78595.69,sanctioned,270,2023-11-01,2024-07-28,,PWD,sanitation,
UT09607,Varanasi Constituency,Varanasi,Uttar Pradesh,300000,300000.0,396728.16,ongoing,90,2024-09-18,2024-12-17,,Rural Dev Dept,sanitation,90.2
UT10294,Varanasi Constituency,Varanasi,Uttar Pradesh,300000,150000.0,79970.16,completed,90,2023-10-19,17-01-2024,18-03-2024,Jal Nigam,community hall,100.0
BI09983,Patna Constituency,Patna,Bihar,750000,0,0,recommended,545,2024-01-30,2025-07-28,,Zilla Parishad,road,
BI09816,Muzaffarpur Constituency,Muzaffarpur,Bihar,300000,150000.0,135298.3,stalled,545,18-12-2023,2025-06-15,,PWD,school,93.8
BI10012,Muzaffarpur Constituency,Muzaffarpur,Bihar,1000000,0,0,recommended,730,22-01-2023,21-01-2025,,PWD,drinking water,
WE10614,Howrah Constituency,Howrah,West Bengal,750000,0,1000.0,recommended,90,2023-03-26,24-06-2023,,Jal Nigam,irrigation,
AN10647,Visakhapatnam Constituency,Visakhapatnam,Andhra Pradesh,300000,150000.0,119826.17,ongoing,730,04-02-2024,03-02-2026,,Jal Nigam,electricity,18.9
WE09830,Howrah Constituency,Howrah,West Bengal,300000,,130536.36,completed,545,2023-12-26,2025-06-23,2025-07-06,PWD,school,100.0
RA09872,Jaipur Constituency, Jaipur,Rajasthan,1000000,500000.0,437460.39,SANCTIONED,180,2024-03-25,21-09-2024,,PWD,irrigation,
MA10001,Nagpur Constituency,Nagpur,Maharashtra,750000,750000.0,317976.22,completed,90,2024-02-25,25-05-2024,05-07-2024,PWD,community hall,100.0
UT10375,Varanasi Constituency,Varanasi,Uttar Pradesh,200000,100000.0,326371.53,ONGOING,730,2023-08-09,2025-08-08,,Zilla Parishad,school,43.4
KE10767,Kozhikode Constituency,Kozhikode,Kerala,1500000,1500000.0,1248297.5,stalled,180,20-12-2023,17-06-2024,,Jal Nigam,community hall,89.2
TA10757,Chennai Constituency,Chennai,Tamil Nadu,300000,300000.0,198299.63,sanctioned,90,2024-06-03,2024-09-01,,Zilla Parishad,irrigation,
WE10525,Howrah Constituency,,West Bengal,1500000,1500000.0,659932.49,stalled,90,2023-01-14,2023-04-14,,Jal Nigam,sanitation,64.2
KA10418,Mysuru Constituency,Mysuru,Karnataka,200000,0,0,recommended,180,2023-03-13,09-09-2023,,PWD,road,
BI10768,Gaya Constituency, Gaya,Bihar,750000,750000.0,1813974.93,ongoing,545,2024-09-18,17-03-2026,,Zilla Parishad,road,59.0
BI10059,Patna Constituency,Patna,Bihar,1000000,0,1423452.37,recommended,730,2024-09-09,2026-09-09,,Zilla Parishad,irrigation,
KA09735,Mysuru Constituency,Mysuru,Karnataka,1000000,1000000.0,555123.59,sanctioned,365,2023-08-12,11-08-2024,,Jal Nigam,sanitation,
WE10571,Howrah Constituency,Howrah,West Bengal,750000,750000.0,1051791.28,sanctioned,365,22-06-2023,21-06-2024,,Rural Dev Dept,drinking water,
BI09812,Muzaffarpur Constituency,Muzaffarpur,Bihar,200000,200000.0,294404.99,ongoing,545,2023-01-24,2024-07-22,,PWD,school,88.0
AN10733,Krishna Constituency,Krishna,Andhra Pradesh,1500000,1500000.0,1855780.48,completed,90,2023-01-20,20-04-2023,2023-06-19,Jal Nigam,drinking water,100.0
UT09904,Kanpur Nagar Constituency,Kanpur Nagar,Uttar Pradesh,200000,0,0,RECOMMENDED,545,15-08-2024,2026-02-11,,Rural Dev Dept,electricity,
AN09061,Guntur Constituency,Guntur,Andhra Pradesh,2000000,1000000.0,740053.08,completed,730,2024-05-24,24-05-2026,2026-10-02,Zilla Parishad,school,100.0
BI09676,Patna Constituency,Patna,Bihar,300000,300000.0,275658.8,completed,270,2024-02-16,2024-11-12,2025-01-27,Jal Nigam,irrigation,100.0
MA09923,Nagpur Constituency,Nagpur,Maharashtra,300000,300000.0,207376.93, sanctioned ,270,2023-05-22,16-02-2024,,Jal Nigam,electricity,
TA09460,Chennai Constituency,Chennai,Tamil Nadu,2000000,1000000.0,828163.28,STALLED,730,2023-02-06,2025-02-05,,Zilla Parishad,school,82.7
KA10479,Mysuru Constituency,Mysuru,Karnataka,200000,,0,recommended,730,2023-10-05,04-10-2025,,Jal Nigam,road,
MA09948,Pune Constituency,Pune,Maharashtra,500000,250000.0,163092.51,stalled,545,26-07-2024,22-01-2026,,Rural Dev Dept,electricity,78.6
WE10337,Kolkata Constituency,Kolkata,West Bengal,300000,150000.0,122350.27,stalled,365,17-04-2023,16-04-2024,,PWD,school,94.0
RA10625,Jodhpur Constituency, Jodhpur,Rajasthan,500000,500000.0,309298.45,completed,90,02-02-2023,2023-05-03,2023-05-10,PWD,community hall,100.0
WE10565,Howrah Constituency,Howrah,West Bengal,300000,300000.0,461528.56,sanctioned,180,11-04-2023,2023-10-08,,Jal Nigam,road,
KE09562,Kozhikode Constituency,Kozhikode,Kerala,2000000,1000000.0,522528.09,completed,270,2023-06-06,02-03-2024,06-09-2024,PWD,sanitation,100.0
KA09721,Mysuru Constituency,Mysuru,Karnataka,300000,300000.0,223573.4,STALLED,730,2023-08-29,2025-08-28,,PWD,sanitation,67.3
KA10656,Mysuru Constituency,Mysuru,Karnataka,200000,100000.0,73293.87, stalled ,365,04-10-2024,2025-10-04,,Jal Nigam,school,66.7
BI09539,Gaya Constituency,Gaya,Bihar,200000,200000.0,187896.67,ongoing,180,28-03-2023,2023-09-24,,Rural Dev Dept,drinking water,55.9
KA10296,Bengaluru Urban Constituency,Bengaluru Urban,Karnataka,300000,0,0,recommended,90,04-05-2023,2023-08-02,,Rural Dev Dept,sanitation,
AN09037,Krishna Constituency,Krishna,Andhra Pradesh,2000000,2000000.0,1122373.0,SANCTIONED,90,07-11-2024,2025-02-05,,PWD,community hall,
MA10665,Nagpur Constituency,Nagpur,Maharashtra,1500000,1500000.0,830896.04, stalled ,180,2023-01-16,2023-07-15,,PWD,road,65.8
BI09565,Gaya Constituency,Gaya,Bihar,2000000,2000000.0,1442365.47,sanctioned,545,2023-02-04,2024-08-02,,Rural Dev Dept,school,
TA09305,Madurai Constituency,Madurai,Tamil Nadu,500000,250000.0,221980.94,completed,545,2024-01-13,2025-07-11,2025-07-20,PWD,community hall,100.0
KE09780,Ernakulam Constituency,Ernakulam,Kerala,200000,100000.0,82062.16,completed,180,2023-12-23,20-06-2024,28-10-2024,PWD,community hall,100.0
KA09158,Belagavi Constituency,Belagavi,Karnataka,500000,250000.0,240382.44,ongoing,545,2024-08-01,2026-01-28,,PWD,sanitation,72.0
KA09631,Belagavi Constituency,Belagavi,Karnataka,2000000,2000000.0,1897029.31,ongoing,365,02-09-2024,2025-09-02,,Jal Nigam,drinking water,10.3
WE10592,Howrah Constituency,Howrah,West Bengal,2000000,1000000.0,505641.27,sanctioned,730,18-01-2023,2025-01-17,,Zilla Parishad,irrigation,
MA09956,Nagpur Constituency,Nagpur,Maharashtra,200000,100000.0,96503.71,sanctioned,730,2023-07-07,2025-07-06,,Rural Dev Dept,drinking water,
AN10616,Visakhapatnam Constituency,Visakhapatnam,Andhra Pradesh,200000,,98380.63,stalled,365,2023-08-08,2024-08-07,,Rural Dev Dept,sanitation,14.1
BI09284,Patna Constituency,Patna,Bihar,1000000,0,0,recommended,730,07-03-2023,06-03-2025,,PWD,school,
WE09867,Kolkata Constituency,Kolkata,West Bengal,750000,375000.0,256180.24,ongoing,180,2024-07-21,2025-01-17,,Jal Nigam,sanitation,42.2
KA09019,Mysuru Constituency,Mysuru,Karnataka,200000,100000.0,96166.67,ongoing,90,2024-07-28,2024-10-26,,Zilla Parishad,community hall,39.8
MA09543,Nagpur Constituency,Nagpur,Maharashtra,500000,500000.0,449272.34,sanctioned,545,2023-10-05,2025-04-02,,PWD,community hall,
WE09438,Howrah Constituency,Howrah,West Bengal,500000,500000.0,349714.25, sanctioned ,730,2024-08-10,10-08-2026,,Jal Nigam,drinking water,
WE09084,Kolkata Constituency,Kolkata,West Bengal,200000,100000.0,60863.27,STALLED,730,2023-08-19,2025-08-18,,Jal Nigam,school,76.6
BI09225,Patna Constituency,Patna,Bihar,1000000,1000000.0,710935.85,completed,270,01-04-2023,2023-12-27,08-05-2024,PWD,community hall,100.0
RA10745,Jodhpur Constituency,Jodhpur,Rajasthan,1000000,500000.0,326775.03,sanctioned,730,2024-03-02,02-03-2026,,PWD,sanitation,
KE10702,Kozhikode Constituency,Kozhikode,Kerala,2000000,0,4789058.32,recommended,730,2024-11-14,14-11-2026,,Zilla Parishad,electricity,
MA10575,Pune Constituency,Pune,Maharashtra,750000,750000.0,660655.48,stalled,545,25-07-2024,2026-01-21,,Jal Nigam,drinking water,59.8
MA09965,Nagpur Constituency,Nagpur,Maharashtra,500000,0,0,recommended,730,2023-04-12,2025-04-11,,Zilla Parishad,community hall,
MA10493,Nagpur Constituency,Nagpur,Maharashtra,200000,200000.0,172955.33,ongoing,545,2023-03-13,2024-09-08,,Rural Dev Dept,drinking water,77.9
TA09557,Chennai Constituency,Chennai,Tamil Nadu,200000,0,0,recommended,730,2023-01-31,2025-01-30,,Rural Dev Dept,sanitation,
WE10338,Howrah Constituency,Howrah,West Bengal,1000000,1000000.0,492860.38,ongoing,180,2023-07-07,2024-01-03,,PWD,school,48.8
KE10672,Ernakulam Constituency,Ernakulam,Kerala,2000000,2000000.0,962267.26,stalled,730,2024-05-25,2026-05-25,,Zilla Parishad,drinking water,88.5
WE10638,Howrah Constituency,Howrah,West Bengal,200000,100000.0,350715.35,ongoing,365,2023-07-05,2024-07-04,,Rural Dev Dept,drinking water,85.1
KE10147,Kozhikode Constituency,Kozhikode,Kerala,1500000,1500000.0,775801.04,completed,365,01-01-2023,2024-01-01,15-02-2024,Jal Nigam,drinking water,100.0
TA09262,Madurai Constituency,Madurai,Tamil Nadu,300000,0,0,recommended,365,2023-07-29,28-07-2024,,Zilla Parishad,electricity,
AN09658,Visakhapatnam Constituency,Visakhapatnam,Andhra Pradesh,1000000,1000000.0,1636025.43,stalled,180,2023-06-05,02-12-2023,,Rural Dev Dept,sanitation,44.0
AN10292,Guntur Constituency,Guntur,Andhra Pradesh,2000000,1000000.0,866390.39, ongoing ,90,2023-11-06,04-02-2024,,PWD,irrigation,11.1
KA09790,Belagavi Constituency,Belagavi,Karnataka,300000,300000.0,178246.6,sanctioned,365,2024-08-02,02-08-2025,,Jal Nigam,school,
BI10017,Gaya Constituency,Gaya,Bihar,1500000,0,0,recommended,270,2023-04-01,27-12-2023,,Zilla Parishad,school,
AN09604,Krishna Constituency,Krishna,Andhra Pradesh,1000000,0,0, recommended ,545,29-06-2023,2024-12-25,,Jal Nigam,sanitation,
WE10319,Kolkata Constituency,Kolkata,West Bengal,500000,250000.0,233420.67,SANCTIONED,545,20-12-2023,17-06-2025,,PWD,road,
WE10598,Kolkata Constituency,Kolkata,West Bengal,500000,500000.0,566859.79,SANCTIONED,730,2024-04-18,2026-04-18,,PWD,road,
BI10094,Muzaffarpur Constituency,Muzaffarpur,Bihar,1000000,500000.0,451226.47,sanctioned,90,14-05-2023,2023-08-12,,Rural Dev Dept,community hall,
KE10686,Kozhikode Constituency,Kozhikode,Kerala,2000000,0,0, recommended ,545,2024-11-09,2026-05-08,,PWD,irrigation,
KA09672,Mysuru Constituency,Mysuru,Karnataka,750000,750000.0,1196214.96, sanctioned ,730,2024-11-06,2026-11-06,,Jal Nigam,school,
KE09112,Kozhikode Constituency, Kozhikode,Kerala,2000000,1000000.0,915627.41,completed,730,2023-05-07,2025-05-06,2025-05-19,Jal Nigam,community hall,100.0
BI09318,Muzaffarpur Constituency,Muzaffarpur,Bihar,1000000,500000.0,265338.17,completed,90,2024-06-14,2024-09-12,2025-03-25,PWD,school,100.0
WE09018,Howrah Constituency,Howrah,West Bengal,2000000,0,0, recommended ,270,19-11-2023,2024-08-15,,PWD,road,
KE09704,Kozhikode Constituency,Kozhikode,Kerala,2000000,2000000.0,1168290.5,ongoing,270,17-03-2024,2024-12-12,,Zilla Parishad,irrigation,63.0
MA09752,Pune Constituency,Pune,Maharashtra,500000,250000.0,173243.45,stalled,90,2024-07-18,16-10-2024,,Jal Nigam,community hall,47.1
AN09950,Guntur Constituency,Guntur,Andhra Pradesh,300000,0,0,recommended,365,2024-08-06,2025-08-06,,Rural Dev Dept,community hall,
BI10329,Gaya Constituency,Gaya,Bihar,750000,750000.0,597831.65,ONGOING,545,2023-05-07,02-11-2024,,Jal Nigam,sanitation,88.7
MA10670,Pune Constituency,Pune,Maharashtra,500000,500000.0,403019.18,sanctioned,365,2024-02-17,2025-02-16,,Rural Dev Dept,irrigation,
KA10320,Belagavi Constituency,Belagavi,Karnataka,750000,750000.0,517215.38,completed,180,26-05-2024,2024-11-22,2025-02-25,Rural Dev Dept,school,100.0
KA09475,Bengaluru Urban Constituency, Bengaluru Urban,Karnataka,750000,0,0,recommended,270,27-08-2023,2024-05-23,,Jal Nigam,drinking water,
UT09799,Varanasi Constituency, Varanasi,Uttar Pradesh,200000,200000.0,130787.12, stalled ,180,2024-05-28,2024-11-24,,Jal Nigam,community hall,18.8
KE09568,Kozhikode Constituency,Kozhikode,Kerala,1500000,750000.0,390466.54,stalled,730,2023-05-07,2025-05-06,,Zilla Parishad,sanitation,80.4
TA09773,Chennai Constituency,Chennai,Tamil Nadu,300000,,164815.98,completed,545,09-04-2023,05-10-2024,2024-09-30,Jal Nigam,school,100.0
MA10559,Pune Constituency,Pune,Maharashtra,200000,100000.0,92468.87,ongoing,730,2024-11-27,27-11-2026,,PWD,irrigation,49.6
RA10023,Jaipur Constituency,Jaipur,Rajasthan,300000,0,0, recommended ,545,2024-05-03,2025-10-30,,Jal Nigam,drinking water,
AN10595,Guntur Constituency,Guntur,Andhra Pradesh,750000,750000.0,644885.74,completed,180,2023-12-28,2024-06-25,13-07-2024,PWD,sanitation,100.0
KA10133,Belagavi Constituency,Belagavi,Karnataka,500000,500000.0,285420.78,ongoing,365,2024-05-03,2025-05-03,,PWD,school,59.1
RA09077,Jodhpur Constituency,Jodhpur,Rajasthan,200000,200000.0,153047.37,ongoing,730,2024-03-10,2026-03-10,,Jal Nigam,school,67.4
MA10742,Pune Constituency,Pune,Maharashtra,1000000,1000000.0,754784.62,STALLED,270,20-10-2024,2025-07-17,,Zilla Parishad,sanitation,39.2
AN09159,Krishna Constituency,Krishna,Andhra Pradesh,2000000,2000000.0,1628517.68, sanctioned ,365,2023-04-04,2024-04-03,,PWD,school,
MA10037,Nagpur Constituency,Nagpur,Maharashtra,750000,750000.0,1327374.11,sanctioned,270,2023-12-08,2024-09-03,,Jal Nigam,drinking water,
UT10635,Kanpur Nagar Constituency,Kanpur Nagar,Uttar Pradesh,750000,0,0,recommended,365,2024-02-10,2025-02-09,,PWD,drinking water,
WE10291,Kolkata Constituency, Kolkata,West Bengal,300000,0,0,recommended,270,2024-01-31,27-10-2024,,Zilla Parishad,road,
KA09229,Mysuru Constituency,Mysuru,Karnataka,2000000,2000000.0,2616545.74,STALLED,730,2024-08-29,2026-08-29,,Zilla Parishad,irrigation,84.6
KA09409,Bengaluru Urban Constituency,Bengaluru Urban,Karnataka,500000,500000.0,462760.08,stalled,365,2024-08-22,2025-08-22,,Zilla Parishad,sanitation,38.7
WE10314,Kolkata Constituency,Kolkata,West Bengal,300000,,466577.05,SANCTIONED,545,2024-09-15,14-03-2026,,Rural Dev Dept,sanitation,
BI09022,Patna Constituency, Patna,Bihar,200000,0,0,recommended,180,2024-06-19,2024-12-16,,Zilla Parishad,electricity,
RA10387,Jodhpur Constituency,Jodhpur,Rajasthan,750000,375000.0,367278.64,sanctioned,730,31-01-2023,30-01-2025,,Zilla Parishad,irrigation,
KA09444,Belagavi Constituency,Belagavi,Karnataka,200000,200000.0,157946.47,sanctioned,545,2023-01-04,02-07-2024,,Jal Nigam,community hall,
MA10722,Nagpur Constituency,Nagpur,Maharashtra,750000,750000.0,399182.48,completed,365,04-08-2024,2025-08-04,08-07-2025,Zilla Parishad,electricity,100.0
WE09367,Howrah Constituency,Howrah,West Bengal,300000,300000.0,265297.96,SANCTIONED,270,03-02-2023,2023-10-31,,PWD,sanitation,
TA10114,Madurai Constituency,Madurai,Tamil Nadu,200000,200000.0,242697.95,completed,545,02-10-2023,2025-03-30,2025-03-21,Jal Nigam,sanitation,100.0
KE09209,Ernakulam Constituency,Ernakulam,Kerala,1000000,1000000.0,480916.9,completed,180,2024-06-15,12-12-2024,21-02-2025,Jal Nigam,school,100.0
TA10517,Coimbatore Constituency,,Tamil Nadu,750000,0,1301962.35,RECOMMENDED,270,2024-11-13,2025-08-10,,Rural Dev Dept,community hall,
AN10457,Krishna Constituency,Krishna,Andhra Pradesh,1500000,,2498587.12,stalled,545,2024-08-06,2026-02-02,,Rural Dev Dept,irrigation,44.0
UT09728,Varanasi Constituency,Varanasi,Uttar Pradesh,300000,300000.0,230552.99, completed ,180,2024-10-06,04-04-2025,2025-03-05,PWD,road,100.0
UT10501,Varanasi Constituency,,Uttar Pradesh,1500000,1500000.0,634363.82,ongoing,545,2023-11-05,2025-05-03,,PWD,drinking water,16.8
UT09758,Kanpur Nagar Constituency, Kanpur Nagar,Uttar Pradesh,300000,0,405232.37,recommended,270,2023-06-15,2024-03-11,,Zilla Parishad,sanitation,
AN09300,Krishna Constituency,Krishna,Andhra Pradesh,750000,375000.0,342834.51,sanctioned,270,2023-09-10,2024-06-06,,Jal Nigam,road,
RA09055,Jaipur Constituency,Jaipur,Rajasthan,2000000,1000000.0,883504.12,stalled,545,2023-05-06,2024-11-01,,PWD,drinking water,59.9
TA09139,Coimbatore Constituency,Coimbatore,Tamil Nadu,750000,750000.0,533643.66,completed,180,2024-11-20,2025-05-19,02-12-2025,Jal Nigam,electricity,100.0
TA09097,Chennai Constituency, Chennai,Tamil Nadu,200000,200000.0,168636.32,STALLED,365,2024-07-26,2025-07-26,,PWD,road,10.0
AN10419,Krishna Constituency,Krishna,Andhra Pradesh,2000000,1000000.0,773313.75, ongoing ,365,24-07-2024,2025-07-24,,Jal Nigam,sanitation,21.5
UT09526,Lucknow Constituency,Lucknow,Uttar Pradesh,200000,200000.0,358365.78,stalled,180,2024-04-18,2024-10-15,,Rural Dev Dept,irrigation,93.0
KA10500,Belagavi Constituency,Belagavi,Karnataka,750000,750000.0,699610.84,COMPLETED,730,2023-08-22,2025-08-21,2025-12-02,Jal Nigam,drinking water,100.0
UT09700,Lucknow Constituency,Lucknow,Uttar Pradesh,1500000,1500000.0,1171608.17,ongoing,270,2024-07-06,02-04-2025,,Zilla Parishad,irrigation,26.9
TA09092,Madurai Constituency,Madurai,Tamil Nadu,500000,500000.0,712771.46,completed,545,2024-03-18,2025-09-14,05-10-2025,Rural Dev Dept,irrigation,100.0
UT10345,Lucknow Constituency,Lucknow,Uttar Pradesh,500000,500000.0,668640.97, stalled ,90,2024-10-26,2025-01-24,,Zilla Parishad,sanitation,77.3
AN09669,Guntur Constituency,Guntur,Andhra Pradesh,500000,500000.0,324297.12,completed,365,11-02-2023,11-02-2024,2024-03-09,Jal Nigam,sanitation,100.0
WE09942,Kolkata Constituency,Kolkata,West Bengal,300000,150000.0,126941.89,completed,270,2023-03-30,2023-12-25,2024-01-02,Zilla Parishad,road,100.0
KA09617,Belagavi Constituency,Belagavi,Karnataka,500000,250000.0,233420.43,SANCTIONED,365,14-09-2023,2024-09-13,,Zilla Parishad,drinking water,
KA09717,Mysuru Constituency, Mysuru,Karnataka,750000,375000.0,256060.04,completed,180,2023-05-11,2023-11-07,2023-10-09,Rural Dev Dept,drinking water,100.0
WE10355,Kolkata Constituency,Kolkata,West Bengal,1500000,1500000.0,1034052.02,COMPLETED,180,30-06-2024,27-12-2024,2024-12-29,PWD,irrigation,100.0
MA09866,Pune Constituency,Pune,Maharashtra,2000000,0,3469202.31,recommended,180,2024-01-02,2024-06-30,,Jal Nigam,irrigation,
KA09710,Bengaluru Urban Constituency,Bengaluru Urban,Karnataka,1000000,1000000.0,543506.32,completed,90,13-10-2024,11-01-2025,2025-01-31,Zilla Parishad,irrigation,100.0
KA09743,Belagavi Constituency,Belagavi,Karnataka,1000000,1000000.0,871120.5,ONGOING,730,2024-05-24,2026-05-24,,PWD,electricity,18.0
KE10278,Ernakulam Constituency,Ernakulam,Kerala,1500000,,1094834.01,sanctioned,730,2024-06-29,29-06-2026,,PWD,road,
KE10766,Ernakulam Constituency,Ernakulam,Kerala,500000,0,0,recommended,270,08-04-2023,2024-01-03,,Rural Dev Dept,irrigation,
KA09446,Mysuru Constituency,Mysuru,Karnataka,750000,750000.0,501473.23,stalled,365,2024-08-03,2025-08-03,,Rural Dev Dept,drinking water,75.8
UT09036,Kanpur Nagar Constituency,Kanpur Nagar,Uttar Pradesh,1500000,750000.0,2303029.31,ongoing,365,2023-06-27,2024-06-26,,Rural Dev Dept,road,31.4
TA10513,Madurai Constituency,,Tamil Nadu,1500000,1500000.0,2013291.79,SANCTIONED,180,2024-03-15,2024-09-11,,Zilla Parishad,electricity,
KA09118,Mysuru Constituency,Mysuru,Karnataka,1000000,,604319.12,sanctioned,730,2023-02-22,2025-02-21,,Rural Dev Dept,irrigation,
WE09648,Howrah Constituency, Howrah,West Bengal,750000,750000.0,911846.8, completed ,270,2024-04-06,2025-01-01,2025-01-04,Jal Nigam,drinking water,100.0
WE09998,Howrah Constituency,Howrah,West Bengal,500000,500000.0,415490.06,STALLED,180,2023-06-16,13-12-2023,,Zilla Parishad,drinking water,12.8
AN09675,Visakhapatnam Constituency,Visakhapatnam,Andhra Pradesh,1000000,1000000.0,494870.05,ONGOING,90,2024-10-21,2025-01-19,,Jal Nigam,electricity,56.5
UT10400,Varanasi Constituency,Varanasi,Uttar Pradesh,500000,500000.0,349357.31,SANCTIONED,90,2024-04-12,2024-07-11,,Rural Dev Dept,school,
UT09600,Kanpur Nagar Constituency,Kanpur Nagar,Uttar Pradesh,300000,0,0,recommended,180,2023-12-15,2024-06-12,,Zilla Parishad,sanitation,
BI09393,Patna Constituency,Patna,Bihar,500000,250000.0,108921.2,stalled,365,2023-06-29,2024-06-28,,Jal Nigam,sanitation,35.3
MA10235,Nagpur Constituency,Nagpur,Maharashtra,2000000,1000000.0,866739.94,SANCTIONED,90,08-01-2024,07-04-2024,,Rural Dev Dept,school,
TA10561,Chennai Constituency,Chennai,Tamil Nadu,750000,750000.0,508759.06,sanctioned,365,27-08-2023,2024-08-26,,Jal Nigam,road,
MA09974,Nagpur Constituency,Nagpur,Maharashtra,750000,750000.0,576328.54, stalled ,90,2023-10-22,20-01-2024,,Rural Dev Dept,road,90.0
MA09027,Nagpur Constituency,Nagpur,Maharashtra,1500000,750000.0,546026.04,completed,730,2023-06-26,2025-06-25,2025-06-16,Rural Dev Dept,community hall,100.0
BI10352,Muzaffarpur Constituency,Muzaffarpur,Bihar,750000,0,0,recommended,365,2023-03-13,2024-03-12,,PWD,electricity,
WE09729,Howrah Constituency,Howrah,West Bengal,750000,0,0,RECOMMENDED,730,2023-06-07,2025-06-06,,PWD,school,
AN10162,Visakhapatnam Constituency,Visakhapatnam,Andhra Pradesh,1500000,1500000.0,1282204.49, sanctioned ,365,2023-04-10,2024-04-09,,Jal Nigam,electricity,
MA10683,Nagpur Constituency,Nagpur,Maharashtra,1000000,1000000.0,1229970.54,stalled,90,06-03-2023,2023-06-04,,Zilla Parishad,sanitation,59.4
TA10245,Chennai Constituency,Chennai,Tamil Nadu,2000000,2000000.0,1525591.89,ongoing,90,2024-05-26,2024-08-24,,Rural Dev Dept,community hall,40.2
BI09933,Muzaffarpur Constituency,Muzaffarpur,Bihar,200000,0,0,recommended,90,2023-09-19,2023-12-18,,Rural Dev Dept,sanitation,
BI10671,Patna Constituency,Patna,Bihar,500000,500000.0,419960.42,stalled,90,2023-09-28,2023-12-27,,Zilla Parishad,electricity,77.6
UT09807,Kanpur Nagar Constituency,Kanpur Nagar,Uttar Pradesh,750000,750000.0,357752.63,STALLED,730,2023-12-03,02-12-2025,,Zilla Parishad,electricity,33.5
MA09677,Nagpur Constituency,Nagpur,Maharashtra,1000000,500000.0,316582.21,ongoing,270,2024-02-26,2024-11-22,,PWD,road,94.7
AN09270,Guntur Constituency,Guntur,Andhra Pradesh,300000,0,0,recommended,545,2023-12-28,2025-06-25,,Jal Nigam,community hall,
BI10391,Muzaffarpur Constituency,Muzaffarpur,Bihar,300000,,126328.16, stalled ,180,27-06-2024,2024-12-24,,PWD,drinking water,69.3
KA09636,Bengaluru Urban Constituency,Bengaluru Urban,Karnataka,1500000,1500000.0,882712.22,ongoing,180,2023-07-13,2024-01-09,,PWD,electricity,34.9
TA09066,Chennai Constituency,Chennai,Tamil Nadu,300000,300000.0,230955.42,stalled,730,2024-07-03,03-07-2026,,Rural Dev Dept,road,35.7
BI10589,Muzaffarpur Constituency,Muzaffarpur,Bihar,1000000,0,1000.0,recommended,545,2024-01-18,2025-07-16,,Rural Dev Dept,irrigation,
KA10755,Belagavi Constituency,Belagavi,Karnataka,1000000,0,0,recommended,90,2023-02-19,2023-05-20,,Jal Nigam,community hall,
BI10516,Muzaffarpur Constituency,,Bihar,300000,150000.0,464563.44,completed,180,19-01-2023,2023-07-18,2023-09-10,Rural Dev Dept,road,100.0
BI10769,Gaya Constituency, Gaya,Bihar,1500000,1500000.0,1417200.55,stalled,90,18-10-2023,2024-01-16,,PWD,electricity,70.1
TA10765,Chennai Constituency,Chennai,Tamil Nadu,2000000,1000000.0,1410912.06,ONGOING,730,2023-01-24,23-01-2025,,Zilla Parishad,sanitation,75.4
UT09161,Varanasi Constituency,Varanasi,Uttar Pradesh,750000,750000.0,1232216.7,ongoing,180,2024-04-10,07-10-2024,,Jal Nigam,school,26.3
KE09544,Ernakulam Constituency,Ernakulam,Kerala,1500000,1500000.0,1345502.76,sanctioned,180,2023-04-16,13-10-2023,,Rural Dev Dept,school,
KE09295,Ernakulam Constituency,Ernakulam,Kerala,300000,150000.0,82314.06,ongoing,90,22-03-2024,20-06-2024,,Rural Dev Dept,drinking water,12.3
AN09914,Krishna Constituency,Krishna,Andhra Pradesh,500000,500000.0,478164.2,sanctioned,90,2023-09-17,2023-12-16,,Zilla Parishad,community hall,
UT09111,Lucknow Constituency,Lucknow,Uttar Pradesh,2000000,2000000.0,1931850.06, completed ,270,2023-02-04,2023-11-01,2023-10-18,PWD,irrigation,100.0
UT10642,Kanpur Nagar Constituency,Kanpur Nagar,Uttar Pradesh,2000000,2000000.0,944366.58,SANCTIONED,90,12-04-2023,2023-07-11,,PWD,sanitation,
UT09952,Varanasi Constituency,Varanasi,Uttar Pradesh,200000,200000.0,165761.07,stalled,545,03-03-2024,30-08-2025,,Rural Dev Dept,road,92.8
BI10252,Gaya Constituency,Gaya,Bihar,750000,0,0,recommended,365,19-11-2023,2024-11-18,,Zilla Parishad,school,
MA09160,Pune Constituency,Pune,Maharashtra,1000000,500000.0,366359.81,completed,270,2023-04-27,2024-01-22,2024-06-14,Zilla Parishad,electricity,100.0
AN10496,Visakhapatnam Constituency,Visakhapatnam,Andhra Pradesh,2000000,2000000.0,869281.92,stalled,365,2024-10-16,16-10-2025,,Zilla Parishad,electricity,60.6
KE10009,Kozhikode Constituency,Kozhikode,Kerala,2000000,2000000.0,3588633.34,stalled,90,2023-06-24,22-09-2023,,Rural Dev Dept,community hall,25.4
KE09033,Ernakulam Constituency,Ernakulam,Kerala,2000000,2000000.0,1064204.93,completed,270,2023-06-30,2024-03-26,15-04-2024,Zilla Parishad,sanitation,100.0
MA09032,Nagpur Constituency,Nagpur,Maharashtra,300000,300000.0,132426.27,ongoing,365,22-08-2024,2025-08-22,,Rural Dev Dept,school,92.9
RA10514,Jaipur Constituency,,Rajasthan,1500000,0,0,recommended,270,2024-04-27,2025-01-22,,Jal Nigam,road,
KA10682,Mysuru Constituency,Mysuru,Karnataka,1000000,0,0,RECOMMENDED,180,2024-09-28,2025-03-27,,PWD,road,
UT09891,Kanpur Nagar Constituency,Kanpur Nagar,Uttar Pradesh,750000,750000.0,696941.7,stalled,180,01-01-2023,2023-06-30,,Zilla Parishad,road,23.4
KA10708,Bengaluru Urban Constituency,Bengaluru Urban,Karnataka,750000,375000.0,231203.01,ongoing,180,25-07-2024,2025-01-21,,PWD,sanitation,52.8
UT10485,Kanpur Nagar Constituency,Kanpur Nagar,Uttar Pradesh,300000,300000.0,158596.38,completed,730,12-12-2023,2025-12-11,19-01-2026,Zilla Parishad,drinking water,100.0
KA09550,Mysuru Constituency,Mysuru,Karnataka,2000000,2000000.0,836389.74,sanctioned,180,2024-07-12,2025-01-08,,Rural Dev Dept,community hall,
KE09038,Kozhikode Constituency,Kozhikode,Kerala,300000,150000.0,79746.39,stalled,90,2023-06-09,2023-09-07,,Zilla Parishad,road,49.4
RA09506,Jaipur Constituency,Jaipur,Rajasthan,300000,0,0,recommended,730,2023-03-09,2025-03-08,,Jal Nigam,sanitation,
UT09331,Kanpur Nagar Constituency,Kanpur Nagar,Uttar Pradesh,300000,300000.0,369513.4,COMPLETED,365,2023-01-08,2024-01-08,06-03-2024,Zilla Parishad,school,100.0
UT10699,Lucknow Constituency,Lucknow,Uttar Pradesh,500000,500000.0,670868.1,SANCTIONED,90,2024-01-04,2024-04-03,,Rural Dev Dept,road,
MA09154,Pune Constituency,Pune,Maharashtra,2000000,,3409929.65,recommended,90,2024-01-05,2024-04-04,,Zilla Parishad,road,
RA10570,Jaipur Constituency,Jaipur,Rajasthan,1000000,500000.0,435302.32, completed ,270,2024-08-07,2025-05-04,2025-07-06,Zilla Parishad,sanitation,100.0
KE10173,Ernakulam Constituency,Ernakulam,Kerala,500000,500000.0,242219.52, completed ,365,10-02-2023,2024-02-10,2024-05-13,Jal Nigam,irrigation,100.0
BI10769,Gaya Constituency, Gaya,Bihar,1500000,1500000.0,2118106.88,stalled,90,18-10-2023,2024-01-16,,PWD,electricity,70.1
UT10112,Kanpur Nagar Constituency,Kanpur Nagar,Uttar Pradesh,1000000,0,0, recommended ,545,06-09-2023,2025-03-04,,Jal Nigam,road,
KA10760,Belagavi Constituency,Belagavi,Karnataka,750000,750000.0,982887.48,completed,545,2024-02-23,2025-08-21,25-08-2025,Jal Nigam,sanitation,100.0
BI10741,Muzaffarpur Constituency,Muzaffarpur,Bihar,200000,200000.0,83749.44,ongoing,270,07-04-2023,02-01-2024,,PWD,electricity,89.4
AN09028,Krishna Constituency,Krishna,Andhra Pradesh,750000,750000.0,528942.66,COMPLETED,545,21-10-2024,19-04-2026,2026-09-05,Zilla Parishad,drinking water,100.0
BI10763,Patna Constituency,Patna,Bihar,300000,150000.0,145407.54, completed ,90,2023-07-31,2023-10-29,2023-11-18,Rural Dev Dept,school,100.0
BI09653,Muzaffarpur Constituency,Muzaffarpur,Bihar,750000,375000.0,308802.21,stalled,730,2023-10-20,2025-10-19,,Rural Dev Dept,school,78.6
AN09507,Visakhapatnam Constituency,Visakhapatnam,Andhra Pradesh,1500000,1500000.0,1243695.94,sanctioned,270,22-03-2024,2024-12-17,,PWD,electricity,
BI09435,Gaya Constituency,Gaya,Bihar,1500000,1500000.0,1031881.96,stalled,365,2024-05-31,31-05-2025,,Jal Nigam,drinking water,41.5
MA10073,Nagpur Constituency,Nagpur,Maharashtra,2000000,1000000.0,473757.99,ongoing,730,2024-03-04,2026-03-04,,PWD,irrigation,14.6
AN10211,Guntur Constituency,Guntur,Andhra Pradesh,1000000,500000.0,424319.14,ongoing,180,07-09-2023,05-03-2024,,PWD,electricity,49.4
RA09272,Jodhpur Constituency,Jodhpur,Rajasthan,750000,375000.0,227395.81,stalled,270,2023-05-15,09-02-2024,,Zilla Parishad,sanitation,33.2
BI09959,Patna Constituency,Patna,Bihar,500000,,143949.75,stalled,270,09-10-2023,05-07-2024,,Zilla Parishad,irrigation,12.5
AN09091,Guntur Constituency,Guntur,Andhra Pradesh,200000,0,0,recommended,730,24-06-2024,2026-06-24,,Zilla Parishad,school,
BI09359,Patna Constituency,Patna,Bihar,200000,200000.0,181178.23,COMPLETED,545,2024-04-19,16-10-2025,2025-11-19,Zilla Parishad,electricity,100.0
KA09064,Mysuru Constituency,Mysuru,Karnataka,2000000,2000000.0,1326534.52,ongoing,90,2024-01-30,2024-04-29,,Zilla Parishad,road,47.7
BI10678,Gaya Constituency,Gaya,Bihar,200000,100000.0,97675.77,ongoing,365,09-03-2023,2024-03-08,,Jal Nigam,drinking water,82.8
KA10583,Bengaluru Urban Constituency,Bengaluru Urban,Karnataka,500000,250000.0,189566.33,stalled,90,2023-12-08,2024-03-07,,Jal Nigam,drinking water,48.5
WE09736,Kolkata Constituency,Kolkata,West Bengal,200000,200000.0,352293.51,SANCTIONED,270,2023-12-23,2024-09-18,,Jal Nigam,school,
KE09369,Ernakulam Constituency,Ernakulam,Kerala,2000000,2000000.0,3030727.02,sanctioned,180,2024-11-03,2025-05-02,,Jal Nigam,sanitation,
KA10302,Bengaluru Urban Constituency,Bengaluru Urban,Karnataka,2000000,1000000.0,3536665.39,stalled,90,30-06-2024,2024-09-28,,PWD,sanitation,85.8
AN10735,Visakhapatnam Constituency, Visakhapatnam,Andhra Pradesh,2000000,1000000.0,903015.57,ongoing,730,2024-09-03,03-09-2026,,Rural Dev Dept,drinking water,48.1
MA10142,Nagpur Constituency,Nagpur,Maharashtra,2000000,1000000.0,783000.25,ONGOING,270,2024-08-29,2025-05-26,,Jal Nigam,irrigation,11.2
KE10772,Ernakulam Constituency,Ernakulam,Kerala,300000,,693062.77,ongoing,545,2023-11-01,29-04-2025,,Jal Nigam,community hall,69.4
WE10578,Kolkata Constituency,Kolkata,West Bengal,500000,500000.0,696175.68, ongoing ,180,05-10-2024,2025-04-03,,PWD,school,54.8
BI10658,Gaya Constituency,Gaya,Bihar,200000,100000.0,41681.86,ongoing,730,22-09-2023,2025-09-21,,Zilla Parishad,community hall,15.6
WE10709,Kolkata Constituency,Kolkata,West Bengal,500000,500000.0,499663.15,STALLED,365,13-04-2023,2024-04-12,,PWD,drinking water,18.4
TA09560,Madurai Constituency,Madurai,Tamil Nadu,1500000,1500000.0,698535.42,ongoing,545,2024-02-06,04-08-2025,,PWD,irrigation,38.7
AN09147,Krishna Constituency,Krishna,Andhra Pradesh,750000,750000.0,513757.9,COMPLETED,545,2023-12-12,2025-06-09,03-11-2025,Zilla Parishad,irrigation,100.0
KE09741,Kozhikode Constituency,Kozhikode,Kerala,750000,750000.0,456909.8, sanctioned ,270,09-05-2023,2024-02-03,,Rural Dev Dept,irrigation,
BI09316,Patna Constituency,Patna,Bihar,200000,200000.0,176879.14,ongoing,730,2023-02-07,2025-02-06,,Jal Nigam,irrigation,30.9
RA09730,Jodhpur Constituency,Jodhpur,Rajasthan,300000,300000.0,226825.56,ongoing,545,2024-02-16,14-08-2025,,Rural Dev Dept,electricity,32.2
TA09696,Coimbatore Constituency,Coimbatore,Tamil Nadu,1500000,750000.0,700108.08,COMPLETED,545,2024-07-07,03-01-2026,2026-07-08,Rural Dev Dept,electricity,100.0
KE09399,Ernakulam Constituency,Ernakulam,Kerala,1500000,,2518860.97, stalled ,90,29-11-2024,27-02-2025,,PWD,electricity,51.8
RA10284,Jaipur Constituency,Jaipur,Rajasthan,500000,250000.0,126552.22,stalled,545,27-09-2023,2025-03-25,,PWD,school,70.3
MA10742,Pune Constituency,Pune,Maharashtra,1000000,1000000.0,1466350.18,STALLED,270,20-10-2024,2025-07-17,,Zilla Parishad,sanitation,39.2
UT10000,Kanpur Nagar Constituency,Kanpur Nagar,Uttar Pradesh,1000000,1000000.0,448727.09,sanctioned,365,2023-10-05,2024-10-04,,Jal Nigam,drinking water,
UT10716,Lucknow Constituency,Lucknow,Uttar Pradesh,300000,300000.0,167777.7,sanctioned,180,2023-10-23,20-04-2024,,Jal Nigam,electricity,
UT10330,Lucknow Constituency,Lucknow,Uttar Pradesh,1000000,0,1736962.65,RECOMMENDED,545,2023-02-04,2024-08-02,,Rural Dev Dept,sanitation,
TA09049,Madurai Constituency,Madurai,Tamil Nadu,200000,100000.0,57227.0,STALLED,730,2024-10-11,2026-10-11,,Zilla Parishad,road,41.0
KA09825,Bengaluru Urban Constituency,Bengaluru Urban,Karnataka,500000,500000.0,408377.19,ongoing,270,2024-03-21,2024-12-16,,Zilla Parishad,drinking water,21.1
WE10125,Howrah Constituency,Howrah,West Bengal,500000,250000.0,119043.01,stalled,365,2024-11-24,2025-11-24,,Rural Dev Dept,school,31.1
UT09805,Lucknow Constituency,Lucknow,Uttar Pradesh,300000,0,495004.08,recommended,730,2024-03-30,2026-03-30,,Jal Nigam,drinking water,
RA09555,Jodhpur Constituency,Jodhpur,Rajasthan,200000,100000.0,291024.18,stalled,90,2023-09-24,23-12-2023,,Zilla Parishad,sanitation,25.9
UT09107,Lucknow Constituency,Lucknow,Uttar Pradesh,300000,150000.0,62272.07,completed,545,2023-08-18,2025-02-13,2025-05-13,Jal Nigam,road,100.0
BI10750,Gaya Constituency,Gaya,Bihar,750000,375000.0,1165976.45, sanctioned ,545,2023-10-05,2025-04-02,,PWD,drinking water,
AN10620,Krishna Constituency,Krishna,Andhra Pradesh,200000,200000.0,176532.22,ongoing,545,2023-08-01,2025-01-27,,Zilla Parishad,irrigation,94.8
KE10258,Ernakulam Constituency,Ernakulam,Kerala,1500000,750000.0,575273.77,stalled,90,2024-11-22,2025-02-20,,Zilla Parishad,irrigation,72.8
AN09286,Visakhapatnam Constituency,Visakhapatnam,Andhra Pradesh,2000000,2000000.0,2431739.2,SANCTIONED,365,11-06-2023,2024-06-10,,Jal Nigam,electricity,
RA09529,Jaipur Constituency,Jaipur,Rajasthan,300000,0,0,recommended,90,2023-10-07,05-01-2024,,Jal Nigam,sanitation,
BI10184,Patna Constituency, Patna,Bihar,1000000,0,0,RECOMMENDED,365,2023-03-13,2024-03-12,,Rural Dev Dept,community hall,
BI10729,Gaya Constituency,Gaya,Bihar,750000,375000.0,176879.42,ongoing,180,06-03-2024,02-09-2024,,Rural Dev Dept,road,90.2
KA09570,Bengaluru Urban Constituency,Bengaluru Urban,Karnataka,500000,500000.0,347514.24, completed ,90,02-11-2024,31-01-2025,2025-03-22,Rural Dev Dept,community hall,100.0
TA09469,Coimbatore Constituency,Coimbatore,Tamil Nadu,750000,375000.0,243217.14,completed,730,2024-01-06,05-01-2026,2026-04-12,PWD,irrigation,100.0
BI10596,Muzaffarpur Constituency,Muzaffarpur,Bihar,300000,300000.0,261900.56,sanctioned,545,2023-03-10,05-09-2024,,Zilla Parishad,school,
RA09149,Jodhpur Constituency,Jodhpur,Rajasthan,1000000,500000.0,435904.51,completed,365,19-02-2024,18-02-2025,2025-05-22,Rural Dev Dept,school,100.0
AN10640,Guntur Constituency,Guntur,Andhra Pradesh,750000,0,2065099.09,recommended,730,29-05-2023,28-05-2025,,Rural Dev Dept,road,
UT10014,Kanpur Nagar Constituency,Kanpur Nagar,Uttar Pradesh,2000000,0,0, recommended ,270,2024-03-05,2024-11-30,,PWD,drinking water,
RA10127,Jodhpur Constituency,Jodhpur,Rajasthan,200000,200000.0,156480.62,sanctioned,545,20-05-2024,2025-11-16,,Jal Nigam,road,
KA09338,Belagavi Constituency,Belagavi,Karnataka,1500000,0,0,recommended,730,2023-08-30,29-08-2025,,Zilla Parishad,sanitation,
RA10429,Jodhpur Constituency, Jodhpur,Rajasthan,200000,200000.0,148146.18,ongoing,270,2023-12-06,2024-09-01,,Rural Dev Dept,irrigation,53.2
KE10744,Ernakulam Constituency,Ernakulam,Kerala,200000,200000.0,358394.21,stalled,730,2024-06-13,13-06-2026,,Rural Dev Dept,irrigation,21.2
AN10640,Guntur Constituency,Guntur,Andhra Pradesh,750000,0,1265607.08,recommended,730,29-05-2023,28-05-2025,,Rural Dev Dept,road,
KA10444,Mysuru Constituency,Mysuru,Karnataka,1500000,1500000.0,1411133.22,stalled,730,2024-04-29,2026-04-29,,PWD,electricity,10.1
KE10169,Ernakulam Constituency,Ernakulam,Kerala,500000,250000.0,723733.5,SANCTIONED,270,2023-12-15,10-09-2024,,Rural Dev Dept,school,
WE10158,Howrah Constituency,Howrah,West Bengal,1000000,1000000.0,490361.66,stalled,180,2024-01-06,2024-07-04,,PWD,road,43.7
UT10586,Varanasi Constituency,Varanasi,Uttar Pradesh,750000,0,0,recommended,545,2024-04-17,2025-10-14,,Zilla Parishad,drinking water,
BI09165,Muzaffarpur Constituency,Muzaffarpur,Bihar,1000000,,761700.86,STALLED,90,2024-04-02,2024-07-01,,PWD,sanitation,29.0
UT10041,Lucknow Constituency,Lucknow,Uttar Pradesh,300000,0,0,recommended,545,2023-10-23,20-04-2025,,Rural Dev Dept,sanitation,
BI09719,Muzaffarpur Constituency,Muzaffarpur,Bihar,2000000,1000000.0,2723205.73,sanctioned,730,2024-10-24,2026-10-24,,Rural Dev Dept,community hall,
RA09048,Jodhpur Constituency,Jodhpur,Rajasthan,1500000,1500000.0,789948.15,completed,545,2024-05-08,04-11-2025,28-10-2025,Jal Nigam,drinking water,100.0
UT09375,Lucknow Constituency,Lucknow,Uttar Pradesh,2000000,1000000.0,3053257.12, ongoing ,730,2024-02-05,04-02-2026,,Rural Dev Dept,sanitation,12.6
AN09060,Visakhapatnam Constituency,Visakhapatnam,Andhra Pradesh,200000,100000.0,74013.48,ongoing,730,2023-05-14,13-05-2025,,PWD,drinking water,53.9
UT10762,Kanpur Nagar Constituency, Kanpur Nagar,Uttar Pradesh,1000000,1000000.0,405956.35,sanctioned,365,2024-07-23,23-07-2025,,Jal Nigam,school,
TA09479,Coimbatore Constituency,Coimbatore,Tamil Nadu,500000,500000.0,272788.75,sanctioned,90,2023-08-27,2023-11-25,,PWD,school,
KE10317,Kozhikode Constituency,Kozhikode,Kerala,500000,500000.0,466382.51,completed,545,2023-01-04,2024-07-02,13-06-2024,Jal Nigam,drinking water,100.0
KA10650,Belagavi Constituency,Belagavi,Karnataka,2000000,2000000.0,1640875.99,ongoing,545,2024-01-05,2025-07-03,,Zilla Parishad,school,51.4
TA09713,Coimbatore Constituency,Coimbatore,Tamil Nadu,750000,375000.0,1199070.75,sanctioned,270,18-04-2023,2024-01-13,,Jal Nigam,community hall,
TA10632,Chennai Constituency,Chennai,Tamil Nadu,1500000,1500000.0,1691626.77,completed,365,2024-06-29,29-06-2025,2025-10-02,PWD,irrigation,100.0
KA10177,Mysuru Constituency,Mysuru,Karnataka,2000000,2000000.0,1982406.36,stalled,180,2023-10-15,2024-04-12,,PWD,sanitation,45.9
UT09671,Kanpur Nagar Constituency,Kanpur Nagar,Uttar Pradesh,2000000,2000000.0,1538736.16,stalled,365,2023-09-08,07-09-2024,,PWD,road,73.5
KE10624,Ernakulam Constituency,Ernakulam,Kerala,1500000,750000.0,1029459.41, sanctioned ,90,2024-08-10,2024-11-08,,Jal Nigam,drinking water,
TA09878,Chennai Constituency,Chennai,Tamil Nadu,750000,750000.0,340200.95,stalled,545,2023-10-23,20-04-2025,,Rural Dev Dept,sanitation,78.9
AN09454,Visakhapatnam Constituency,Visakhapatnam,Andhra Pradesh,200000,200000.0,181569.04,sanctioned,180,2024-11-05,2025-05-04,,Zilla Parishad,electricity,
BI09789,Patna Constituency,Patna,Bihar,200000,200000.0,109507.32,stalled,270,2024-06-04,2025-03-01,,Rural Dev Dept,sanitation,94.5
KE09820,Ernakulam Constituency, Ernakulam,Kerala,300000,0,0, recommended ,270,26-05-2023,20-02-2024,,Jal Nigam,electricity,
TA10438,Chennai Constituency,Chennai,Tamil Nadu,500000,500000.0,226923.25,stalled,90,2024-03-24,2024-06-22,,Rural Dev Dept,drinking water,34.1
AN10323,Guntur Constituency,Guntur,Andhra Pradesh,200000,200000.0,84596.94,sanctioned,545,22-09-2024,2026-03-21,,Zilla Parishad,road,
WE09174,Howrah Constituency,Howrah,West Bengal,2000000,0,0, recommended ,545,2024-06-08,2025-12-05,,Jal Nigam,school,
UT10585,Lucknow Constituency,Lucknow,Uttar Pradesh,2000000,0,0,RECOMMENDED,90,2023-04-19,2023-07-18,,Rural Dev Dept,drinking water,
AN10562,Krishna Constituency,Krishna,Andhra Pradesh,300000,300000.0,683483.41,stalled,90,2024-02-11,11-05-2024,,Zilla Parishad,community hall,18.0
KA10553,Bengaluru Urban Constituency,Bengaluru Urban,Karnataka,1500000,750000.0,894689.35,completed,365,2023-10-13,2024-10-12,2024-09-21,Jal Nigam,community hall,100.0
BI10204,Gaya Constituency,Gaya,Bihar,750000,0,0,recommended,90,2023-05-11,09-08-2023,,Jal Nigam,sanitation,
AN10051,Guntur Constituency,Guntur,Andhra Pradesh,1000000,1000000.0,930073.93,completed,180,2023-03-25,21-09-2023,2023-11-18,PWD,sanitation,100.0
KE09201,Kozhikode Constituency,Kozhikode,Kerala,300000,0,0, recommended ,180,04-04-2023,01-10-2023,,PWD,community hall,
KE10256,Kozhikode Constituency,Kozhikode,Kerala,200000,100000.0,70506.85,sanctioned,365,2023-09-04,03-09-2024,,PWD,drinking water,
TA10758,Coimbatore Constituency,Coimbatore,Tamil Nadu,1500000,0,0,recommended,730,2023-01-06,2025-01-05,,Jal Nigam,road,
BI10612,Patna Constituency,Patna,Bihar,300000,150000.0,131369.19,ongoing,730,02-12-2023,01-12-2025,,PWD,drinking water,17.8
UT10237,Varanasi Constituency,Varanasi,Uttar Pradesh,200000,,48453.0,completed,180,2024-08-20,16-02-2025,2025-01-19,Rural Dev Dept,community hall,100.0
AN10214,Krishna Constituency,Krishna,Andhra Pradesh,200000,0,0,recommended,730,2023-02-25,2025-02-24,,PWD,irrigation,
AN09810,Krishna Constituency,Krishna,Andhra Pradesh,750000,750000.0,721009.68,COMPLETED,730,2024-08-10,10-08-2026,07-08-2026,PWD,school,100.0
TA09020,Coimbatore Constituency,Coimbatore,Tamil Nadu,750000,0,0,recommended,730,2024-01-19,2026-01-18,,Jal Nigam,road,
UT09931,Varanasi Constituency,Varanasi,Uttar Pradesh,750000,0,0, recommended ,90,13-05-2023,2023-08-11,,PWD,irrigation,
RA09082,Jodhpur Constituency,Jodhpur,Rajasthan,300000,0,0,recommended,270,07-04-2023,2024-01-02,,Rural Dev Dept,road,
TA09250,Coimbatore Constituency,Coimbatore,Tamil Nadu,1500000,1500000.0,652196.47,completed,270,2024-07-08,04-04-2025,2025-09-20,Rural Dev Dept,road,100.0
BI09200,Patna Constituency,Patna,Bihar,750000,750000.0,436165.14,sanctioned,90,2024-04-24,23-07-2024,,Zilla Parishad,community hall,
WE10598,Kolkata Constituency,Kolkata,West Bengal,500000,500000.0,416773.74,SANCTIONED,730,2024-04-18,2026-04-18,,PWD,road,
TA10396,Chennai Constituency,Chennai,Tamil Nadu,500000,250000.0,108305.78, completed ,270,2024-02-29,2024-11-25,2024-12-28,Rural Dev Dept,electricity,100.0
KA10199,Bengaluru Urban Constituency,Bengaluru Urban,Karnataka,300000,300000.0,239069.04,ongoing,730,2024-02-09,2026-02-08,,Rural Dev Dept,electricity,52.6
MA09784,Nagpur Constituency,Nagpur,Maharashtra,200000,200000.0,303858.79,ongoing,90,28-04-2023,2023-07-27,,Rural Dev Dept,drinking water,89.4
RA09670,Jaipur Constituency,Jaipur,Rajasthan,2000000,1000000.0,657685.98, ongoing ,180,2024-05-23,2024-11-19,,Zilla Parishad,irrigation,91.7
BI09668,Muzaffarpur Constituency,Muzaffarpur,Bihar,200000,100000.0,70929.4,SANCTIONED,270,2024-06-06,03-03-2025,,Jal Nigam,drinking water,
BI09220,Gaya Constituency, Gaya,Bihar,1000000,,285500.4,SANCTIONED,730,2024-08-02,02-08-2026,,Rural Dev Dept,irrigation,
AN10161,Visakhapatnam Constituency,Visakhapatnam,Andhra Pradesh,1500000,1500000.0,909081.92,completed,270,2023-03-22,2023-12-17,2023-11-29,Jal Nigam,irrigation,100.0
UT10373,Lucknow Constituency,Lucknow,Uttar Pradesh,750000,0,0, recommended ,180,2024-05-18,2024-11-14,,Jal Nigam,community hall,
AN10159,Krishna Constituency, Krishna,Andhra Pradesh,2000000,0,0,recommended,90,2024-11-29,2025-02-27,,Jal Nigam,irrigation,
BI09574,Gaya Constituency,Gaya,Bihar,300000,0,0,recommended,545,12-04-2024,2025-10-09,,Jal Nigam,school,
KE09434,Ernakulam Constituency,Ernakulam,Kerala,1000000,1000000.0,640582.08,sanctioned,180,2023-04-21,2023-10-18,,Zilla Parishad,drinking water,
UT10605,Varanasi Constituency,Varanasi,Uttar Pradesh,1500000,0,0,recommended,365,07-05-2024,07-05-2025,,Zilla Parishad,community hall,
UT09559,Lucknow Constituency,Lucknow,Uttar Pradesh,2000000,0,0,RECOMMENDED,270,01-01-2023,2023-09-28,,PWD,sanitation,
AN09134,Visakhapatnam Constituency,Visakhapatnam,Andhra Pradesh,1000000,1000000.0,762258.56,STALLED,730,2023-03-02,01-03-2025,,Jal Nigam,irrigation,31.2
KA09233,Belagavi Constituency,Belagavi,Karnataka,2000000,,518995.98,completed,545,2024-03-07,03-09-2025,2026-01-20,Zilla Parishad,road,100.0
AN10326,Krishna Constituency,Krishna,Andhra Pradesh,500000,250000.0,168934.99,completed,90,2023-03-17,2023-06-15,2023-09-16,Jal Nigam,drinking water,100.0
WE10565,Howrah Constituency,Howrah,West Bengal,300000,300000.0,286688.88,sanctioned,180,11-04-2023,2023-10-08,,Jal Nigam,road,
UT09366,Varanasi Constituency,Varanasi,Uttar Pradesh,200000,0,0,recommended,365,2024-11-29,2025-11-29,,Jal Nigam,irrigation,
TA10002,Chennai Constituency,Chennai,Tamil Nadu,500000,250000.0,166051.69,ongoing,90,06-10-2023,2024-01-04,,Jal Nigam,irrigation,16.9
MA09376,Pune Constituency,Pune,Maharashtra,2000000,0,0,recommended,270,20-01-2024,16-10-2024,,PWD,drinking water,
TA10666,Chennai Constituency,Chennai,Tamil Nadu,200000,200000.0,145956.36,COMPLETED,90,16-12-2023,2024-03-15,2024-04-14,PWD,irrigation,100.0
BI09893,Gaya Constituency,Gaya,Bihar,300000,150000.0,132068.39,sanctioned,180,2023-01-04,03-07-2023,,PWD,drinking water,
WE09656,Howrah Constituency,Howrah,West Bengal,300000,300000.0,128622.75,completed,180,19-10-2024,17-04-2025,2025-06-29,Jal Nigam,drinking water,100.0
BI10155,Patna Constituency,Patna,Bihar,500000,500000.0,490949.0, stalled ,90,2024-10-24,2025-01-22,,Jal Nigam,irrigation,48.9
TA09313,Madurai Constituency,Madurai,Tamil Nadu,1500000,1500000.0,1049710.69,completed,545,2024-04-03,30-09-2025,2025-12-04,Jal Nigam,school,100.0
BI10724,Muzaffarpur Constituency,Muzaffarpur,Bihar,750000,,309197.03,stalled,270,10-01-2024,2024-10-06,,Rural Dev Dept,sanitation,86.0
RA09319,Jodhpur Constituency,Jodhpur,Rajasthan,1000000,1000000.0,677045.45,completed,270,2023-10-20,2024-07-16,2024-06-29,Zilla Parishad,electricity,100.0
WE09423,Kolkata Constituency,Kolkata,West Bengal,500000,500000.0,305368.33,ongoing,730,2023-12-10,2025-12-09,,Rural Dev Dept,drinking water,89.8
AN09896,Visakhapatnam Constituency,Visakhapatnam,Andhra Pradesh,300000,300000.0,142474.4,stalled,270,2023-05-05,30-01-2024,,Rural Dev Dept,community hall,53.2
KE10381,Ernakulam Constituency,Ernakulam,Kerala,1000000,1000000.0,899223.13,completed,365,06-06-2024,2025-06-06,2025-06-04,Jal Nigam,sanitation,100.0
UT09839,Kanpur Nagar Constituency,Kanpur Nagar,Uttar Pradesh,2000000,0,3541235.49,recommended,180,14-09-2024,2025-03-13,,PWD,electricity,
KE10115,Ernakulam Constituency,Ernakulam,Kerala,500000,500000.0,844622.63,stalled,180,2024-10-12,2025-04-10,,Zilla Parishad,school,70.3
AN09771,Visakhapatnam Constituency,Visakhapatnam,Andhra Pradesh,1500000,1500000.0,622371.46,ongoing,90,2023-06-13,11-09-2023,,Zilla Parishad,school,61.8
RA09744,Jaipur Constituency,Jaipur,Rajasthan,1500000,1500000.0,1229281.2,stalled,270,17-09-2024,2025-06-14,,Zilla Parishad,electricity,81.4
AN09641,Guntur Constituency,Guntur,Andhra Pradesh,1500000,750000.0,513589.65,sanctioned,90,2023-02-01,2023-05-02,,Jal Nigam,drinking water,
AN09585,Visakhapatnam Constituency,Visakhapatnam,Andhra Pradesh,500000,0,0,recommended,730,16-02-2024,15-02-2026,,Jal Nigam,irrigation,
AN10393,Krishna Constituency,Krishna,Andhra Pradesh,750000,375000.0,201514.41,completed,90,2023-11-28,2024-02-26,2024-06-05,Rural Dev Dept,road,100.0
UT10274,Lucknow Constituency,Lucknow,Uttar Pradesh,2000000,0,0,recommended,545,2024-04-19,2025-10-16,,Rural Dev Dept,irrigation,
KA10681,Mysuru Constituency,Mysuru,Karnataka,2000000,,538283.62,ongoing,365,2024-01-24,23-01-2025,,Jal Nigam,electricity,45.1
UT09853,Kanpur Nagar Constituency,Kanpur Nagar,Uttar Pradesh,1000000,1000000.0,521092.96,ONGOING,365,2024-05-22,2025-05-22,,Zilla Parishad,electricity,34.8
UT10102,Varanasi Constituency,Varanasi,Uttar Pradesh,300000,150000.0,114314.33, sanctioned ,365,2024-05-16,2025-05-16,,PWD,sanitation,
MA10287,Nagpur Constituency,Nagpur,Maharashtra,1500000,1500000.0,745053.31,completed,270,2024-07-22,18-04-2025,26-05-2025,Rural Dev Dept,school,100.0
TA10472,Madurai Constituency,Madurai,Tamil Nadu,1500000,1500000.0,1468420.83,stalled,180,2023-09-12,2024-03-10,,PWD,school,11.8
TA10367,Coimbatore Constituency,Coimbatore,Tamil Nadu,1500000,1500000.0,1338217.75,ONGOING,270,2023-12-03,29-08-2024,,Zilla Parishad,sanitation,33.1
UT09760,Kanpur Nagar Constituency,Kanpur Nagar,Uttar Pradesh,1000000,,0, recommended ,90,2024-01-28,2024-04-27,,Jal Nigam,drinking water,
TA09381,Coimbatore Constituency,Coimbatore,Tamil Nadu,300000,300000.0,521045.8,ongoing,180,2023-09-26,24-03-2024,,PWD,road,88.3
MA09912,Pune Constituency,Pune,Maharashtra,200000,200000.0,294169.24, completed ,730,10-01-2024,2026-01-09,2026-07-05,Zilla Parishad,road,100.0
BI09484,Muzaffarpur Constituency,Muzaffarpur,Bihar,750000,0,1226348.6, recommended ,90,07-04-2023,2023-07-06,,Rural Dev Dept,road,
UT10749,Kanpur Nagar Constituency,Kanpur Nagar,Uttar Pradesh,200000,100000.0,176092.37,stalled,365,2023-12-30,2024-12-29,,Jal Nigam,drinking water,71.1
KA09119,Mysuru Constituency, Mysuru,Karnataka,300000,300000.0,189965.83,sanctioned,365,2024-11-20,20-11-2025,,Rural Dev Dept,sanitation,
TA09384,Madurai Constituency,Madurai,Tamil Nadu,2000000,2000000.0,1742971.86,sanctioned,545,2023-08-27,2025-02-22,,Jal Nigam,irrigation,
TA10775,Madurai Constituency, Madurai,Tamil Nadu,2000000,2000000.0,1079852.16,stalled,270,14-08-2023,2024-05-10,,PWD,road,78.3
RA09809,Jodhpur Constituency,Jodhpur,Rajasthan,1500000,750000.0,513572.69,completed,545,2024-07-02,29-12-2025,2026-02-07,Zilla Parishad,school,100.0
UT09561,Kanpur Nagar Constituency,Kanpur Nagar,Uttar Pradesh,1000000,0,0,recommended,730,2024-09-16,2026-09-16,,Rural Dev Dept,sanitation,
KA09815,Belagavi Constituency,Belagavi,Karnataka,1000000,1000000.0,957778.36,completed,365,15-02-2023,15-02-2024,2024-06-11,Rural Dev Dept,irrigation,100.0
MA09148,Nagpur Constituency,Nagpur,Maharashtra,300000,300000.0,170495.8,sanctioned,90,08-05-2024,2024-08-06,,Zilla Parishad,sanitation,
AN09394,Guntur Constituency,Guntur,Andhra Pradesh,500000,0,0,recommended,270,2024-02-11,07-11-2024,,Jal Nigam,drinking water,
AN09247,Visakhapatnam Constituency,Visakhapatnam,Andhra Pradesh,750000,750000.0,1147971.65,ongoing,180,15-08-2023,2024-02-11,,Zilla Parishad,sanitation,62.0
TA10511,Coimbatore Constituency,,Tamil Nadu,2000000,,0, recommended ,365,2024-04-28,2025-04-28,,Jal Nigam,sanitation,
AN10645,Krishna Constituency,Krishna,Andhra Pradesh,750000,750000.0,1077033.2,sanctioned,545,2023-04-08,2024-10-04,,Jal Nigam,electricity,
TA10265,Chennai Constituency,Chennai,Tamil Nadu,300000,150000.0,112439.16, completed ,730,28-01-2023,27-01-2025,27-07-2025,PWD,community hall,100.0
KA09623,Belagavi Constituency,Belagavi,Karnataka,200000,200000.0,86476.2,ongoing,270,2023-12-28,2024-09-23,,PWD,road,90.7
KA10659,Belagavi Constituency,Belagavi,Karnataka,750000,750000.0,1422427.07,completed,90,2023-04-16,2023-07-15,2023-11-22,PWD,road,100.0
UT09495,Kanpur Nagar Constituency,Kanpur Nagar,Uttar Pradesh,1500000,1500000.0,687475.81,stalled,545,2023-07-05,2024-12-31,,Jal Nigam,community hall,35.1
WE10510,Howrah Constituency,,West Bengal,2000000,2000000.0,1652546.68,stalled,545,2024-07-01,2025-12-28,,Zilla Parishad,school,33.0
TA09882,Coimbatore Constituency,Coimbatore,Tamil Nadu,750000,375000.0,1044302.01,sanctioned,270,16-07-2023,2024-04-11,,Rural Dev Dept,drinking water,
KE09995,Ernakulam Constituency,Ernakulam,Kerala,1000000,0,0, recommended ,545,2024-10-30,28-04-2026,,PWD,community hall,
UT09046,Varanasi Constituency,Varanasi,Uttar Pradesh,300000,,423544.69,stalled,365,2023-01-08,2024-01-08,,PWD,sanitation,81.7
KA10437,Belagavi Constituency,Belagavi,Karnataka,200000,200000.0,146553.38,completed,730,18-12-2023,2025-12-17,2026-02-11,Rural Dev Dept,sanitation,100.0
BI10566,Muzaffarpur Constituency,Muzaffarpur,Bihar,1000000,0,1234946.69,recommended,365,04-09-2023,03-09-2024,,Zilla Parishad,road,
WE09252,Kolkata Constituency,Kolkata,West Bengal,200000,0,0,recommended,180,2023-07-28,2024-01-24,,Rural Dev Dept,school,
KA10440,Mysuru Constituency,Mysuru,Karnataka,750000,0,0,recommended,90,2024-01-05,2024-04-04,,Rural Dev Dept,road,
WE09115,Howrah Constituency,Howrah,West Bengal,200000,100000.0,78194.06, stalled ,180,05-06-2024,2024-12-02,,Jal Nigam,drinking water,80.2
BI09240,Muzaffarpur Constituency,Muzaffarpur,Bihar,1000000,1000000.0,700908.99,SANCTIONED,365,04-11-2023,03-11-2024,,Rural Dev Dept,community hall,
KA10623,Belagavi Constituency,Belagavi,Karnataka,200000,100000.0,58751.96, completed ,545,07-06-2023,2024-12-03,2025-04-22,Zilla Parishad,irrigation,100.0
KA09548,Bengaluru Urban Constituency,Bengaluru Urban,Karnataka,2000000,2000000.0,1575240.65,ongoing,270,2023-10-29,2024-07-25,,PWD,drinking water,94.1
UT09486,Kanpur Nagar Constituency,Kanpur Nagar,Uttar Pradesh,1000000,1000000.0,894056.72,sanctioned,270,21-03-2023,2023-12-16,,PWD,electricity,
WE10448,Kolkata Constituency,Kolkata,West Bengal,200000,100000.0,86557.43,ONGOING,90,2024-04-19,2024-07-18,,Jal Nigam,sanitation,27.0
MA10247,Pune Constituency, Pune,Maharashtra,300000,0,0,recommended,90,2023-01-10,2023-04-10,,PWD,drinking water,
KA09437,Belagavi Constituency,Belagavi,Karnataka,1000000,0,0,recommended,730,2024-08-08,08-08-2026,,PWD,sanitation,
KE10233,Ernakulam Constituency,Ernakulam,Kerala,1500000,0,0, recommended ,270,2024-10-20,2025-07-17,,PWD,sanitation,
KA09876,Mysuru Constituency,Mysuru,Karnataka,300000,150000.0,103556.73,SANCTIONED,730,2024-12-01,2026-12-01,,PWD,electricity,
KA10508,Belagavi Constituency,,Karnataka,500000,500000.0,234198.4,stalled,365,27-03-2023,2024-03-26,,PWD,community hall,38.1
TA10737,Chennai Constituency,Chennai,Tamil Nadu,500000,500000.0,319133.82,COMPLETED,365,2023-01-22,22-01-2024,2024-05-16,Zilla Parishad,electricity,100.0
UT10712,Varanasi Constituency, Varanasi,Uttar Pradesh,200000,200000.0,119259.75,completed,180,2024-11-02,2025-05-01,2025-04-07,PWD,irrigation,100.0
UT10097,Kanpur Nagar Constituency,Kanpur Nagar,Uttar Pradesh,1000000,1000000.0,705906.45,stalled,90,03-11-2024,2025-02-01,,Rural Dev Dept,community hall,14.3
UT09418,Kanpur Nagar Constituency,Kanpur Nagar,Uttar Pradesh,300000,300000.0,120072.84,STALLED,365,2024-10-30,2025-10-30,,Jal Nigam,electricity,88.3
UT09498,Kanpur Nagar Constituency,Kanpur Nagar,Uttar Pradesh,200000,200000.0,187979.99,ongoing,180,2023-03-11,07-09-2023,,Rural Dev Dept,road,74.4
WE10709,Kolkata Constituency,Kolkata,West Bengal,500000,500000.0,825093.21,STALLED,365,13-04-2023,2024-04-12,,PWD,drinking water,18.4
TA09488,Chennai Constituency,Chennai,Tamil Nadu,1500000,750000.0,514074.39,completed,545,2023-07-30,2025-01-25,2025-01-31,PWD,school,100.0
TA09627,Chennai Constituency,Chennai,Tamil Nadu,1500000,1500000.0,795547.09,ONGOING,545,2024-06-24,21-12-2025,,PWD,irrigation,24.0
KA09034,Belagavi Constituency,Belagavi,Karnataka,500000,0,0, recommended ,270,2023-09-30,2024-06-26,,PWD,school,
RA10052,Jodhpur Constituency,Jodhpur,Rajasthan,500000,500000.0,362374.71,completed,545,2023-01-22,2024-07-20,09-08-2024,PWD,school,100.0
AN09362,Guntur Constituency,Guntur,Andhra Pradesh,500000,250000.0,161600.48,completed,730,2023-12-02,2025-12-01,27-04-2026,Rural Dev Dept,community hall,100.0
KA10759,Belagavi Constituency,Belagavi,Karnataka,1000000,500000.0,225236.78,stalled,180,2024-02-14,2024-08-12,,Jal Nigam,electricity,13.0
TA10234,Chennai Constituency,Chennai,Tamil Nadu,200000,100000.0,56877.56,ongoing,180,2024-10-23,2025-04-21,,PWD,school,70.8
BI09962,Muzaffarpur Constituency,Muzaffarpur,Bihar,1000000,1000000.0,421145.42,ongoing,545,2023-03-22,2024-09-17,,Zilla Parishad,community hall,37.9
KE09047,Ernakulam Constituency,Ernakulam,Kerala,750000,375000.0,261275.5,sanctioned,180,2023-08-19,2024-02-15,,Zilla Parishad,school,
TA09907,Madurai Constituency,Madurai,Tamil Nadu,300000,300000.0,223591.74,ongoing,365,2023-11-30,29-11-2024,,PWD,school,45.2
KA10711,Belagavi Constituency,Belagavi,Karnataka,750000,375000.0,1023028.04,SANCTIONED,270,2023-01-03,2023-09-30,,Jal Nigam,drinking water,
UT10605,Varanasi Constituency,Varanasi,Uttar Pradesh,1500000,0,1000.0,recommended,365,07-05-2024,07-05-2025,,Zilla Parishad,community hall,
WE09746,Kolkata Constituency,Kolkata,West Bengal,500000,500000.0,703225.58,sanctioned,270,2023-02-16,2023-11-13,,PWD,electricity,
UT09114,Kanpur Nagar Constituency,Kanpur Nagar,Uttar Pradesh,2000000,1000000.0,3038139.14,SANCTIONED,270,2023-05-01,2024-01-26,,Rural Dev Dept,road,
UT10404,Kanpur Nagar Constituency,Kanpur Nagar,Uttar Pradesh,500000,250000.0,817365.77,ONGOING,365,2024-08-28,2025-08-28,,PWD,drinking water,34.0
RA10651,Jodhpur Constituency,Jodhpur,Rajasthan,750000,750000.0,639540.74,ONGOING,730,2024-04-23,2026-04-23,,Rural Dev Dept,road,76.3
MA10030,Pune Constituency,Pune,Maharashtra,1000000,1000000.0,474884.82, completed ,545,2023-12-19,2025-06-16,2025-05-25,Jal Nigam,sanitation,100.0
KA10552,Belagavi Constituency,Belagavi,Karnataka,750000,0,0,RECOMMENDED,545,2023-10-04,2025-04-01,,PWD,irrigation,
RA09733,Jaipur Constituency,Jaipur,Rajasthan,300000,0,0, recommended ,365,2024-01-31,2025-01-30,,Zilla Parishad,community hall,
KA09222,Mysuru Constituency,Mysuru,Karnataka,1500000,0,0,RECOMMENDED,270,2023-11-26,22-08-2024,,PWD,sanitation,
TA09622,Madurai Constituency,Madurai,Tamil Nadu,2000000,0,0,recommended,545,2023-10-07,2025-04-04,,PWD,sanitation,
WE09842,Howrah Constituency,Howrah,West Bengal,300000,0,420646.67,recommended,180,09-09-2024,08-03-2025,,PWD,drinking water,
RA10651,Jodhpur Constituency,Jodhpur,Rajasthan,750000,750000.0,356051.23,ONGOING,730,2024-04-23,2026-04-23,,Rural Dev Dept,road,76.3
AN10523,Krishna Constituency,,Andhra Pradesh,750000,750000.0,408365.67, sanctioned ,365,2023-09-16,2024-09-15,,Zilla Parishad,road,
RA09189,Jodhpur Constituency,Jodhpur,Rajasthan,1000000,500000.0,312501.61,stalled,730,20-05-2023,2025-05-19,,Zilla Parishad,community hall,77.2
BI09072,Muzaffarpur Constituency,Muzaffarpur,Bihar,200000,0,295951.29, recommended ,270,2023-08-31,2024-05-27,,PWD,road,
UT10149,Kanpur Nagar Constituency,Kanpur Nagar,Uttar Pradesh,1500000,750000.0,2309661.3, ongoing ,365,2024-05-03,2025-05-03,,Zilla Parishad,electricity,33.8
BI10596,Muzaffarpur Constituency,Muzaffarpur,Bihar,300000,300000.0,397824.42,sanctioned,545,2023-03-10,05-09-2024,,Zilla Parishad,school,
KE10197,Kozhikode Constituency,Kozhikode,Kerala,750000,375000.0,314082.22,sanctioned,270,2023-03-10,2023-12-05,,PWD,irrigation,
BI09238,Muzaffarpur Constituency,Muzaffarpur,Bihar,1500000,1500000.0,883036.52, ongoing ,365,29-11-2023,28-11-2024,,Rural Dev Dept,irrigation,28.7
KA09776,Belagavi Constituency,Belagavi,Karnataka,750000,750000.0,683590.4,ongoing,730,19-11-2024,2026-11-19,,Rural Dev Dept,community hall,24.4
UT09208,Kanpur Nagar Constituency,Kanpur Nagar,Uttar Pradesh,200000,200000.0,120700.58, completed ,90,2024-02-21,21-05-2024,2024-08-16,Jal Nigam,community hall,100.0
MA10582,Nagpur Constituency,Nagpur,Maharashtra,750000,750000.0,1211927.37,STALLED,270,2024-02-11,2024-11-07,,Zilla Parishad,school,39.7
BI10526,Muzaffarpur Constituency,,Bihar,200000,200000.0,194534.38, ongoing ,270,2023-10-13,2024-07-09,,Jal Nigam,irrigation,50.4
AN09039,Guntur Constituency,Guntur,Andhra Pradesh,500000,250000.0,134703.1,completed,180,2024-07-17,2025-01-13,2025-06-19,Rural Dev Dept,electricity,100.0
KE10185,Kozhikode Constituency,Kozhikode,Kerala,750000,750000.0,698530.88,SANCTIONED,365,22-11-2023,21-11-2024,,Jal Nigam,irrigation,
KA10295,Belagavi Constituency, Belagavi,Karnataka,300000,0,0,recommended,90,29-06-2023,27-09-2023,,Zilla Parishad,school,
BI10696,Gaya Constituency,Gaya,Bihar,750000,750000.0,593901.16,ongoing,180,2023-10-14,2024-04-11,,Rural Dev Dept,community hall,70.8
BI10328,Gaya Constituency,Gaya,Bihar,2000000,,0,recommended,270,2024-05-15,2025-02-09,,Zilla Parishad,school,
BI10773,Patna Constituency,Patna,Bihar,750000,0,1313925.43,recommended,545,2024-01-19,17-07-2025,,Jal Nigam,drinking water,
KA09978,Mysuru Constituency,Mysuru,Karnataka,500000,500000.0,250445.53,ongoing,180,2023-09-15,2024-03-13,,Rural Dev Dept,sanitation,26.2
UT09642,Lucknow Constituency,Lucknow,Uttar Pradesh,2000000,2000000.0,1348560.47, sanctioned ,270,2024-10-15,2025-07-12,,Jal Nigam,community hall,
UT10266,Varanasi Constituency,Varanasi,Uttar Pradesh,300000,300000.0,360096.85,stalled,545,2024-06-28,2025-12-25,,Zilla Parishad,sanitation,68.8
BI09969,Gaya Constituency,Gaya,Bihar,200000,100000.0,253376.98,STALLED,90,2023-12-08,2024-03-07,,PWD,electricity,28.0
MA09109,Pune Constituency,Pune,Maharashtra,1000000,1000000.0,480120.92,sanctioned,365,03-02-2023,2024-02-03,,Jal Nigam,road,
UT10585,Lucknow Constituency,Lucknow,Uttar Pradesh,2000000,0,1000.0,RECOMMENDED,90,2023-04-19,2023-07-18,,Rural Dev Dept,drinking water,
BI09986,Muzaffarpur Constituency,Muzaffarpur,Bihar,300000,300000.0,184812.91, stalled ,180,2023-01-23,22-07-2023,,Jal Nigam,school,74.8
TA09537,Madurai Constituency,Madurai,Tamil Nadu,300000,300000.0,238438.76,completed,730,2024-08-20,20-08-2026,2027-02-04,Jal Nigam,road,100.0
RA09389,Jodhpur Constituency,Jodhpur,Rajasthan,500000,250000.0,239816.67,STALLED,365,2024-07-16,16-07-2025,,Jal Nigam,sanitation,53.5
TA09127,Chennai Constituency,Chennai,Tamil Nadu,1000000,1000000.0,532018.97,completed,180,2023-06-20,2023-12-17,2024-03-15,PWD,irrigation,100.0
KE10398,Ernakulam Constituency,Ernakulam,Kerala,500000,0,646105.85,RECOMMENDED,270,2024-11-03,31-07-2025,,Rural Dev Dept,school,
KA10727,Belagavi Constituency,Belagavi,Karnataka,1500000,1500000.0,1119390.9,ongoing,365,2024-01-04,2025-01-03,,Jal Nigam,drinking water,64.8
UT09194,Kanpur Nagar Constituency,Kanpur Nagar,Uttar Pradesh,500000,500000.0,387124.76,stalled,730,19-09-2023,2025-09-18,,Rural Dev Dept,drinking water,51.5
AN10378,Visakhapatnam Constituency,Visakhapatnam,Andhra Pradesh,200000,200000.0,277891.28,stalled,545,2023-11-28,26-05-2025,,Rural Dev Dept,sanitation,42.2
UT09337,Kanpur Nagar Constituency,Kanpur Nagar,Uttar Pradesh,1000000,500000.0,1248056.21,ongoing,365,08-03-2023,2024-03-07,,Zilla Parishad,irrigation,78.2
UT09490,Lucknow Constituency,Lucknow,Uttar Pradesh,300000,0,0,recommended,180,2024-07-21,17-01-2025,,Rural Dev Dept,road,
MA10491,Pune Constituency,Pune,Maharashtra,750000,375000.0,1158860.96,stalled,730,2023-06-22,21-06-2025,,Rural Dev Dept,drinking water,22.8
KA10289,Mysuru Constituency,Mysuru,Karnataka,200000,100000.0,65268.38,ongoing,365,2023-06-16,2024-06-15,,Jal Nigam,irrigation,49.8
UT10675,Lucknow Constituency,Lucknow,Uttar Pradesh,300000,0,1000.0,recommended,90,2024-10-21,19-01-2025,,Jal Nigam,sanitation,
TA10543,Madurai Constituency,,Tamil Nadu,500000,250000.0,175560.5,stalled,270,23-12-2023,2024-09-18,,Rural Dev Dept,school,38.5
TA09481,Madurai Constituency,Madurai,Tamil Nadu,2000000,2000000.0,924241.19,ongoing,180,2024-11-16,2025-05-15,,Zilla Parishad,irrigation,76.5
MA10060,Nagpur Constituency,Nagpur,Maharashtra,1500000,0,0,RECOMMENDED,365,2024-02-10,2025-02-09,,Zilla Parishad,school,
TA10186,Coimbatore Constituency,Coimbatore,Tamil Nadu,300000,150000.0,73591.37,completed,365,2024-05-14,14-05-2025,2025-09-26,PWD,school,100.0
KA09071,Mysuru Constituency,Mysuru,Karnataka,500000,250000.0,198831.71,ongoing,90,2023-03-09,2023-06-07,,Rural Dev Dept,community hall,49.2
AN09659,Guntur Constituency,Guntur,Andhra Pradesh,1500000,,575390.34,stalled,270,2023-07-29,24-04-2024,,Rural Dev Dept,electricity,48.6
TA09791,Chennai Constituency,Chennai,Tamil Nadu,1500000,1500000.0,1458456.99,sanctioned,90,11-07-2024,2024-10-09,,Rural Dev Dept,electricity,
AN10577,Visakhapatnam Constituency, Visakhapatnam,Andhra Pradesh,1500000,750000.0,515252.72, stalled ,270,2023-07-21,2024-04-16,,Zilla Parishad,electricity,83.3
KA10619,Bengaluru Urban Constituency,Bengaluru Urban,Karnataka,750000,750000.0,404578.55,ongoing,270,05-05-2023,30-01-2024,,Rural Dev Dept,community hall,55.6
KA10254,Mysuru Constituency,Mysuru,Karnataka,750000,750000.0,545620.83,ongoing,90,2023-11-07,2024-02-05,,PWD,sanitation,86.6
RA10563,Jodhpur Constituency,Jodhpur,Rajasthan,1500000,1500000.0,2236613.72,COMPLETED,545,2024-09-10,2026-03-09,2026-06-17,PWD,sanitation,100.0
TA09314,Chennai Constituency,Chennai,Tamil Nadu,1500000,1500000.0,694476.31,ongoing,730,2024-08-17,2026-08-17,,Jal Nigam,electricity,37.9
TA09329,Chennai Constituency, Chennai,Tamil Nadu,750000,0,0,RECOMMENDED,90,2023-09-23,2023-12-22,,Rural Dev Dept,drinking water,
KA09421,Belagavi Constituency,Belagavi,Karnataka,300000,0,0,recommended,545,24-02-2023,2024-08-22,,Rural Dev Dept,electricity,
TA10413,Madurai Constituency, Madurai,Tamil Nadu,200000,200000.0,91178.99,STALLED,270,2023-05-10,2024-02-04,,Rural Dev Dept,sanitation,78.2
TA09592,Madurai Constituency,Madurai,Tamil Nadu,2000000,2000000.0,2454595.82, completed ,365,2023-03-25,24-03-2024,2024-06-05,Rural Dev Dept,road,100.0
BI10122,Patna Constituency,Patna,Bihar,200000,200000.0,113978.93,completed,545,2023-12-06,2025-06-03,2025-11-22,Rural Dev Dept,drinking water,100.0
UT09415,Lucknow Constituency,Lucknow,Uttar Pradesh,500000,500000.0,890320.06,completed,90,2023-05-07,05-08-2023,2023-12-18,Rural Dev Dept,electricity,100.0
RA10209,Jodhpur Constituency,Jodhpur,Rajasthan,200000,200000.0,285370.19,ongoing,270,2023-02-09,2023-11-06,,Jal Nigam,school,60.2
KE10502,Kozhikode Constituency,,Kerala,1000000,1000000.0,629320.96,ongoing,545,2023-04-26,2024-10-22,,PWD,school,54.1
BI10275,Muzaffarpur Constituency,Muzaffarpur,Bihar,750000,750000.0,699521.13,SANCTIONED,270,02-03-2024,2024-11-27,,PWD,community hall,
WE10680,Kolkata Constituency,Kolkata,West Bengal,300000,300000.0,437584.72, completed ,545,25-11-2024,24-05-2026,2026-08-05,PWD,road,100.0
UT09105,Varanasi Constituency,Varanasi,Uttar Pradesh,1000000,500000.0,1359738.14,completed,270,15-07-2024,11-04-2025,2025-09-13,Jal Nigam,sanitation,100.0
RA09075,Jaipur Constituency, Jaipur,Rajasthan,500000,500000.0,422491.69,ongoing,545,2024-08-15,11-02-2026,,Rural Dev Dept,drinking water,61.4
